-- phpMyAdmin SQL Dump
-- version 4.8.5
-- https://www.phpmyadmin.net/
--
-- 主机： localhost
-- 生成日期： 2022-05-18 15:52:07
-- 服务器版本： 8.0.12
-- PHP 版本： 7.3.4

SET SQL_MODE = "NO_AUTO_VALUE_ON_ZERO";
SET AUTOCOMMIT = 0;
START TRANSACTION;
SET time_zone = "+00:00";


/*!40101 SET @OLD_CHARACTER_SET_CLIENT=@@CHARACTER_SET_CLIENT */;
/*!40101 SET @OLD_CHARACTER_SET_RESULTS=@@CHARACTER_SET_RESULTS */;
/*!40101 SET @OLD_COLLATION_CONNECTION=@@COLLATION_CONNECTION */;
/*!40101 SET NAMES utf8mb4 */;

--
-- 数据库： `webmusiccfrspython`
--

-- --------------------------------------------------------

--
-- 表的结构 `auth_group`
--

CREATE TABLE `auth_group` (
  `id` int(11) NOT NULL,
  `name` varchar(150) NOT NULL
) ENGINE=InnoDB DEFAULT CHARSET=utf8;

--
-- 转存表中的数据 `auth_group`
--

INSERT INTO `auth_group` (`id`, `name`) VALUES
(1, 'adminCommon');

-- --------------------------------------------------------

--
-- 表的结构 `auth_group_permissions`
--

CREATE TABLE `auth_group_permissions` (
  `id` int(11) NOT NULL,
  `group_id` int(11) NOT NULL,
  `permission_id` int(11) NOT NULL
) ENGINE=InnoDB DEFAULT CHARSET=utf8;

--
-- 转存表中的数据 `auth_group_permissions`
--

INSERT INTO `auth_group_permissions` (`id`, `group_id`, `permission_id`) VALUES
(1, 1, 1),
(2, 1, 2),
(3, 1, 3),
(4, 1, 4),
(5, 1, 25),
(6, 1, 26),
(7, 1, 27),
(8, 1, 28),
(9, 1, 29),
(10, 1, 30),
(11, 1, 31),
(12, 1, 32),
(13, 1, 33),
(14, 1, 34),
(15, 1, 35),
(16, 1, 36),
(17, 1, 39),
(18, 1, 40),
(19, 1, 43),
(20, 1, 44),
(21, 1, 47),
(22, 1, 48),
(23, 1, 51),
(24, 1, 52),
(25, 1, 55),
(26, 1, 56),
(27, 1, 59),
(28, 1, 60),
(29, 1, 63),
(30, 1, 64);

-- --------------------------------------------------------

--
-- 表的结构 `auth_permission`
--

CREATE TABLE `auth_permission` (
  `id` int(11) NOT NULL,
  `name` varchar(255) NOT NULL,
  `content_type_id` int(11) NOT NULL,
  `codename` varchar(100) NOT NULL
) ENGINE=InnoDB DEFAULT CHARSET=utf8;

--
-- 转存表中的数据 `auth_permission`
--

INSERT INTO `auth_permission` (`id`, `name`, `content_type_id`, `codename`) VALUES
(1, 'Can add log entry', 1, 'add_logentry'),
(2, 'Can change log entry', 1, 'change_logentry'),
(3, 'Can delete log entry', 1, 'delete_logentry'),
(4, 'Can view log entry', 1, 'view_logentry'),
(5, 'Can add permission', 2, 'add_permission'),
(6, 'Can change permission', 2, 'change_permission'),
(7, 'Can delete permission', 2, 'delete_permission'),
(8, 'Can view permission', 2, 'view_permission'),
(9, 'Can add group', 3, 'add_group'),
(10, 'Can change group', 3, 'change_group'),
(11, 'Can delete group', 3, 'delete_group'),
(12, 'Can view group', 3, 'view_group'),
(13, 'Can add user', 4, 'add_user'),
(14, 'Can change user', 4, 'change_user'),
(15, 'Can delete user', 4, 'delete_user'),
(16, 'Can view user', 4, 'view_user'),
(17, 'Can add content type', 5, 'add_contenttype'),
(18, 'Can change content type', 5, 'change_contenttype'),
(19, 'Can delete content type', 5, 'delete_contenttype'),
(20, 'Can view content type', 5, 'view_contenttype'),
(21, 'Can add session', 6, 'add_session'),
(22, 'Can change session', 6, 'change_session'),
(23, 'Can delete session', 6, 'delete_session'),
(24, 'Can view session', 6, 'view_session'),
(25, 'Can add 前台用户', 7, 'add_user'),
(26, 'Can change 前台用户', 7, 'change_user'),
(27, 'Can delete 前台用户', 7, 'delete_user'),
(28, 'Can view 前台用户', 7, 'view_user'),
(29, 'Can add 音乐类型', 16, 'add_type'),
(30, 'Can change 音乐类型', 16, 'change_type'),
(31, 'Can delete 音乐类型', 16, 'delete_type'),
(32, 'Can view 音乐类型', 16, 'view_type'),
(33, 'Can add 音乐', 8, 'add_music'),
(34, 'Can change 音乐', 8, 'change_music'),
(35, 'Can delete 音乐', 8, 'delete_music'),
(36, 'Can view 音乐', 8, 'view_music'),
(37, 'Can add 收藏记录', 12, 'add_collection'),
(38, 'Can change 收藏记录', 12, 'change_collection'),
(39, 'Can delete 收藏记录', 12, 'delete_collection'),
(40, 'Can view 收藏记录', 12, 'view_collection'),
(41, 'Can add 评论记录', 13, 'add_comment'),
(42, 'Can change 评论记录', 13, 'change_comment'),
(43, 'Can delete 评论记录', 13, 'delete_comment'),
(44, 'Can view 评论记录', 13, 'view_comment'),
(45, 'Can add 兴趣标签', 9, 'add_labelrecord'),
(46, 'Can change 兴趣标签', 9, 'change_labelrecord'),
(47, 'Can delete 兴趣标签', 9, 'delete_labelrecord'),
(48, 'Can view 兴趣标签', 9, 'view_labelrecord'),
(49, 'Can add 歌单', 10, 'add_playlist'),
(50, 'Can change 歌单', 10, 'change_playlist'),
(51, 'Can delete 歌单', 10, 'delete_playlist'),
(52, 'Can view 歌单', 10, 'view_playlist'),
(53, 'Can add 歌单详情', 11, 'add_playlistrecord'),
(54, 'Can change 歌单详情', 11, 'change_playlistrecord'),
(55, 'Can delete 歌单详情', 11, 'delete_playlistrecord'),
(56, 'Can view 歌单详情', 11, 'view_playlistrecord'),
(57, 'Can add 评分记录', 15, 'add_scorerecord'),
(58, 'Can change 评分记录', 15, 'change_scorerecord'),
(59, 'Can delete 评分记录', 15, 'delete_scorerecord'),
(60, 'Can view 评分记录', 15, 'view_scorerecord'),
(61, 'Can add 播放记录', 14, 'add_playrecord'),
(62, 'Can change 播放记录', 14, 'change_playrecord'),
(63, 'Can delete 播放记录', 14, 'delete_playrecord'),
(64, 'Can view 播放记录', 14, 'view_playrecord');

-- --------------------------------------------------------

--
-- 表的结构 `auth_user`
--

CREATE TABLE `auth_user` (
  `id` int(11) NOT NULL,
  `password` varchar(128) NOT NULL,
  `last_login` datetime(6) DEFAULT NULL,
  `is_superuser` tinyint(1) NOT NULL,
  `username` varchar(150) NOT NULL,
  `first_name` varchar(150) NOT NULL,
  `last_name` varchar(150) NOT NULL,
  `email` varchar(254) NOT NULL,
  `is_staff` tinyint(1) NOT NULL,
  `is_active` tinyint(1) NOT NULL,
  `date_joined` datetime(6) NOT NULL
) ENGINE=InnoDB DEFAULT CHARSET=utf8;

--
-- 转存表中的数据 `auth_user`
--

INSERT INTO `auth_user` (`id`, `password`, `last_login`, `is_superuser`, `username`, `first_name`, `last_name`, `email`, `is_staff`, `is_active`, `date_joined`) VALUES
(1, 'pbkdf2_sha256$216000$dPAUZnKP7hDh$58ulFVCuNPqly5/oumNcPI3Hp3EmV316gl5aUO59XsY=', '2020-10-20 14:04:49.754302', 1, 'admin', '', '', 'admin@qq.com', 1, 1, '2020-10-19 14:05:30.630835'),
(2, 'pbkdf2_sha256$216000$QeBkksNFytid$sPQOjFSsBOOK2rT4pGpTP7VL52tfSwyQq2RPvaW114o=', '2021-02-28 14:01:07.524921', 0, 'admin1', '', '', '', 1, 1, '2020-10-19 15:34:00.000000');

-- --------------------------------------------------------

--
-- 表的结构 `auth_user_groups`
--

CREATE TABLE `auth_user_groups` (
  `id` int(11) NOT NULL,
  `user_id` int(11) NOT NULL,
  `group_id` int(11) NOT NULL
) ENGINE=InnoDB DEFAULT CHARSET=utf8;

--
-- 转存表中的数据 `auth_user_groups`
--

INSERT INTO `auth_user_groups` (`id`, `user_id`, `group_id`) VALUES
(1, 2, 1);

-- --------------------------------------------------------

--
-- 表的结构 `auth_user_user_permissions`
--

CREATE TABLE `auth_user_user_permissions` (
  `id` int(11) NOT NULL,
  `user_id` int(11) NOT NULL,
  `permission_id` int(11) NOT NULL
) ENGINE=InnoDB DEFAULT CHARSET=utf8;

-- --------------------------------------------------------

--
-- 表的结构 `collection`
--

CREATE TABLE `collection` (
  `id` int(11) NOT NULL COMMENT '主键',
  `userid` int(11) DEFAULT NULL COMMENT '用户主键',
  `musicid` int(11) DEFAULT NULL COMMENT '音乐主键',
  `createtime` varchar(255) DEFAULT NULL COMMENT '添加时间'
) ENGINE=InnoDB DEFAULT CHARSET=utf8 COMMENT='收藏表';

--
-- 转存表中的数据 `collection`
--

INSERT INTO `collection` (`id`, `userid`, `musicid`, `createtime`) VALUES
(1, 1, 148, '2020-02-14 11:12:51'),
(2, 4, 163, '2020-04-16 21:35:42'),
(3, 4, 1, '2020-04-17 21:36:04'),
(5, 4, 167, '2020-10-16 14:41:57'),
(6, 11, 168, '2020-10-18 23:36:28'),
(7, 11, 166, '2020-10-18 23:36:32'),
(12, 4, 161, '2020-10-20 21:54:40'),
(13, 15, 166, '2020-11-14 10:32:51'),
(15, 16, 7, '2021-01-04 09:31:38'),
(16, 16, 6, '2021-01-04 10:24:33'),
(17, 19, 98, '2021-01-08 20:41:40'),
(18, 20, 54, '2021-01-08 20:44:50'),
(19, 26, 167, '2022-05-18 14:33:10'),
(20, 26, 162, '2022-05-18 14:34:23'),
(21, 26, 35, '2022-05-18 15:32:49'),
(22, 26, 83, '2022-05-18 15:33:18'),
(23, 26, 168, '2022-05-18 15:33:53'),
(24, 26, 103, '2022-05-18 15:34:45'),
(25, 26, 165, '2022-05-18 15:35:12'),
(26, 27, 24, '2022-05-18 15:36:21'),
(27, 27, 4, '2022-05-18 15:37:15'),
(28, 27, 167, '2022-05-18 15:38:12'),
(29, 27, 8, '2022-05-18 15:42:13'),
(30, 27, 164, '2022-05-18 15:42:34'),
(31, 27, 7, '2022-05-18 15:43:01'),
(32, 27, 162, '2022-05-18 15:43:27'),
(33, 27, 3, '2022-05-18 15:43:48'),
(34, 27, 133, '2022-05-18 15:44:19'),
(35, 27, 71, '2022-05-18 15:44:33'),
(37, 27, 161, '2022-05-18 15:44:48'),
(38, 27, 99, '2022-05-18 15:45:30'),
(39, 27, 5, '2022-05-18 15:46:01'),
(40, 28, 66, '2022-05-18 15:50:27'),
(41, 28, 148, '2022-05-18 15:50:39'),
(42, 28, 47, '2022-05-18 15:50:54'),
(44, 28, 161, '2022-05-18 15:51:12');

-- --------------------------------------------------------

--
-- 表的结构 `comment`
--

CREATE TABLE `comment` (
  `id` int(11) NOT NULL COMMENT '主键',
  `musicid` int(11) DEFAULT NULL COMMENT '音乐主键',
  `userid` int(11) DEFAULT NULL COMMENT '用户主键',
  `parentid` int(11) DEFAULT NULL COMMENT '父级主键',
  `content` varchar(255) DEFAULT NULL COMMENT '评论内容',
  `createtime` varchar(255) DEFAULT NULL COMMENT '添加时间'
) ENGINE=InnoDB DEFAULT CHARSET=utf8 COMMENT='评论表';

--
-- 转存表中的数据 `comment`
--

INSERT INTO `comment` (`id`, `musicid`, `userid`, `parentid`, `content`, `createtime`) VALUES
(1, 1, 1, NULL, '哈哈哈哈哈哈哈哈哈哈哈哈哈哈哈哈哈哈哈哈哈哈哈哈哈哈哈哈哈哈哈哈哈哈哈哈哈哈哈哈哈哈哈哈哈哈哈哈哈哈哈哈哈哈哈哈哈哈哈哈哈哈哈哈哈哈哈哈哈哈哈哈哈哈哈哈哈哈哈哈哈哈哈哈哈哈哈哈哈哈哈哈哈哈哈哈哈哈哈哈哈哈哈哈哈哈哈哈哈哈哈哈哈哈哈哈哈哈哈哈哈哈哈哈哈哈哈哈哈哈哈哈哈哈哈哈哈哈哈哈哈哈哈哈哈哈哈哈哈哈哈哈哈哈哈哈哈哈哈哈哈哈哈哈哈哈哈哈哈哈哈哈哈哈哈哈哈哈哈哈哈哈哈哈哈哈哈哈哈哈哈哈哈哈哈哈哈哈哈哈哈哈哈哈哈哈哈哈哈哈哈哈哈哈哈哈哈哈哈哈哈哈哈哈哈哈哈哈哈哈哈哈哈哈哈哈哈哈哈哈哈哈哈哈哈哈哈哈哈哈哈哈哈哈哈', '2020-02-14 16:17:42'),
(2, 1, 1, 1, '啊啊啊啊啊啊啊啊啊啊啊啊啊啊啊啊啊啊啊啊啊啊啊啊啊啊啊啊啊啊啊啊啊啊啊啊啊啊啊啊啊啊啊啊啊啊啊啊啊啊啊啊啊啊啊啊啊啊啊啊啊啊啊啊啊啊啊啊啊啊啊啊啊啊啊啊啊啊啊啊啊啊啊啊啊啊啊啊啊啊啊啊啊啊', '2020-02-14 16:18:03'),
(3, 1, 1, NULL, '1', '2020-02-14 16:18:23'),
(4, 1, 1, NULL, '2', '2020-02-14 16:18:25'),
(5, 1, 1, NULL, '3', '2020-02-14 16:18:27'),
(6, 1, 1, NULL, '4', '2020-02-14 16:18:30'),
(7, 1, 1, NULL, '5', '2020-02-14 16:18:32'),
(8, 1, 1, NULL, '6', '2020-02-14 16:18:34'),
(9, 1, 1, NULL, '7', '2020-02-14 16:18:37'),
(10, 1, 1, NULL, '8', '2020-02-14 16:18:39'),
(11, 163, 4, NULL, '这首歌，非常好听！赞', '2020-04-16 16:58:53'),
(12, 163, 4, 11, '赞赞赞', '2020-04-16 16:59:01'),
(13, 163, 4, 12, '恩，顶', '2020-04-16 16:59:22'),
(14, 163, 4, NULL, '123', '2020-04-16 21:36:13'),
(15, 166, 4, NULL, '周董', '2020-04-18 09:41:56'),
(16, 167, 4, NULL, '哈哈哈啊哈哈哈哈哈哈哈哈哈哈啊哈哈哈哈哈哈哈哈哈哈啊哈哈哈哈哈哈哈哈哈哈啊哈哈哈哈哈哈哈哈哈哈啊哈哈哈哈哈哈哈哈哈哈啊哈哈哈哈哈哈哈哈哈哈啊哈哈哈哈哈哈哈哈哈哈啊哈哈哈哈哈哈哈哈哈哈啊哈哈哈哈哈哈哈哈哈哈啊哈哈哈哈哈哈哈哈哈哈啊哈哈哈哈哈哈哈哈哈哈啊哈哈哈哈哈哈哈哈哈哈啊哈哈哈哈哈哈哈哈哈哈啊哈哈哈哈哈哈哈哈哈哈啊哈哈哈哈哈哈哈哈哈哈啊哈哈哈哈哈哈哈哈哈哈啊哈哈哈哈哈哈哈哈哈哈啊哈哈哈哈哈哈哈哈哈哈啊哈哈哈哈哈哈哈哈哈哈啊哈哈哈哈哈哈哈哈哈哈啊哈哈哈哈哈哈哈哈哈哈啊哈哈哈哈哈哈哈哈哈哈啊哈哈哈哈哈哈哈哈哈', '2020-10-16 14:46:20'),
(17, 167, 4, 16, '啊啊啊啊啊啊啊啊啊啊啊啊啊啊啊啊啊啊啊啊啊啊啊啊啊啊啊啊啊啊啊啊啊啊啊啊啊啊啊啊啊啊啊啊啊啊啊啊啊啊啊啊啊啊啊啊啊啊啊啊啊', '2020-10-16 14:46:31'),
(18, 167, 11, NULL, '啊啊啊啊啊啊啊啊啊啊啊啊啊啊啊啊啊啊啊啊啊啊啊啊啊啊啊啊啊啊啊啊啊啊啊啊啊啊啊啊啊啊啊啊啊啊啊啊啊啊啊啊啊啊啊啊啊啊啊啊啊', '2020-10-18 23:50:09'),
(19, 167, 11, 18, '啊啊啊啊啊啊啊啊啊啊啊啊啊啊啊啊啊啊啊啊啊啊啊啊啊啊啊啊啊啊啊啊啊啊啊啊啊啊啊啊啊啊啊啊啊啊啊啊啊啊啊啊啊啊啊啊啊啊啊啊啊', '2020-10-18 23:50:14'),
(20, 167, 11, 18, '挺好的挺好的挺好的挺好的挺好的挺好的挺好的挺好的挺好的挺好的挺好的挺好的挺好的挺好的挺好的挺好的挺好的挺好的挺好的挺好的挺好的挺好的挺好的', '2020-10-18 23:50:31'),
(21, 167, 11, NULL, '还可以还可以还可以还可以还可以还可以还可以还可以还可以还可以还可以还可以1', '2020-10-19 00:12:08'),
(23, 7, 16, NULL, 'lala', '2021-01-04 09:27:39'),
(24, 7, 16, NULL, 'lala', '2021-01-04 09:27:41'),
(25, 7, 16, NULL, 'lala', '2021-01-04 09:27:44'),
(26, 7, 16, NULL, 'lala', '2021-01-04 09:27:45'),
(27, 7, 16, NULL, 'lala', '2021-01-04 09:27:51'),
(28, 168, 21, NULL, '试试', '2021-01-10 18:14:45'),
(29, 168, 21, NULL, '试试', '2021-01-10 18:14:46'),
(30, 168, 21, NULL, '试试', '2021-01-10 18:14:48'),
(31, 168, 21, NULL, '试试', '2021-01-10 18:14:48'),
(32, 168, 21, NULL, '试试', '2021-01-10 18:14:48'),
(33, 168, 26, NULL, 'bucuo', '2022-05-18 15:34:01'),
(34, 103, 26, NULL, '这首歌不错', '2022-05-18 15:34:41'),
(35, 168, 27, NULL, '真不错', '2022-05-18 15:37:48'),
(36, 162, 27, NULL, '不错', '2022-05-18 15:43:33'),
(37, 163, 26, 14, 'bucuo', '2022-05-18 15:47:41'),
(38, 47, 28, NULL, '不错', '2022-05-18 15:51:01');

-- --------------------------------------------------------

--
-- 表的结构 `django_admin_log`
--

CREATE TABLE `django_admin_log` (
  `id` int(11) NOT NULL,
  `action_time` datetime(6) NOT NULL,
  `object_id` longtext,
  `object_repr` varchar(200) NOT NULL,
  `action_flag` smallint(5) UNSIGNED NOT NULL,
  `change_message` longtext NOT NULL,
  `content_type_id` int(11) DEFAULT NULL,
  `user_id` int(11) NOT NULL
) ENGINE=InnoDB DEFAULT CHARSET=utf8;

--
-- 转存表中的数据 `django_admin_log`
--

INSERT INTO `django_admin_log` (`id`, `action_time`, `object_id`, `object_repr`, `action_flag`, `change_message`, `content_type_id`, `user_id`) VALUES
(1, '2020-10-19 14:45:52.023854', '13', '李四', 3, '', 7, 1),
(2, '2020-10-19 14:45:52.056856', '12', '张三', 3, '', 7, 1),
(3, '2020-10-19 14:46:53.310671', 'None', '22', 1, '[{\"added\": {}}]', 7, 1),
(4, '2020-10-19 14:47:09.335578', 'None', '222', 1, '[{\"added\": {}}]', 7, 1),
(5, '2020-10-19 14:47:19.363073', '14', '00', 1, '[{\"added\": {}}]', 7, 1),
(6, '2020-10-19 14:47:53.191574', '14', '00', 2, '[{\"changed\": {\"fields\": [\"\\u5934\\u50cf\"]}}]', 7, 1),
(7, '2020-10-19 15:16:02.927757', 'None', '测试', 1, '[{\"added\": {}}]', 8, 1),
(8, '2020-10-19 15:16:41.928987', '169', '测试音乐', 1, '[{\"added\": {}}]', 8, 1),
(9, '2020-10-19 15:17:29.334699', '169', '测试音乐', 3, '', 8, 1),
(10, '2020-10-19 15:33:32.380782', '1', 'adminCommon', 1, '[{\"added\": {}}]', 3, 1),
(11, '2020-10-19 15:34:05.402671', '2', 'admin1', 1, '[{\"added\": {}}]', 4, 1),
(12, '2020-10-19 15:34:13.717146', '2', 'admin1', 2, '[{\"changed\": {\"fields\": [\"Staff status\", \"Groups\"]}}]', 4, 1),
(13, '2020-10-19 15:37:07.210070', '168', '周杰伦 - 青花瓷', 2, '[]', 8, 2),
(14, '2020-10-19 15:37:10.760273', '168', '周杰伦 - 青花瓷', 2, '[]', 8, 2);

-- --------------------------------------------------------

--
-- 表的结构 `django_content_type`
--

CREATE TABLE `django_content_type` (
  `id` int(11) NOT NULL,
  `app_label` varchar(100) NOT NULL,
  `model` varchar(100) NOT NULL
) ENGINE=InnoDB DEFAULT CHARSET=utf8;

--
-- 转存表中的数据 `django_content_type`
--

INSERT INTO `django_content_type` (`id`, `app_label`, `model`) VALUES
(1, 'admin', 'logentry'),
(3, 'auth', 'group'),
(2, 'auth', 'permission'),
(4, 'auth', 'user'),
(12, 'collection', 'collection'),
(13, 'comment', 'comment'),
(5, 'contenttypes', 'contenttype'),
(9, 'labelrecord', 'labelrecord'),
(8, 'music', 'music'),
(10, 'playlist', 'playlist'),
(11, 'playlistrecord', 'playlistrecord'),
(14, 'playrecord', 'playrecord'),
(15, 'scorerecord', 'scorerecord'),
(6, 'sessions', 'session'),
(16, 'type', 'type'),
(7, 'user', 'user');

-- --------------------------------------------------------

--
-- 表的结构 `django_migrations`
--

CREATE TABLE `django_migrations` (
  `id` int(11) NOT NULL,
  `app` varchar(255) NOT NULL,
  `name` varchar(255) NOT NULL,
  `applied` datetime(6) NOT NULL
) ENGINE=InnoDB DEFAULT CHARSET=utf8;

--
-- 转存表中的数据 `django_migrations`
--

INSERT INTO `django_migrations` (`id`, `app`, `name`, `applied`) VALUES
(1, 'contenttypes', '0001_initial', '2020-10-14 14:03:02.203288'),
(2, 'auth', '0001_initial', '2020-10-14 14:03:02.513306'),
(3, 'admin', '0001_initial', '2020-10-14 14:03:03.315351'),
(4, 'admin', '0002_logentry_remove_auto_add', '2020-10-14 14:03:03.587367'),
(5, 'admin', '0003_logentry_add_action_flag_choices', '2020-10-14 14:03:03.740376'),
(6, 'contenttypes', '0002_remove_content_type_name', '2020-10-14 14:03:03.895385'),
(7, 'auth', '0002_alter_permission_name_max_length', '2020-10-14 14:03:03.990390'),
(8, 'auth', '0003_alter_user_email_max_length', '2020-10-14 14:03:04.081395'),
(9, 'auth', '0004_alter_user_username_opts', '2020-10-14 14:03:04.108397'),
(10, 'auth', '0005_alter_user_last_login_null', '2020-10-14 14:03:04.180401'),
(11, 'auth', '0006_require_contenttypes_0002', '2020-10-14 14:03:04.201402'),
(12, 'auth', '0007_alter_validators_add_error_messages', '2020-10-14 14:03:04.230404'),
(13, 'auth', '0008_alter_user_username_max_length', '2020-10-14 14:03:04.325409'),
(14, 'auth', '0009_alter_user_last_name_max_length', '2020-10-14 14:03:04.427415'),
(15, 'auth', '0010_alter_group_name_max_length', '2020-10-14 14:03:04.520420'),
(16, 'auth', '0011_update_proxy_permissions', '2020-10-14 14:03:04.537421'),
(17, 'auth', '0012_alter_user_first_name_max_length', '2020-10-14 14:03:04.647428'),
(18, 'sessions', '0001_initial', '2020-10-14 14:03:04.716432');

-- --------------------------------------------------------

--
-- 表的结构 `django_session`
--

CREATE TABLE `django_session` (
  `session_key` varchar(40) NOT NULL,
  `session_data` longtext NOT NULL,
  `expire_date` datetime(6) NOT NULL
) ENGINE=InnoDB DEFAULT CHARSET=utf8;

--
-- 转存表中的数据 `django_session`
--

INSERT INTO `django_session` (`session_key`, `session_data`, `expire_date`) VALUES
('173y7ymwnlgonevnt7rirvhkgk1qnots', 'e30:1kUVhP:2tvhRnQeFS3OXXwWZLwKSLUvJju2qMuWeK1SuEhSKwE', '2020-11-02 13:59:43.033542'),
('3fh9ve45mj8nnm9k3thwcm4m3mcci5kw', '.eJyrVipOLS7OzM-LLy1OLYrPLPbJT8_MU7IqKSpN1UGTS1GyMrRAEwQReYm5qUpWSiUlSmiSGamJKalFQCn93NSUzET9lNS0xNKcEr2sgnSlWgAI2y0v:1kxqoM:CzXnhPYJsmSxlvvnWPMjoDnU7_1eYJJPINMvx5A2Asw', '2021-01-22 12:24:10.265706'),
('4ouzusnoqyu0r232gseo3ku48gf9ujnx', '.eJyrVipOLS7OzM-LLy1OLYrPLPbJT8_MU7IqKSpN1UGTS1GyMjJDEwQReYm5qUpWSsmpxRmZSmjyGamJKalFQFn93NSUzET9lNS0xNKcEr2sgnSlWgCU9i5S:1nrD4c:Tnrqc-jeV4KymCM8-UpN7AZOAjHHtTmSI1y08eOjwpM', '2022-06-01 06:22:18.751962'),
('5w62funkc0eutridh6770omaqah6z8xe', '.eJxVjDsOwjAQBe_iGlmOHf8o6TmDtd5d4wBypDipEHeHSCmgfTPzXiLBtta0dV7SROIstDj9bhnwwW0HdId2myXObV2mLHdFHrTL60z8vBzu30GFXr-1U56iGootxaAvJusxaE3RMCpC58E4Zy2FMWLIA7AzGHS2GIE5m8Li_QHheThx:1l7DnO:T6S5iSS4tuYBt6HVQy91A0j8cW-mwdtewvA0Se2wXsg', '2021-02-17 08:45:54.021387'),
('73oc4rvoz38q8vfmorow3zvgftfnk5fy', '.eJyrVipOLS7OzM-LLy1OLYrPLPbJT8_MU7IqKSpN1UGTS1GyMjJCEwQReYm5qUpWSiCmoRKafEZqYkpqEVBWPzc1JTNRPyU1LbE0p0QvqyBdqRYAjxouMg:1l7DqL:b_6RMTmYgkHm95g_v1uAqoxCEZH-mSH6N9pfZopyqVY', '2021-02-17 08:48:57.418876'),
('89q9k5ibfjx6tgmcrrzlkxf5mt9ise9t', '.eJxVjDsOwjAQBe_iGlmOHf8o6TmDtd5d4wBypDipEHeHSCmgfTPzXiLBtta0dV7SROIstDj9bhnwwW0HdId2myXObV2mLHdFHrTL60z8vBzu30GFXr-1U56iGootxaAvJusxaE3RMCpC58E4Zy2FMWLIA7AzGHS2GIE5m8Li_QHheThx:1lGMd9:FO65yNcBAjllxcqG8FrEfZxjiBTZjvrHupd7GA2uiKg', '2021-03-14 14:01:07.551923'),
('8mza0zhqzeds3176pnhw7yusdc12kl9c', '.eJyrVipOLS7OzM-LLy1OLYrPLPbJT8_MU7IqKSpN1UGTS1GyMkETAxF5ibmpSlZKhkpochmpiSmpRUAZ_dzUlMxE_ZTUtMTSnBK9rIJ0pVoAqgIsQw:1kTHuT:Z8JXuCHTDHquJDJLyOrhZBAy8GeDJrJ_WBsU5Q7qyJQ', '2020-10-30 05:04:09.979673'),
('97qns0ji6b7fxe5m3ouqfkxvahhsm422', '.eJxVjDsOwjAQBe_iGlmOHf8o6TmDtd5d4wBypDipEHeHSCmgfTPzXiLBtta0dV7SROIstDj9bhnwwW0HdId2myXObV2mLHdFHrTL60z8vBzu30GFXr-1U56iGootxaAvJusxaE3RMCpC58E4Zy2FMWLIA7AzGHS2GIE5m8Li_QHheThx:1kdlQ1:Zsb3ES_UHEj0HJa6Y8MLdFKIk6jpGjcZry9hndwrG2M', '2020-11-28 02:36:01.514598'),
('eyudpwx8zsdwhcr15qsggiu93vwg90g4', '.eJyrVipOLS7OzM-LLy1OLYrPLPbJT8_MU7IqKSpN1UGTS1GyMjREEwQReYm5qUpWSkZGSmiSGamJKalFQCn93NSUzET9lNS0xNKcEr2sgnSlWgDuzCyk:1kUBRX:gTE1LU37Aq2dLwbn2nChgg3M7jYrTp_6utZwAaGan7o', '2020-11-01 16:21:59.877385'),
('f51yzrskg6zgmbxw56grzxs2cjcop1ou', '.eJyrVipOLS7OzM-LLy1OLYrPLPbJT8_MU7IqKSpN1UGTS1GyMkETAxF5ibmpSlZKhkpochmpiSmpRUAZ_dzUlMxE_ZTUtMTSnBK9rIJ0pVoAqgIsQw:1kTIO7:McKjE7rufJuuS_-UtKuvFy6G_efku0vW3ifxajfU6sU', '2020-10-30 05:34:47.045748'),
('fxas251ob5l23zefh1cbqnpnao5qemf3', '.eJyrVipOLS7OzM-LLy1OLYrPLPbJT8_MU7IqKSpN1UGTS1GyMrREEwQReYm5qUpWSpWVlUposhmpiSmpRUA5_dzUlMxE_ZTUtMTSnBK9rIJ0pVoAPcUtsw:1kxqx6:MJIhMIbyKiLx1eRzs4ghJk4dZADPcbThshYJRDk4RyI', '2021-01-22 12:33:12.603105'),
('g7fdlthhfte134z2chf6j7xsilzphwjt', '.eJxdjr1uxCAQhN-FOvIty5-5MnXyDAjDYnPJQWTsKsq7B0suEkurKeabHc03c37fFrc3Wl2O7M44e_nrTT58UDlAfPgy1yHUsq15Go7IcNI2vNdIn69n9l_B4tvSv23iyGUcMXAQo5ao9GhIkjUa4ihBJQUeJx2QAMBEEFElEUiHYFJStpc2ai3Xcm5tb3XOhd23dacr63O5vJiHFP-kvgXg2raQj7R2dHtSzP6GgOB4P-sQnTROCce5Udo6wREBhsfXzH5-AWlMZ8o:1kUWSI:d12Kc74GbrRH29ObxOjLYxIUodYGGH7GUn9WTb_gCoY', '2020-11-02 14:48:10.262751'),
('hni1wmfqcfpdswo2np4m67dex9uydocf', '.eJyrVipOLS7OzM-LLy1OLYrPLPbJT8_MU7IqKSpN1UGTS1GyMjRHEwQReYm5qUpWShkZSmiSGamJKalFQCn93NSUzET9lNS0xNKcEr2sgnSlWgAENS0W:1kwFB1:gVOfstecAXMhX5K_a2Mc7WINI39o-gbEzo7M3mhtvqI', '2021-01-18 02:00:55.201847'),
('if6lq95azno6rqrfms8xjomg9z8vy303', '.eJyrVipOLS7OzM-LLy1OLYrPLPbJT8_MU7IqKSpN1UGTS1GyMrREEwQReYm5qUpWSpWVlUposhmpiSmpRUA5_dzUlMxE_ZTUtMTSnBK9rIJ0pVoAPcUtsw:1kxqvD:XPz6laNaknjphUMREp3w1HIak2RkiskhSt196GUajL8', '2021-01-22 12:31:15.276394'),
('j9miof9hog9f1uq6z9rqfldhoclep9gc', '.eJxVjDsOwjAQBe_iGlmOHf8o6TmDtd5d4wBypDipEHeHSCmgfTPzXiLBtta0dV7SROIstDj9bhnwwW0HdId2myXObV2mLHdFHrTL60z8vBzu30GFXr-1U56iGootxaAvJusxaE3RMCpC58E4Zy2FMWLIA7AzGHS2GIE5m8Li_QHheThx:1kdlOU:sYm61jvnO4c2Yx0_1TPJ7vsBUKgg_uydej4MJcgDXws', '2020-11-28 02:34:26.876185'),
('kp7jo30oynw8yxsx3mzrau0rxkee9ja5', '.eJyrVipOLS7OzM-LLy1OLYrPLPbJT8_MU7IqKSpN1UGTS1GyMjRAEwQReYm5qUpWSoZAoIQmnZGamJJaBJTUz01NyUzUT0lNSyzNKdHLKkhXqgUAOPEtAw:1kT4WE:mahYbrsuGHBfRZAloqLLqSYYL3kNn1eD3ppOBeAVPUw', '2020-10-29 14:46:14.997888'),
('neftjptum3so3u6fr4nm06bcd303frq5', '.eJxdjjsOgzAQRO_iOjJgg_mUqZMzoLV3DSbBjjBUUe4eI1EkNFvMm32aN-thW8d-i7T0DlnHBLv8ZhrMg_wOcAI_BG6CXxen-V7hB438HpCe16P7Jxghjulb5TW2eWEra6WprdSibITAVpLJ0agapFJVhU3ZmkYXQEqaRujKtECkpaUkjRSjC_7YGm9hcJ5167LRmaW5hTqF-_EwU9oCZ9lIgLQkks2EDjIkC9tz5dNrYJ8vyodkSg:1kwGV7:QQ1ITBiSBsYHV3b8ftooynfwxgwmhQJQlxTgMqDXdCI', '2021-01-18 03:25:45.501995'),
('shmh3lo82yhcf0dsazkdyly6ktet60qn', '.eJyrVipOLS7OzM-LLy1OLYrPLPbJT8_MU7IqKSpN1UGTS1GyMkETAxF5ibmpSlZKhkpochmpiSmpRUAZ_dzUlMxE_ZTUtMTSnBK9rIJ0pVoAqgIsQw:1kUUbL:yo0Pkl9Ux-wIURMi1zA_ep8-K0sqBMf7FoNx58Lu_3A', '2020-11-02 12:49:23.649610'),
('skq2pu8ojzaw4jya5v3jco5b4zqu15g6', '.eJxdjcFuwyAQRP-Fc0V2MWDsY8_tNyAMi02aQGXsU5R_L5YiVfFhV6t5szMPVqnWVLLdK6021a8yp8zGbd3p48QCG_GkHSu7O7GR3VImdsILuUBrg5c7heQuAgRYEBalRW2x3Z2FNloZjZpff-eWYN2-Lf-VDN-1yfkfygcIV5fnwn3J25omflj4i1b-XQLdPl_et4DF1aV9DxEFymCER-iMlkJp05OkodcQjAQVFTgxaS8IAPoAXVCx86S972NUA3v-AbxFaDw:1kUsFt:pR2VEDQzYZd94aqhJGvNPN_nOSD0qED05HJ-gbmjeio', '2020-11-03 14:04:49.789304'),
('svfk01619rmfk76478tgub77tjknimm3', '.eJyrVipOLS7OzM-LLy1OLYrPLPbJT8_MU7IqKSpN1UGTS1GyMjRDEwQReYm5qUpWSolKaHIZqYkpqUVAGf3c1JTMRP2U1LTE0pwSvayCdKVaANNmLKY:1kwEi4:90fYkcGBueFXXZdHPD7zS3BZqj1EtbhbQk9PgwzZR0U', '2021-01-18 01:31:00.876217'),
('tu3zevdjqg94u1xk4m9ix7xc2pabcy82', '.eJxdjMsOgjAURP-la1OwteWxdK3fQG57b6EIrVJYGf9dSEiMbGYx58y8WaKUfAzNkmhqfLrF1gdWz9NCpwNDVov8UG4RYCRWs9eLHWBHgDStKBsJPWRIDpZh5v2zXdUGlrn7XTPx3xmwDwobwB5CG7mNYZ684ZvCd5r4PSIN1939O-ggdeta5wVW-dkp56QtnDTiUgqBlSSbo9UFSK2VwvJS2dKcgbS0pTDKVkBkpCP2-QJYn2TG:1kxrfM:4VgZOr-XZ31W94N3DqfYLHmkTQ6f09j9xC3270GvSHk', '2021-01-22 13:18:56.828066'),
('u3fnhn4lbo4jv0t0wa8alzu8wkv59zc1', '.eJxVjDsOwjAQBe_iGlmOHf8o6TmDtd5d4wBypDipEHeHSCmgfTPzXiLBtta0dV7SROIstDj9bhnwwW0HdId2myXObV2mLHdFHrTL60z8vBzu30GFXr-1U56iGootxaAvJusxaE3RMCpC58E4Zy2FMWLIA7AzGHS2GIE5m8Li_QHheThx:1kdlHm:bRDTK038W9j2R68sTgSzYv26fhFY8bJLOa17pnidwsY', '2020-11-28 02:27:30.158350'),
('uoi6viam5po5vf7mslbz3smwcx718941', '.eJxdyTEOgCAMRuG7dDaSOBnO4B1Ik_5qjYChMBnvrq4sb3jfTQYzzSk0QwlqS940ka-lYehMyE9zN_8kjiBPpqbU8Q4WlA9dhCg7wcrtrONxbfS8aO4uAA:1nrEQb:QHMTuW-pIQNAApwsjVXvDTRetViDSCUotVSa394EK40', '2022-06-01 07:49:05.129503'),
('yodtwtkhz5ttlkobnlnmssefnje4nj7y', '.eJxdikEKgCAQAP-y50g3gsA39AcR3GwjNVw9RX-vrl7mMDM3CIlwTrYJFcuy5sAJTC2Nhq55MBN28kdykcAALqhnRNQI3bST81S-RUXy7JSnzbWzjscV4HkBH-4uMg:1kyXjc:U7qFf6X4mLnMkdf8avw3I3uvakqcw8M9qheD2900nUU', '2021-01-24 10:14:08.148067'),
('yv1e11v0p1znk4rfct0mo6hrjvicgz5x', '.eJyrVipOLS7OzM-LLy1OLYrPLPbJT8_MU7IqKSpN1UGTS1GyMkETAxF5ibmpSlZKhkpochmpiSmpRUAZ_dzUlMxE_ZTUtMTSnBK9rIJ0pVoAqgIsQw:1kTKa0:nKr4eN6uq2lrLWr_kP9RadAezr0trrkdppUI6llTMoo', '2020-10-30 07:55:12.773672');

-- --------------------------------------------------------

--
-- 表的结构 `labelrecord`
--

CREATE TABLE `labelrecord` (
  `id` int(11) NOT NULL COMMENT '主键',
  `userid` int(11) DEFAULT NULL COMMENT '用户主键',
  `typeid` int(11) DEFAULT NULL COMMENT '音乐类型主键',
  `createtime` varchar(255) DEFAULT NULL COMMENT '添加时间'
) ENGINE=InnoDB DEFAULT CHARSET=utf8 COMMENT='标签记录表';

--
-- 转存表中的数据 `labelrecord`
--

INSERT INTO `labelrecord` (`id`, `userid`, `typeid`, `createtime`) VALUES
(5, 3, 22, '2020-02-14 10:41:09'),
(6, 3, 18, '2020-02-14 10:41:09'),
(7, 4, 22, '2020-02-14 11:31:19'),
(8, 4, 18, '2020-02-14 11:31:19'),
(9, 4, 14, '2020-02-14 11:31:19'),
(10, 4, 10, '2020-02-14 11:31:19'),
(11, 1, 23, '2020-02-14 16:11:34'),
(12, 1, 19, '2020-02-14 16:11:34'),
(13, 1, 15, '2020-02-14 16:11:34'),
(14, 1, 11, '2020-02-14 16:11:34'),
(15, 8, 23, '2020-04-15 23:07:36'),
(16, 8, 19, '2020-04-15 23:07:36'),
(17, 8, 15, '2020-04-15 23:07:36'),
(18, 9, 23, '2020-04-18 09:43:43'),
(19, 9, 19, '2020-04-18 09:43:43'),
(36, 11, 23, '2020-10-18 22:05:33'),
(43, 14, 2, '2020-10-19 22:47:35'),
(44, 14, 6, '2020-10-19 22:47:35'),
(45, 14, 10, '2020-10-19 22:47:35'),
(46, 2, 6, '2020-10-20 21:58:12'),
(47, 2, 7, '2020-10-20 21:58:12'),
(48, 2, 10, '2020-10-20 21:58:12'),
(49, 2, 14, '2020-10-20 21:58:12'),
(50, 15, 1, '2020-11-14 10:31:15'),
(51, 16, 2, '2021-01-04 09:26:52'),
(52, 17, 7, '2021-01-04 10:00:55'),
(53, 17, 15, '2021-01-04 10:00:55'),
(66, 18, 1, '2021-01-08 20:25:26'),
(67, 18, 7, '2021-01-08 20:25:26'),
(68, 19, 8, '2021-01-08 20:31:15'),
(69, 19, 19, '2021-01-08 20:31:15'),
(70, 20, 7, '2021-01-08 20:44:36'),
(71, 21, 1, '2021-01-10 18:14:08'),
(72, 21, 2, '2021-01-10 18:14:08'),
(73, 21, 6, '2021-01-10 18:14:08'),
(74, 22, 1, '2021-02-03 16:48:57'),
(75, 22, 5, '2021-02-03 16:48:57'),
(76, 22, 6, '2021-02-03 16:48:57'),
(77, 26, 1, '2022-05-18 14:22:18'),
(78, 26, 6, '2022-05-18 14:22:18'),
(79, 26, 11, '2022-05-18 14:22:18'),
(80, 27, 1, '2022-05-18 15:36:14'),
(81, 27, 5, '2022-05-18 15:36:14'),
(82, 27, 6, '2022-05-18 15:36:14'),
(83, 27, 9, '2022-05-18 15:36:14'),
(84, 27, 10, '2022-05-18 15:36:14'),
(85, 27, 13, '2022-05-18 15:36:14'),
(86, 27, 14, '2022-05-18 15:36:14'),
(87, 27, 15, '2022-05-18 15:36:14'),
(88, 27, 16, '2022-05-18 15:36:14'),
(89, 27, 17, '2022-05-18 15:36:14'),
(90, 27, 18, '2022-05-18 15:36:14'),
(91, 27, 21, '2022-05-18 15:36:14'),
(92, 27, 22, '2022-05-18 15:36:14'),
(93, 28, 1, '2022-05-18 15:49:04'),
(94, 28, 3, '2022-05-18 15:49:04'),
(95, 28, 5, '2022-05-18 15:49:04'),
(96, 28, 6, '2022-05-18 15:49:04'),
(97, 28, 7, '2022-05-18 15:49:05'),
(98, 28, 9, '2022-05-18 15:49:05'),
(99, 28, 11, '2022-05-18 15:49:05'),
(100, 28, 12, '2022-05-18 15:49:05'),
(101, 28, 16, '2022-05-18 15:49:05'),
(102, 28, 18, '2022-05-18 15:49:05'),
(103, 28, 19, '2022-05-18 15:49:05'),
(104, 28, 21, '2022-05-18 15:49:05'),
(105, 28, 22, '2022-05-18 15:49:05');

-- --------------------------------------------------------

--
-- 表的结构 `music`
--

CREATE TABLE `music` (
  `id` int(11) NOT NULL COMMENT '主键',
  `musicname` varchar(255) DEFAULT NULL COMMENT '音乐名称',
  `typeid` int(11) DEFAULT NULL COMMENT '音乐类型',
  `image` varchar(255) DEFAULT NULL COMMENT '封面',
  `singer` varchar(255) DEFAULT NULL COMMENT '歌手',
  `lyric` text COMMENT '歌词',
  `url` varchar(255) DEFAULT NULL COMMENT '音乐地址',
  `createtime` varchar(255) DEFAULT NULL COMMENT '添加时间',
  `wid` varchar(255) DEFAULT NULL COMMENT '网络上的音乐id，避免歌曲重复'
) ENGINE=InnoDB DEFAULT CHARSET=utf8 COMMENT='音乐表';

--
-- 转存表中的数据 `music`
--

INSERT INTO `music` (`id`, `musicname`, `typeid`, `image`, `singer`, `lyric`, `url`, `createtime`, `wid`) VALUES
(1, '安和桥间奏（Cover：群星）', 1, '2020_02_14_10_47_22_022_744_545.jpg', '林芬宇', '暂无歌词', '2020_02_14_10_47_22_022_745_207.mp3', '2020-02-14 10:47:22', '1343789653'),
(2, '只为你着迷', 1, '2020_02_14_10_47_22_022_760_222.jpg', '李秉成', '编曲：姜微&nbsp;&nbsp;&nbsp;&nbsp;&nbsp;&nbsp;&nbsp;&nbsp;&nbsp;&nbsp;&nbsp;&nbsp;最近我常在半夜惊醒&nbsp;&nbsp;&nbsp;&nbsp;看着梦里给我的秘密&nbsp;&nbsp;&nbsp;&nbsp;思绪还没暂停&nbsp;&nbsp;&nbsp;&nbsp;客厅那是你用过香薰&nbsp;&nbsp;&nbsp;&nbsp;麻痹我的衣服和神经&nbsp;&nbsp;&nbsp;&nbsp;再也不能喘息&nbsp;&nbsp;&nbsp;&nbsp;那时我们第一次相遇&nbsp;&nbsp;&nbsp;&nbsp;嘈杂的空气&nbsp;&nbsp;&nbsp;&nbsp;挡不住你的魔力&nbsp;&nbsp;&nbsp;&nbsp;忽远忽近&nbsp;&nbsp;&nbsp;&nbsp;忽远忽近&nbsp;&nbsp;&nbsp;&nbsp;我好想你&nbsp;&nbsp;&nbsp;&nbsp;&nbsp;&nbsp;&nbsp;&nbsp;我只为你着迷&nbsp;&nbsp;&nbsp;&nbsp;空洞的记忆突然填满你&nbsp;&nbsp;&nbsp;&nbsp;你像个纪念品&nbsp;&nbsp;&nbsp;&nbsp;纪念我生存的意义&nbsp;&nbsp;&nbsp;&nbsp;是守护你&nbsp;&nbsp;&nbsp;&nbsp;&nbsp;&nbsp;&nbsp;&nbsp;客厅那是你用过香薰&nbsp;&nbsp;&nbsp;&nbsp;麻痹我的衣服和神经&nbsp;&nbsp;&nbsp;&nbsp;再也不能喘息&nbsp;&nbsp;&nbsp;&nbsp;那是我们第一次旅行&nbsp;&nbsp;&nbsp;&nbsp;潮湿的空气&nbsp;&nbsp;&nbsp;&nbsp;抽空我的勇气&nbsp;&nbsp;&nbsp;&nbsp;忽远忽近&nbsp;&nbsp;&nbsp;&nbsp;忽远忽近&nbsp;&nbsp;&nbsp;&nbsp;我想吻你&nbsp;&nbsp;&nbsp;&nbsp;&nbsp;&nbsp;&nbsp;&nbsp;我只为你着迷&nbsp;&nbsp;&nbsp;&nbsp;空洞的记忆突然填满你&nbsp;&nbsp;&nbsp;&nbsp;你像个纪念品&nbsp;&nbsp;&nbsp;&nbsp;纪念我生存的意义&nbsp;&nbsp;&nbsp;&nbsp;是守护你&nbsp;&nbsp;&nbsp;&nbsp;（最近最近梦中过境&nbsp;&nbsp;&nbsp;&nbsp;隐约中还牵挂&nbsp;&nbsp;&nbsp;&nbsp;曾在乎的情绪&nbsp;&nbsp;&nbsp;&nbsp;已没有太多的意义&nbsp;&nbsp;&nbsp;&nbsp;就算还没有在一起&nbsp;&nbsp;&nbsp;&nbsp;封闭关心融化你的香薰&nbsp;&nbsp;&nbsp;&nbsp;麻痹过了已经&nbsp;&nbsp;&nbsp;&nbsp;还想着等待着转机&nbsp;&nbsp;&nbsp;&nbsp;可是我一次一次的想你&nbsp;&nbsp;&nbsp;&nbsp;嘈杂的空气&nbsp;&nbsp;&nbsp;&nbsp;挡不住你的魔力&nbsp;&nbsp;&nbsp;&nbsp;忽远忽近 忽远忽近 忽远忽近 ）&nbsp;&nbsp;&nbsp;&nbsp;&nbsp;&nbsp;&nbsp;&nbsp;我只为你着迷&nbsp;&nbsp;&nbsp;&nbsp;空洞的记忆突然填满你&nbsp;&nbsp;&nbsp;&nbsp;你像个纪念品&nbsp;&nbsp;&nbsp;&nbsp;纪念我生存的意义&nbsp;&nbsp;&nbsp;&nbsp;我只为你着迷&nbsp;&nbsp;&nbsp;&nbsp;空洞的回忆突然填满你&nbsp;&nbsp;&nbsp;&nbsp;我只为你担心&nbsp;&nbsp;&nbsp;&nbsp;如果我的未来没有你&nbsp;&nbsp;&nbsp;&nbsp;多委屈&nbsp;&nbsp;&nbsp;&nbsp;和声：李秉成&nbsp;&nbsp;&nbsp;&nbsp;录混：金华&nbsp;&nbsp;&nbsp;&nbsp;监制：潘嘉霖&nbsp;&nbsp;&nbsp;&nbsp;宣传策划：纪珍玉&nbsp;&nbsp;&nbsp;&nbsp;文案：杨洁&nbsp;&nbsp;&nbsp;&nbsp;OP：华数音乐', '2020_02_14_10_47_23_023_522_788.mp3', '2020-02-14 10:47:23', '1320336229'),
(3, '一粒', 1, '2020_02_14_10_47_23_023_565_303.jpg', '孟凡明', '想给你翻我的日记&nbsp;&nbsp;&nbsp;&nbsp;想让你拥抱我的过去&nbsp;&nbsp;&nbsp;&nbsp;想被你了解&nbsp;&nbsp;&nbsp;&nbsp;千万个我数不清&nbsp;&nbsp;&nbsp;&nbsp;如果一切都 来得及&nbsp;&nbsp;&nbsp;&nbsp;想陪你去银河 数星星&nbsp;&nbsp;&nbsp;&nbsp;如果来不及 你要把我抱紧&nbsp;&nbsp;&nbsp;&nbsp;我百无聊赖的时光 送给你&nbsp;&nbsp;&nbsp;&nbsp;我废铜烂铁的身躯也 丢给你&nbsp;&nbsp;&nbsp;&nbsp;快乐悲伤都是你 我的义无反顾也因为你&nbsp;&nbsp;&nbsp;&nbsp;好吧我的一切都是 关于你&nbsp;&nbsp;&nbsp;&nbsp;我会浪迹山川 翻越河流&nbsp;&nbsp;&nbsp;&nbsp;呢喃耳语献给你我 从今往后&nbsp;&nbsp;&nbsp;&nbsp;你会为我期待 为我转动&nbsp;&nbsp;&nbsp;&nbsp;为我心痛 为我汹涌 迁就我所有&nbsp;&nbsp;&nbsp;&nbsp;永远永远停靠 我肩头&nbsp;&nbsp;&nbsp;&nbsp;放肆依赖别想以后&nbsp;&nbsp;&nbsp;&nbsp;人海里万中无一粒属于我的温柔&nbsp;&nbsp;&nbsp;&nbsp;&nbsp;&nbsp;&nbsp;&nbsp;我知道一切 来得及&nbsp;&nbsp;&nbsp;&nbsp;我知道爱你 并不容易&nbsp;&nbsp;&nbsp;&nbsp;我知道你是我从未动摇的肯定&nbsp;&nbsp;&nbsp;&nbsp;我百无聊赖的时光 送给你&nbsp;&nbsp;&nbsp;&nbsp;我废铜烂铁的身躯也 丢给你&nbsp;&nbsp;&nbsp;&nbsp;快乐悲伤都是你 我的义无反顾也因为你&nbsp;&nbsp;&nbsp;&nbsp;好吧我的一切都是 关于你&nbsp;&nbsp;&nbsp;&nbsp;你说爱是浪漫爱是心碎&nbsp;&nbsp;&nbsp;&nbsp;爱是包容爱是捉摸不透的东西&nbsp;&nbsp;&nbsp;&nbsp;而我毫无保留挥霍所有&nbsp;&nbsp;&nbsp;&nbsp;自说自话握紧拳头 怕牵你的手&nbsp;&nbsp;&nbsp;&nbsp;当我回头张望 你在身后&nbsp;&nbsp;&nbsp;&nbsp;害羞到不敢抬起头&nbsp;&nbsp;&nbsp;&nbsp;人海里万中无一粒属于我的感受&nbsp;&nbsp;&nbsp;&nbsp;&nbsp;&nbsp;&nbsp;&nbsp;我会浪迹山川翻越河流&nbsp;&nbsp;&nbsp;&nbsp;呢喃耳语献给你我从今往后&nbsp;&nbsp;&nbsp;&nbsp;你会为我期待为我转动&nbsp;&nbsp;&nbsp;&nbsp;为我心痛为我汹涌 迁就我所有&nbsp;&nbsp;&nbsp;&nbsp;永远永远停靠在 我肩头&nbsp;&nbsp;&nbsp;&nbsp;放肆依赖别想以后&nbsp;&nbsp;&nbsp;&nbsp;世上无可代替是与你相拥的感受&nbsp;&nbsp;&nbsp;&nbsp;人海里万中无一粒属于我的温柔&nbsp;&nbsp;&nbsp;&nbsp;想给你翻我的日记&nbsp;&nbsp;&nbsp;&nbsp;想让你拥抱我的过去&nbsp;&nbsp;&nbsp;&nbsp;想被你爱上 千万个我数不清&nbsp;&nbsp;&nbsp;&nbsp;&nbsp;&nbsp;&nbsp;&nbsp;编曲：茶茶 @NayyaTea Studio&nbsp;&nbsp;&nbsp;&nbsp;制作人：茶茶 / 孟凡明&nbsp;&nbsp;&nbsp;&nbsp;贝斯|电吉他 ：茶茶&nbsp;&nbsp;&nbsp;&nbsp;木吉他：郭一凡&nbsp;&nbsp;&nbsp;&nbsp;和声设计 / 和声：茶茶&nbsp;&nbsp;&nbsp;&nbsp;人声录音：北京唱片厂录音棚 王宁馨&nbsp;&nbsp;&nbsp;&nbsp;混音 / 母带：茶茶&nbsp;&nbsp;&nbsp;&nbsp;封面：动感小明&nbsp;&nbsp;&nbsp;&nbsp;发行：煮草文化&nbsp;&nbsp;&nbsp;&nbsp;&nbsp;&nbsp;&nbsp;&nbsp;', '2020_02_14_10_47_24_024_764_557.mp3', '2020-02-14 10:47:24', '1415784991'),
(4, '我要你（Cover：yatessss）', 1, '2020_02_14_10_47_24_024_835_983.jpg', '阿虾', '我要 你在我身旁&nbsp;&nbsp;&nbsp;&nbsp;我要看着你梳妆&nbsp;&nbsp;&nbsp;&nbsp;这夜的风儿吹&nbsp;&nbsp;&nbsp;&nbsp;吹得心痒痒 我的姑娘&nbsp;&nbsp;&nbsp;&nbsp;我在他乡 望着月亮&nbsp;&nbsp;&nbsp;&nbsp;都怪这夜色 撩人的疯狂&nbsp;&nbsp;&nbsp;&nbsp;都怪这吉他 弹得太凄凉&nbsp;&nbsp;&nbsp;&nbsp;欧 我要唱着歌&nbsp;&nbsp;&nbsp;&nbsp;默默把你想 我的姑娘&nbsp;&nbsp;&nbsp;&nbsp;你在何方 眼看天亮&nbsp;&nbsp;&nbsp;&nbsp;送你 美丽的衣裳&nbsp;&nbsp;&nbsp;&nbsp;看你 对镜贴花黄&nbsp;&nbsp;&nbsp;&nbsp;这夜色太紧张&nbsp;&nbsp;&nbsp;&nbsp;时间太漫长 我的姑娘&nbsp;&nbsp;&nbsp;&nbsp;你在何方 眼看天亮&nbsp;&nbsp;&nbsp;&nbsp;都怪这夜色 撩人的疯狂&nbsp;&nbsp;&nbsp;&nbsp;都怪这吉他 弹得太凄凉&nbsp;&nbsp;&nbsp;&nbsp;欧 我要唱着歌&nbsp;&nbsp;&nbsp;&nbsp;默默把你想 我的姑娘&nbsp;&nbsp;&nbsp;&nbsp;你在何方 眼看天亮&nbsp;&nbsp;&nbsp;&nbsp;你在何方 眼看天亮', '2020_02_14_10_47_25_025_634_959.mp3', '2020-02-14 10:47:25', '1367485724'),
(5, '我爱你', 1, '2020_02_14_10_47_26_026_186_870.jpg', 'S.H.E', '编曲：Geoman&nbsp;&nbsp;&nbsp;&nbsp;&nbsp;&nbsp;&nbsp;&nbsp;从你眼睛看着自己&nbsp;&nbsp;&nbsp;&nbsp;最幸福的倒影&nbsp;&nbsp;&nbsp;&nbsp;握在手心的默契&nbsp;&nbsp;&nbsp;&nbsp;是明天的指引&nbsp;&nbsp;&nbsp;&nbsp;无论是远近什么世纪&nbsp;&nbsp;&nbsp;&nbsp;在天堂拥抱&nbsp;&nbsp;&nbsp;&nbsp;或荒野流离&nbsp;&nbsp;&nbsp;&nbsp;我爱你我敢去&nbsp;&nbsp;&nbsp;&nbsp;未知的任何命运&nbsp;&nbsp;&nbsp;&nbsp;我爱你我愿意&nbsp;&nbsp;&nbsp;&nbsp;准你来跋扈地决定&nbsp;&nbsp;&nbsp;&nbsp;世界边境&nbsp;&nbsp;&nbsp;&nbsp;偶尔我真的不懂你&nbsp;&nbsp;&nbsp;&nbsp;又有谁真懂自己&nbsp;&nbsp;&nbsp;&nbsp;往往两个人多亲密&nbsp;&nbsp;&nbsp;&nbsp;是透过伤害来证明&nbsp;&nbsp;&nbsp;&nbsp;像焦虑不安我就任性&nbsp;&nbsp;&nbsp;&nbsp;怕泄漏你怕&nbsp;&nbsp;&nbsp;&nbsp;所以你生气&nbsp;&nbsp;&nbsp;&nbsp;我爱你让我听&nbsp;&nbsp;&nbsp;&nbsp;你的疲惫和恐惧&nbsp;&nbsp;&nbsp;&nbsp;我爱你我想亲&nbsp;&nbsp;&nbsp;&nbsp;你倔强到极限的心&nbsp;&nbsp;&nbsp;&nbsp;我撑起所有爱 围成风雨的禁地&nbsp;&nbsp;&nbsp;&nbsp;挡狂风豪雨&nbsp;&nbsp;&nbsp;&nbsp;想让你喘口气&nbsp;&nbsp;&nbsp;&nbsp;被割破的信心&nbsp;&nbsp;&nbsp;&nbsp;需要时间痊愈&nbsp;&nbsp;&nbsp;&nbsp;梦想缠着怀疑&nbsp;&nbsp;&nbsp;&nbsp;未来看不清&nbsp;&nbsp;&nbsp;&nbsp;就紧紧的拥抱&nbsp;&nbsp;&nbsp;&nbsp;去传递&nbsp;&nbsp;&nbsp;&nbsp;能量和勇气&nbsp;&nbsp;&nbsp;&nbsp;我爱你&nbsp;&nbsp;&nbsp;&nbsp;我爱你我想去&nbsp;&nbsp;&nbsp;&nbsp;未知的任何命运&nbsp;&nbsp;&nbsp;&nbsp;我爱你让我听&nbsp;&nbsp;&nbsp;&nbsp;你的疲惫和恐惧&nbsp;&nbsp;&nbsp;&nbsp;我爱你我想亲&nbsp;&nbsp;&nbsp;&nbsp;你倔强到极限的心&nbsp;&nbsp;&nbsp;&nbsp;哪里都一起去&nbsp;&nbsp;&nbsp;&nbsp;一起仰望星星&nbsp;&nbsp;&nbsp;&nbsp;一起走出森林&nbsp;&nbsp;&nbsp;&nbsp;一起品尝回忆&nbsp;&nbsp;&nbsp;&nbsp;一起误会妒忌&nbsp;&nbsp;&nbsp;&nbsp;一起雨过天晴&nbsp;&nbsp;&nbsp;&nbsp;一起更懂自己&nbsp;&nbsp;&nbsp;&nbsp; 准你来跋扈地决定&nbsp;&nbsp;&nbsp;&nbsp;一起找到意义&nbsp;&nbsp;&nbsp;&nbsp;我爱你&nbsp;&nbsp;&nbsp;&nbsp;我不要没有你&nbsp;&nbsp;&nbsp;&nbsp;我不能没有你&nbsp;&nbsp;&nbsp;&nbsp;绝不能没有你', '2020_02_14_10_47_26_026_179_723.mp3', '2020-02-14 10:47:27', '375632'),
(6, '你是此生最美的风景', 1, '2020_02_14_10_47_27_027_900_722.jpg', 'JS', '还记得那年的夏天&nbsp;&nbsp;&nbsp;&nbsp;椰子树占据了海边&nbsp;&nbsp;&nbsp;&nbsp;太阳光灿烂得刺眼&nbsp;&nbsp;&nbsp;&nbsp;你轻轻吻了我的脸&nbsp;&nbsp;&nbsp;&nbsp;飞机越过海面&nbsp;&nbsp;&nbsp;&nbsp;划下微笑弧线&nbsp;&nbsp;&nbsp;&nbsp;就在一瞬间你和我之间&nbsp;&nbsp;&nbsp;&nbsp;相隔一个世纪般遥远&nbsp;&nbsp;&nbsp;&nbsp;快转的时间&nbsp;&nbsp;&nbsp;&nbsp;却带不走回忆里的画面&nbsp;&nbsp;&nbsp;&nbsp;你是此生最美的风景&nbsp;&nbsp;&nbsp;&nbsp;让我心碎却如此着迷&nbsp;&nbsp;&nbsp;&nbsp;就算世界动荡&nbsp;&nbsp;&nbsp;&nbsp;再绝望也有微笑的勇气&nbsp;&nbsp;&nbsp;&nbsp;你是此生最美的风景&nbsp;&nbsp;&nbsp;&nbsp;才令我至今一再想起&nbsp;&nbsp;&nbsp;&nbsp;这样爱过一个人&nbsp;&nbsp;&nbsp;&nbsp;是多幸福的事情&nbsp;&nbsp;&nbsp;&nbsp;&nbsp;&nbsp;&nbsp;&nbsp;后来我们又再遇见&nbsp;&nbsp;&nbsp;&nbsp;虽然成熟了些&nbsp;&nbsp;&nbsp;&nbsp;笑容却都没变&nbsp;&nbsp;&nbsp;&nbsp;就在那瞬间 有很多感觉&nbsp;&nbsp;&nbsp;&nbsp;排山倒海淹没了视线&nbsp;&nbsp;&nbsp;&nbsp;你没有开口&nbsp;&nbsp;&nbsp;&nbsp;紧紧地拥抱着却意味深远&nbsp;&nbsp;&nbsp;&nbsp;你是此生最美的风景&nbsp;&nbsp;&nbsp;&nbsp;让我心碎却如此着迷&nbsp;&nbsp;&nbsp;&nbsp;就算世界动荡&nbsp;&nbsp;&nbsp;&nbsp;再绝望也有微笑的勇气&nbsp;&nbsp;&nbsp;&nbsp;你是此生最美的风景&nbsp;&nbsp;&nbsp;&nbsp;才令我至今一再想起&nbsp;&nbsp;&nbsp;&nbsp;这样爱过一个人&nbsp;&nbsp;&nbsp;&nbsp;是多幸福的事情&nbsp;&nbsp;&nbsp;&nbsp;以为时间可以&nbsp;&nbsp;&nbsp;&nbsp;像沙滩和潮汐&nbsp;&nbsp;&nbsp;&nbsp;拭去回忆痕迹&nbsp;&nbsp;&nbsp;&nbsp;我们如果不曾分离&nbsp;&nbsp;&nbsp;&nbsp;我不会发现&nbsp;&nbsp;&nbsp;&nbsp;最后回到原地还是最爱你&nbsp;&nbsp;&nbsp;&nbsp;你是此生最美的风景&nbsp;&nbsp;&nbsp;&nbsp;让我心碎却如此着迷&nbsp;&nbsp;&nbsp;&nbsp;就算世界动荡&nbsp;&nbsp;&nbsp;&nbsp;再绝望也有微笑的勇气&nbsp;&nbsp;&nbsp;&nbsp;你是此生最美的风景&nbsp;&nbsp;&nbsp;&nbsp;才令我至今一再想起&nbsp;&nbsp;&nbsp;&nbsp;这样爱过一个人&nbsp;&nbsp;&nbsp;&nbsp;是多幸福的事情&nbsp;&nbsp;&nbsp;&nbsp;&nbsp;&nbsp;&nbsp;&nbsp;你是此生最美的风景&nbsp;&nbsp;&nbsp;&nbsp;才令我至今一再想起&nbsp;&nbsp;&nbsp;&nbsp;这样爱过一个人&nbsp;&nbsp;&nbsp;&nbsp;是多幸福的事情&nbsp;&nbsp;&nbsp;&nbsp;', '2020_02_14_10_47_27_027_249_977.mp3', '2020-02-14 10:47:28', '360908'),
(7, '陷入爱里面(国)', 1, '2020_02_14_10_47_28_028_944_249.jpg', '俞灏明', '女：如果心跳开始放慢&nbsp;&nbsp;&nbsp;&nbsp;呼吸可以变的自然&nbsp;&nbsp;&nbsp;&nbsp;我想这就是答案&nbsp;&nbsp;&nbsp;&nbsp;哪怕只是短暂的绚烂&nbsp;&nbsp;&nbsp;&nbsp;只为那遥远的瞬间&nbsp;&nbsp;&nbsp;&nbsp;抛开所有脆弱的不安&nbsp;&nbsp;&nbsp;&nbsp;站在孤单的人海&nbsp;&nbsp;&nbsp;&nbsp;一直不停盼啊盼&nbsp;&nbsp;&nbsp;&nbsp;&nbsp;&nbsp;&nbsp;&nbsp;男：每一天 每一夜&nbsp;&nbsp;&nbsp;&nbsp;渴望与你再相见&nbsp;&nbsp;&nbsp;&nbsp;温暖流过你我手指尖&nbsp;&nbsp;&nbsp;&nbsp;&nbsp;&nbsp;&nbsp;&nbsp;让思念一片片&nbsp;&nbsp;&nbsp;&nbsp;覆盖幸福的午夜&nbsp;&nbsp;&nbsp;&nbsp;黑白的琴键&nbsp;&nbsp;&nbsp;&nbsp;弹奏着依恋&nbsp;&nbsp;&nbsp;&nbsp;&nbsp;&nbsp;&nbsp;&nbsp;女：陷入爱里面&nbsp;&nbsp;&nbsp;&nbsp;男：陷入爱里面缠绵&nbsp;&nbsp;&nbsp;&nbsp;女：缠绵&nbsp;&nbsp;&nbsp;&nbsp;合：你的视线让我学会勇敢&nbsp;&nbsp;&nbsp;&nbsp;&nbsp;&nbsp;&nbsp;&nbsp;女：陷入爱里面&nbsp;&nbsp;&nbsp;&nbsp;男：陷入爱里面许愿 能永远&nbsp;&nbsp;&nbsp;&nbsp;合：就算风雪再大也不会走散&nbsp;&nbsp;&nbsp;&nbsp;俞灏明&简美妍 - 陷入爱里面&nbsp;&nbsp;&nbsp;&nbsp;&nbsp;&nbsp;&nbsp;&nbsp;女：遥望那片蔚蓝的天&nbsp;&nbsp;&nbsp;&nbsp;想念渐渐成了习惯&nbsp;&nbsp;&nbsp;&nbsp;也许在某个转弯&nbsp;&nbsp;&nbsp;&nbsp;我们会不经意的遇见&nbsp;&nbsp;&nbsp;&nbsp;喜欢看你无暇的脸&nbsp;&nbsp;&nbsp;&nbsp;编织所有甜蜜片段&nbsp;&nbsp;&nbsp;&nbsp;从此心不再遥远&nbsp;&nbsp;&nbsp;&nbsp;有你留给我的甜&nbsp;&nbsp;&nbsp;&nbsp;&nbsp;&nbsp;&nbsp;&nbsp;男：每一天 每一夜&nbsp;&nbsp;&nbsp;&nbsp;诠释我们的画面&nbsp;&nbsp;&nbsp;&nbsp;爱在彼此的心底蔓延&nbsp;&nbsp;&nbsp;&nbsp;这思念 有多远&nbsp;&nbsp;&nbsp;&nbsp;那份默契不会变&nbsp;&nbsp;&nbsp;&nbsp;爱慢慢沉淀&nbsp;&nbsp;&nbsp;&nbsp;我乱了心弦&nbsp;&nbsp;&nbsp;&nbsp;&nbsp;&nbsp;&nbsp;&nbsp;女：陷入爱里面&nbsp;&nbsp;&nbsp;&nbsp;男：陷入爱里面缠绵&nbsp;&nbsp;&nbsp;&nbsp;女：缠绵&nbsp;&nbsp;&nbsp;&nbsp;合：你的视线让我学会勇敢&nbsp;&nbsp;&nbsp;&nbsp;&nbsp;&nbsp;&nbsp;&nbsp;女：陷入爱里面&nbsp;&nbsp;&nbsp;&nbsp;男：陷入爱里面瞬间 成永远&nbsp;&nbsp;&nbsp;&nbsp;合：就算风雪再大也不会走散&nbsp;&nbsp;&nbsp;&nbsp;男：期待&nbsp;&nbsp;&nbsp;&nbsp;合：明天会是一场银色的浪漫&nbsp;&nbsp;&nbsp;&nbsp;', '2020_02_14_10_47_28_028_485_968.mp3', '2020-02-14 10:47:29', '176704'),
(8, '大齐', 1, '2020_02_14_10_47_29_029_616_236.jpg', '周迅', '他喜欢穿白衬衫 他的固执就是浪漫&nbsp;&nbsp;&nbsp;&nbsp;&nbsp;&nbsp;&nbsp;&nbsp;他说话的速度比较慢 笑声占了魅力的一半&nbsp;&nbsp;&nbsp;&nbsp;&nbsp;&nbsp;&nbsp;&nbsp;看 他在沉默里幻想&nbsp;&nbsp;&nbsp;&nbsp;&nbsp;&nbsp;&nbsp;&nbsp;听 他不经意的歌唱&nbsp;&nbsp;&nbsp;&nbsp;&nbsp;&nbsp;&nbsp;&nbsp;大声叫 用力跳 大声叫 我们用力的跳&nbsp;&nbsp;&nbsp;&nbsp;&nbsp;&nbsp;&nbsp;&nbsp;大声叫 用力跳 大声叫 他快乐的疯掉&nbsp;&nbsp;&nbsp;&nbsp;&nbsp;&nbsp;&nbsp;&nbsp;他宁愿 单车作伴 不要无聊的神秘感&nbsp;&nbsp;&nbsp;&nbsp;&nbsp;&nbsp;&nbsp;&nbsp;闪光灯 他不习惯 讨厌别人不负责任的判断&nbsp;&nbsp;&nbsp;&nbsp;&nbsp;&nbsp;&nbsp;&nbsp;别打扰他的幻想 他 正走在爱的路上&nbsp;&nbsp;&nbsp;&nbsp;&nbsp;&nbsp;&nbsp;&nbsp;他呼吸 我是空气 悄悄地 他等我睡醒&nbsp;&nbsp;&nbsp;&nbsp;&nbsp;&nbsp;&nbsp;&nbsp;我们的点点滴滴&nbsp;&nbsp;&nbsp;&nbsp;&nbsp;&nbsp;&nbsp;&nbsp;我喜欢 他的背影 轻轻地 他走入我梦里&nbsp;&nbsp;&nbsp;&nbsp;&nbsp;&nbsp;&nbsp;&nbsp;只要我们俩在一起&nbsp;&nbsp;&nbsp;&nbsp;&nbsp;&nbsp;&nbsp;&nbsp;只要每一天在一起&nbsp;&nbsp;&nbsp;&nbsp;&nbsp;&nbsp;&nbsp;&nbsp;他喜欢穿白衬衫 他的固执就是浪漫&nbsp;&nbsp;&nbsp;&nbsp;&nbsp;&nbsp;&nbsp;&nbsp;他说话的速度比较慢 笑声占了魅力的一半&nbsp;&nbsp;&nbsp;&nbsp;&nbsp;&nbsp;&nbsp;&nbsp;看 他在沉默里幻想&nbsp;&nbsp;&nbsp;&nbsp;&nbsp;&nbsp;&nbsp;&nbsp;听 他不经意的歌唱&nbsp;&nbsp;&nbsp;&nbsp;&nbsp;&nbsp;&nbsp;&nbsp;大声叫 用力跳 大声叫 我们用力的跳&nbsp;&nbsp;&nbsp;&nbsp;&nbsp;&nbsp;&nbsp;&nbsp;大声叫 用力跳 大声叫 他快乐的疯掉&nbsp;&nbsp;&nbsp;&nbsp;', '2020_02_14_10_47_30_030_40_545.mp3', '2020-02-14 10:47:30', '327141'),
(9, '像鱼(DJ版)', 2, '2020_02_14_10_47_33_033_154_514.jpg', '泽亦龙', '暂无歌词', '2020_02_14_10_47_34_034_268_514.mp3', '2020-02-14 10:47:34', '1401710635'),
(10, 'Ava Max-Sweet But Psycho (Remix)（浪子鹏鹏 / 承利 remix）', 2, '2020_02_14_10_47_34_034_870_769.jpg', '浪子鹏鹏', 'Sweet but Psycho - Ava Max&nbsp;&nbsp;&nbsp;&nbsp;&nbsp;&nbsp;&nbsp;&nbsp;Witten by：Amanda Ava Koci、Heny Walte、Madison Love、Andeas Andesen Haukeland&nbsp;&nbsp;&nbsp;&nbsp;&nbsp;&nbsp;&nbsp;&nbsp;Oh she\'s sweet but a psycho&nbsp;&nbsp;&nbsp;&nbsp;她很甜美 却像个疯子&nbsp;&nbsp;&nbsp;&nbsp;A little bit psycho&nbsp;&nbsp;&nbsp;&nbsp;有些疯狂&nbsp;&nbsp;&nbsp;&nbsp;At night she sceamin\'&nbsp;&nbsp;&nbsp;&nbsp;夜里 她常常大呼小叫&nbsp;&nbsp;&nbsp;&nbsp;I\'m ma ma ma out ma mind&nbsp;&nbsp;&nbsp;&nbsp;我就要渐渐失控&nbsp;&nbsp;&nbsp;&nbsp;Oh she\'s hot but a psycho&nbsp;&nbsp;&nbsp;&nbsp;她很火热 却像个疯子&nbsp;&nbsp;&nbsp;&nbsp;So left but she\'s ight though&nbsp;&nbsp;&nbsp;&nbsp;所以 还是离开吧 尽管她也没错&nbsp;&nbsp;&nbsp;&nbsp;At night she sceamin\'&nbsp;&nbsp;&nbsp;&nbsp;夜里 她常常大呼小叫&nbsp;&nbsp;&nbsp;&nbsp;I\'m ma ma ma out ma mind&nbsp;&nbsp;&nbsp;&nbsp;我就要渐渐失控&nbsp;&nbsp;&nbsp;&nbsp;She\'ll make you cuse but she a blessing&nbsp;&nbsp;&nbsp;&nbsp;她会让你想破口大骂 却也是幸运的存在&nbsp;&nbsp;&nbsp;&nbsp;She\'ll ip you shit within a second&nbsp;&nbsp;&nbsp;&nbsp;她会顷刻间把你的衬衫撕裂&nbsp;&nbsp;&nbsp;&nbsp;You\'ll be coming back back fo seconds&nbsp;&nbsp;&nbsp;&nbsp;你却一会儿就又回到她身边&nbsp;&nbsp;&nbsp;&nbsp;With you plate you just can\'t help it&nbsp;&nbsp;&nbsp;&nbsp;就算心有余悸 你也无能为力&nbsp;&nbsp;&nbsp;&nbsp;No no you\'ll play along long long&nbsp;&nbsp;&nbsp;&nbsp;不 不 你会跟她一起发疯&nbsp;&nbsp;&nbsp;&nbsp;Let he lead you on on on&nbsp;&nbsp;&nbsp;&nbsp;紧随她的步伐&nbsp;&nbsp;&nbsp;&nbsp;You\'ll be saying no no&nbsp;&nbsp;&nbsp;&nbsp;你会大喊 不 不&nbsp;&nbsp;&nbsp;&nbsp;Then saying yes yes yes&nbsp;&nbsp;&nbsp;&nbsp;接着又说 来吧 来吧&nbsp;&nbsp;&nbsp;&nbsp;\'Cause she messin\' with you head&nbsp;&nbsp;&nbsp;&nbsp;因为 她蛊惑了你的心扉&nbsp;&nbsp;&nbsp;&nbsp;Oh she\'s sweet but a psycho&nbsp;&nbsp;&nbsp;&nbsp;她很甜美 却像个疯子&nbsp;&nbsp;&nbsp;&nbsp;A little bit psycho&nbsp;&nbsp;&nbsp;&nbsp;有些疯狂&nbsp;&nbsp;&nbsp;&nbsp;At night she sceamin\'&nbsp;&nbsp;&nbsp;&nbsp;夜里 她常常大呼小叫&nbsp;&nbsp;&nbsp;&nbsp;I\'m ma ma ma out ma mind&nbsp;&nbsp;&nbsp;&nbsp;我就要渐渐失控&nbsp;&nbsp;&nbsp;&nbsp;Oh she\'s hot but a psycho&nbsp;&nbsp;&nbsp;&nbsp;她很火热 却像个疯子&nbsp;&nbsp;&nbsp;&nbsp;So left but she\'s ight though&nbsp;&nbsp;&nbsp;&nbsp;所以 还是离开吧 尽管她也没错&nbsp;&nbsp;&nbsp;&nbsp;At night she sceamin\'&nbsp;&nbsp;&nbsp;&nbsp;夜里 她常常大呼小叫&nbsp;&nbsp;&nbsp;&nbsp;I\'m ma ma ma out ma mind&nbsp;&nbsp;&nbsp;&nbsp;我就要渐渐失控&nbsp;&nbsp;&nbsp;&nbsp;Gab a cop gun kinda cazy&nbsp;&nbsp;&nbsp;&nbsp;随手拿起一把枪 真是疯狂&nbsp;&nbsp;&nbsp;&nbsp;She\'s poison but tasty&nbsp;&nbsp;&nbsp;&nbsp;她像是毒药 却回味无穷&nbsp;&nbsp;&nbsp;&nbsp;Yeah people say un don\'t walk away&nbsp;&nbsp;&nbsp;&nbsp;大家都说 快逃离她吧 别慢吞吞才离开&nbsp;&nbsp;&nbsp;&nbsp;Cuz she\'s sweet but a psycho&nbsp;&nbsp;&nbsp;&nbsp;因为 她虽甜美 却像个疯子&nbsp;&nbsp;&nbsp;&nbsp;A little bit psycho&nbsp;&nbsp;&nbsp;&nbsp;有些疯狂&nbsp;&nbsp;&nbsp;&nbsp;At night she sceamin\'&nbsp;&nbsp;&nbsp;&nbsp;夜里她常常大呼小叫', '2020_02_14_10_47_34_034_623_983.mp3', '2020-02-14 10:47:35', '1369614753'),
(11, 'EA7先嗨为敬 (DJ版)', 2, '2020_02_14_10_47_35_035_890_866.jpg', '妖姬', '暂无歌词', '2020_02_14_10_47_35_035_742_967.mp3', '2020-02-14 10:47:35', '1399694812'),
(12, 'bboy danny', 2, '2020_02_14_10_47_35_035_430_189.jpg', '新旭', '暂无歌词', '2020_02_14_10_47_36_036_233_787.mp3', '2020-02-14 10:47:36', '1391281654'),
(13, 'Lost Control', 2, '2020_02_14_10_47_39_039_698_969.jpg', 'Alan Walker', 'Poduced by：Alan Walke/Mood Melodies&nbsp;&nbsp;&nbsp;&nbsp;Published by：MER Publishing/Copyight Contol/Sony/ATV Music Publishing/EMI Music Publishing Denmak/Stella Songs Ltd/Tileyad Music Publishing&nbsp;&nbsp;&nbsp;&nbsp;Pogamme：Alan Walke/Mood Melodies/Big Fed&nbsp;&nbsp;&nbsp;&nbsp;Additional pogamming by：Magnify&nbsp;&nbsp;&nbsp;&nbsp;Vocals by：Soana/Mood Melodies&nbsp;&nbsp;&nbsp;&nbsp;Executive Poduce：Gunna Geve&nbsp;&nbsp;&nbsp;&nbsp;Masteed by：Söen Von Malmbog At Cosmos Masteing in Stockholm, Sweden&nbsp;&nbsp;&nbsp;&nbsp;Co-poduced by：Big Fed/Magnify&nbsp;&nbsp;&nbsp;&nbsp;Mixed by：Söen Von Malmbog At Basecamp Studio in Stockholm, Sweden&nbsp;&nbsp;&nbsp;&nbsp;Recoded at：MER Studios in Oslo, Noway&nbsp;&nbsp;&nbsp;&nbsp;Repetoie Owne：MER Recodings Swedish Deal&nbsp;&nbsp;&nbsp;&nbsp;&nbsp;&nbsp;&nbsp;&nbsp;Mios they neve lie&nbsp;&nbsp;&nbsp;&nbsp;Don\'t see myself inside&nbsp;&nbsp;&nbsp;&nbsp;Why can\'t I get it ight&nbsp;&nbsp;&nbsp;&nbsp;I don\'t know&nbsp;&nbsp;&nbsp;&nbsp;You\'e always watching me fall&nbsp;&nbsp;&nbsp;&nbsp;Shadows they like my wall&nbsp;&nbsp;&nbsp;&nbsp;Why do I feel so small&nbsp;&nbsp;&nbsp;&nbsp;I don\'t know&nbsp;&nbsp;&nbsp;&nbsp;So I walk into the dead of night&nbsp;&nbsp;&nbsp;&nbsp;Whee my monstes like to hide&nbsp;&nbsp;&nbsp;&nbsp;Chaos feels so good inside&nbsp;&nbsp;&nbsp;&nbsp;Now I know&nbsp;&nbsp;&nbsp;&nbsp;I lost&nbsp;&nbsp;&nbsp;&nbsp;I lost&nbsp;&nbsp;&nbsp;&nbsp;I lost contol again&nbsp;&nbsp;&nbsp;&nbsp;Always do the same and I\'m to blame&nbsp;&nbsp;&nbsp;&nbsp;I lost contol again&nbsp;&nbsp;&nbsp;&nbsp;I don\'t&nbsp;&nbsp;&nbsp;&nbsp;I don\'t&nbsp;&nbsp;&nbsp;&nbsp;I don\'t know who I am&nbsp;&nbsp;&nbsp;&nbsp;Always do the same and I\'m to blame&nbsp;&nbsp;&nbsp;&nbsp;I lost contol again&nbsp;&nbsp;&nbsp;&nbsp;Oooh&nbsp;&nbsp;&nbsp;&nbsp;I\'m tied of being afaid&nbsp;&nbsp;&nbsp;&nbsp;But lately I lost my faith&nbsp;&nbsp;&nbsp;&nbsp;What is love without pain&nbsp;&nbsp;&nbsp;&nbsp;It ain\'t home&nbsp;&nbsp;&nbsp;&nbsp;You\'e watching me but I\'m below&nbsp;&nbsp;&nbsp;&nbsp;When I get caught I hope&nbsp;&nbsp;&nbsp;&nbsp;It\'s that kind of blackout that will&nbsp;&nbsp;&nbsp;&nbsp;Take me home&nbsp;&nbsp;&nbsp;&nbsp;So I walk into the dead of night&nbsp;&nbsp;&nbsp;&nbsp;Whee my monstes like to hide&nbsp;&nbsp;&nbsp;&nbsp;Chaos feels so good inside&nbsp;&nbsp;&nbsp;&nbsp;Now I know&nbsp;&nbsp;&nbsp;&nbsp;I lost&nbsp;&nbsp;&nbsp;&nbsp;I lost&nbsp;&nbsp;&nbsp;&nbsp;I lost contol again&nbsp;&nbsp;&nbsp;&nbsp;Always do the same and I\'m to blame&nbsp;&nbsp;&nbsp;&nbsp;I lost contol again&nbsp;&nbsp;&nbsp;&nbsp;I don\'t&nbsp;&nbsp;&nbsp;&nbsp;I don\'t&nbsp;&nbsp;&nbsp;&nbsp;I don\'t know who I am&nbsp;&nbsp;&nbsp;&nbsp;Always do the same and I\'m to blame&nbsp;&nbsp;&nbsp;&nbsp;I lost contol again&nbsp;&nbsp;&nbsp;&nbsp;I know that I\'m a mess&nbsp;&nbsp;&nbsp;&nbsp;But I ain\'t tyna be the best&nbsp;&nbsp;&nbsp;&nbsp;So whateve\'s coming next&nbsp;&nbsp;&nbsp;&nbsp;I\'d bette pay&nbsp;&nbsp;&nbsp;&nbsp;Neve said I was an angel&nbsp;&nbsp;&nbsp;&nbsp;I am damaged all the way&nbsp;&nbsp;&nbsp;&nbsp;So whateve\'s coming next&nbsp;&nbsp;&nbsp;&nbsp;I\'d bette pay&nbsp;&nbsp;&nbsp;&nbsp;I lost&nbsp;&nbsp;&nbsp;&nbsp;I lost&nbsp;&nbsp;&nbsp;&nbsp;I lost contol again&nbsp;&nbsp;&nbsp;&nbsp;Always do the same and I\'m to blame&nbsp;&nbsp;&nbsp;&nbsp;I lost contol again&nbsp;&nbsp;&nbsp;&nbsp;I don\'t&nbsp;&nbsp;&nbsp;&nbsp;I don\'t&nbsp;&nbsp;&nbsp;&nbsp;I don\'t know who I am&nbsp;&nbsp;&nbsp;&nbsp;Always do the same and I\'m to blame&nbsp;&nbsp;&nbsp;&nbsp;I lost contol again', '2020_02_14_10_47_40_040_201_140.mp3', '2020-02-14 10:47:40', '1333160781'),
(14, 'Senbonzakura ', 2, '2020_02_14_10_47_40_040_638_165.jpg', 'Lindsey Stirling', '暂无歌词', '2020_02_14_10_47_40_040_0_421.mp3', '2020-02-14 10:47:41', '31273131'),
(15, '冬眠', 2, '2020_02_14_10_47_41_041_226_544.jpg', '司南', '&nbsp;&nbsp;&nbsp;&nbsp;（版权所有，未经许可请勿使用）&nbsp;&nbsp;&nbsp;&nbsp;巷口灯光忽明忽灭&nbsp;&nbsp;&nbsp;&nbsp;手中甜咖啡已冷却&nbsp;&nbsp;&nbsp;&nbsp;嘴角不经意泄露想念&nbsp;&nbsp;&nbsp;&nbsp;在发呆的窗前凝结&nbsp;&nbsp;&nbsp;&nbsp;其实不爱漫漫长夜&nbsp;&nbsp;&nbsp;&nbsp;因为你才多了情结&nbsp;&nbsp;&nbsp;&nbsp;可是蜷缩的回忆不热烈&nbsp;&nbsp;&nbsp;&nbsp;我如何把孤单融解&nbsp;&nbsp;&nbsp;&nbsp;你看啊春日的蝴蝶&nbsp;&nbsp;&nbsp;&nbsp;你看它颤抖着飞越&nbsp;&nbsp;&nbsp;&nbsp;和风与暖阳倾斜&nbsp;&nbsp;&nbsp;&nbsp;却冰冷 的季节&nbsp;&nbsp;&nbsp;&nbsp;你看啊仲夏的弯月&nbsp;&nbsp;&nbsp;&nbsp;你看它把欢愉偷窃&nbsp;&nbsp;&nbsp;&nbsp;倒挂天际的笑靥&nbsp;&nbsp;&nbsp;&nbsp;故事里的最后一页&nbsp;&nbsp;&nbsp;&nbsp;过往和光阴都重叠&nbsp;&nbsp;&nbsp;&nbsp;我用尽所有字眼去描写&nbsp;&nbsp;&nbsp;&nbsp;无法留你片刻停歇&nbsp;&nbsp;&nbsp;&nbsp;你听啊秋末的落叶&nbsp;&nbsp;&nbsp;&nbsp;你听它叹息着离别&nbsp;&nbsp;&nbsp;&nbsp;只剩我独自领略&nbsp;&nbsp;&nbsp;&nbsp;海与山 风和月&nbsp;&nbsp;&nbsp;&nbsp;你听啊冬至的白雪&nbsp;&nbsp;&nbsp;&nbsp;你听它掩饰着哽咽&nbsp;&nbsp;&nbsp;&nbsp;在没有你的世界&nbsp;&nbsp;&nbsp;&nbsp;你听啊秋末的落叶&nbsp;&nbsp;&nbsp;&nbsp;你听它叹息着离别&nbsp;&nbsp;&nbsp;&nbsp;只剩我独自领略&nbsp;&nbsp;&nbsp;&nbsp;海与山 风和月&nbsp;&nbsp;&nbsp;&nbsp;你听啊冬至的白雪&nbsp;&nbsp;&nbsp;&nbsp;你听它掩饰着哽咽&nbsp;&nbsp;&nbsp;&nbsp;在没有你的世界&nbsp;&nbsp;&nbsp;&nbsp;再没有你的冬眠', '2020_02_14_10_47_41_041_101_571.mp3', '2020-02-14 10:47:42', '1398663411'),
(16, '敘世', 2, '2020_02_14_10_47_42_042_103_265.jpg', 'Aki阿杰', '&nbsp;&nbsp;&nbsp;&nbsp;编曲：吕宏斌&nbsp;&nbsp;&nbsp;&nbsp;&nbsp;&nbsp;&nbsp;&nbsp;&nbsp;&nbsp;&nbsp;&nbsp;这故事曾全作笑谈说&nbsp;&nbsp;&nbsp;&nbsp;楚馆灯影里有几过客&nbsp;&nbsp;&nbsp;&nbsp;她抚下琴音洒落&nbsp;&nbsp;&nbsp;&nbsp;落他舟上此为她停泊&nbsp;&nbsp;&nbsp;&nbsp;窗外春光煦煦正温和&nbsp;&nbsp;&nbsp;&nbsp;执青螺为她眉梢勾勒&nbsp;&nbsp;&nbsp;&nbsp;她哼着未名短歌&nbsp;&nbsp;&nbsp;&nbsp;若此定格能百年成说&nbsp;&nbsp;&nbsp;&nbsp;灯花渐弱似流星陨落&nbsp;&nbsp;&nbsp;&nbsp;韶光流年都束之高阁&nbsp;&nbsp;&nbsp;&nbsp;她寒夜细数更漏痴笑着&nbsp;&nbsp;&nbsp;&nbsp;明朝按新词流霞共酌&nbsp;&nbsp;&nbsp;&nbsp;留下笔墨他已不记得&nbsp;&nbsp;&nbsp;&nbsp;她还梦里哭着呢喃着&nbsp;&nbsp;&nbsp;&nbsp;那回忆尽头似白纸染墨&nbsp;&nbsp;&nbsp;&nbsp;恍然中啊他欠她一诺&nbsp;&nbsp;&nbsp;&nbsp;&nbsp;&nbsp;&nbsp;&nbsp;芙蓉对镜簪三两朵&nbsp;&nbsp;&nbsp;&nbsp;温酒已在炉上煨热&nbsp;&nbsp;&nbsp;&nbsp;他为赴荣华怎会来喝&nbsp;&nbsp;&nbsp;&nbsp;她还难择今日浓妆淡抹&nbsp;&nbsp;&nbsp;&nbsp;待浮华随夕阳隐没&nbsp;&nbsp;&nbsp;&nbsp;她妆容半残乌云微堕&nbsp;&nbsp;&nbsp;&nbsp;看棠花飞散凭栏独坐&nbsp;&nbsp;&nbsp;&nbsp;天际一只伶仃寒鸦过&nbsp;&nbsp;&nbsp;&nbsp;她环着无望自楼台坠落&nbsp;&nbsp;&nbsp;&nbsp;行人说漫天泛出桃花色&nbsp;&nbsp;&nbsp;&nbsp;几度流连不愿放手洒脱&nbsp;&nbsp;&nbsp;&nbsp;却如此诠释半生执着&nbsp;&nbsp;&nbsp;&nbsp;将烬星火是否太炽热&nbsp;&nbsp;&nbsp;&nbsp;明日黄花会开败阡陌&nbsp;&nbsp;&nbsp;&nbsp;晚风一遍遍替她述说&nbsp;&nbsp;&nbsp;&nbsp;谁还记得谁能一笑而过&nbsp;&nbsp;&nbsp;&nbsp;公子呀&nbsp;&nbsp;&nbsp;&nbsp;可见石阶已覆满苔霜&nbsp;&nbsp;&nbsp;&nbsp;鸿雁几渡这青天一方&nbsp;&nbsp;&nbsp;&nbsp;十年来成全春闺梦一场&nbsp;&nbsp;&nbsp;&nbsp;为何落个玉损消香&nbsp;&nbsp;&nbsp;&nbsp;却落个玉损消香&nbsp;&nbsp;&nbsp;&nbsp;&nbsp;&nbsp;&nbsp;&nbsp;和编：@Teence孫&nbsp;&nbsp;&nbsp;&nbsp;箫：@吹着恶魔的笛子&nbsp;&nbsp;&nbsp;&nbsp;韶琴：@陸二胡&nbsp;&nbsp;&nbsp;&nbsp;后期：@M_V子青（汐音社）/@阿鲤&nbsp;&nbsp;&nbsp;&nbsp;题字：@零雨其蒙蒙&nbsp;&nbsp;&nbsp;&nbsp;手绘：@葵未神&nbsp;&nbsp;&nbsp;&nbsp;美工：@Ciyyyo', '2020_02_14_10_47_42_042_420_959.mp3', '2020-02-14 10:47:43', '35447402'),
(17, '往后余生', 3, '2020_02_14_10_47_45_045_280_610.jpg', '马良', '编曲：郭扬、周成&nbsp;&nbsp;&nbsp;&nbsp;在没风的地方找太阳&nbsp;&nbsp;&nbsp;&nbsp;在你冷的地方做暖阳&nbsp;&nbsp;&nbsp;&nbsp;人事纷纷&nbsp;&nbsp;&nbsp;&nbsp;你总太天真&nbsp;&nbsp;&nbsp;&nbsp;往后的余生&nbsp;&nbsp;&nbsp;&nbsp;我只要你&nbsp;&nbsp;&nbsp;&nbsp;往后余生&nbsp;&nbsp;&nbsp;&nbsp;风雪是你&nbsp;&nbsp;&nbsp;&nbsp;平淡是你&nbsp;&nbsp;&nbsp;&nbsp;清贫也是你&nbsp;&nbsp;&nbsp;&nbsp;荣华是你&nbsp;&nbsp;&nbsp;&nbsp;心底温柔是你&nbsp;&nbsp;&nbsp;&nbsp;目光所致&nbsp;&nbsp;&nbsp;&nbsp;也是你&nbsp;&nbsp;&nbsp;&nbsp;&nbsp;&nbsp;&nbsp;&nbsp;想带你去看晴空万里&nbsp;&nbsp;&nbsp;&nbsp;想大声告诉你我为你着迷&nbsp;&nbsp;&nbsp;&nbsp;往事匆匆&nbsp;&nbsp;&nbsp;&nbsp;你总会被感动&nbsp;&nbsp;&nbsp;&nbsp;往后的余生&nbsp;&nbsp;&nbsp;&nbsp;我只要你&nbsp;&nbsp;&nbsp;&nbsp;往后余生&nbsp;&nbsp;&nbsp;&nbsp;冬雪是你&nbsp;&nbsp;&nbsp;&nbsp;春华是你&nbsp;&nbsp;&nbsp;&nbsp;夏雨也是你&nbsp;&nbsp;&nbsp;&nbsp;秋黄是你&nbsp;&nbsp;&nbsp;&nbsp;四季冷暖是你&nbsp;&nbsp;&nbsp;&nbsp;目光所致&nbsp;&nbsp;&nbsp;&nbsp;也是你&nbsp;&nbsp;&nbsp;&nbsp;往后余生&nbsp;&nbsp;&nbsp;&nbsp;风雪是你&nbsp;&nbsp;&nbsp;&nbsp;平淡是你&nbsp;&nbsp;&nbsp;&nbsp;清贫也是你&nbsp;&nbsp;&nbsp;&nbsp;荣华是你&nbsp;&nbsp;&nbsp;&nbsp;心底温柔是你&nbsp;&nbsp;&nbsp;&nbsp;目光所致&nbsp;&nbsp;&nbsp;&nbsp;也是你&nbsp;&nbsp;&nbsp;&nbsp;', '2020_02_14_10_47_45_045_765_945.mp3', '2020-02-14 10:47:46', '557584888'),
(18, '我要找到你 (正式版) (cover：陈明)', 3, '2020_02_14_10_47_46_046_616_866.jpg', '张老板', '&nbsp;&nbsp;&nbsp;&nbsp;有些人爱到忘了形 结果落的一败涂地&nbsp;&nbsp;&nbsp;&nbsp;有些人永远在憧憬 却只差一步距离&nbsp;&nbsp;&nbsp;&nbsp;问世间什么最美丽 爱情绝对是个奇迹&nbsp;&nbsp;&nbsp;&nbsp;我明白会有一颗心 在远方等我靠近&nbsp;&nbsp;&nbsp;&nbsp;喔我要找到你 不管南北东西 直觉会给我指引&nbsp;&nbsp;&nbsp;&nbsp;若是爱上你 别问什么原因 第一眼就能够认出你&nbsp;&nbsp;&nbsp;&nbsp;喔我要找到你 喊出你的名字 打开幸福的盒子&nbsp;&nbsp;&nbsp;&nbsp;让我找到你 就从那一刻起 一开始一路走一辈子&nbsp;&nbsp;&nbsp;&nbsp;问世间什么最美丽 爱情绝对是个奇迹&nbsp;&nbsp;&nbsp;&nbsp;我明白会有一颗心 在远方等我靠近&nbsp;&nbsp;&nbsp;&nbsp;我要找到你 不管南北东西 直觉会给我指引&nbsp;&nbsp;&nbsp;&nbsp;若是爱上你 别问什么原因 第一眼就能够认出你&nbsp;&nbsp;&nbsp;&nbsp;喔我要找到你 喊出你的名字 打开幸福的盒子&nbsp;&nbsp;&nbsp;&nbsp;让我找到你 就从那一刻起 一开始一路走一辈子&nbsp;&nbsp;&nbsp;&nbsp;我要找到你 不管南北东西 直觉会给我指引&nbsp;&nbsp;&nbsp;&nbsp;若是爱上你 别问什么原因 第一眼就能够认出你&nbsp;&nbsp;&nbsp;&nbsp;喔我要找到你 喊出你的名字 打开幸福的盒子&nbsp;&nbsp;&nbsp;&nbsp;让我找到你 就从那一刻起 一开始一路走一辈子&nbsp;&nbsp;&nbsp;&nbsp;', '2020_02_14_10_47_46_046_2_270.mp3', '2020-02-14 10:47:46', '1407222910'),
(19, '爱江山更爱美人', 3, '2020_02_14_10_47_46_046_453_192.jpg', '阿虾', '原唱：李丽芬&nbsp;&nbsp;&nbsp;&nbsp;道不尽红尘舍恋&nbsp;&nbsp;&nbsp;&nbsp;诉不完人间恩怨&nbsp;&nbsp;&nbsp;&nbsp;世世代代都是缘&nbsp;&nbsp;&nbsp;&nbsp;留着相同的血&nbsp;&nbsp;&nbsp;&nbsp;喝着相同的水&nbsp;&nbsp;&nbsp;&nbsp;这条路漫漫又长远&nbsp;&nbsp;&nbsp;&nbsp;红花当然配绿叶&nbsp;&nbsp;&nbsp;&nbsp;这一辈子谁来陪&nbsp;&nbsp;&nbsp;&nbsp;渺渺茫茫来又回&nbsp;&nbsp;&nbsp;&nbsp;往日情景再浮现&nbsp;&nbsp;&nbsp;&nbsp;藕虽断了丝还连&nbsp;&nbsp;&nbsp;&nbsp;轻叹世间事多变迁&nbsp;&nbsp;&nbsp;&nbsp;爱江山更爱美人&nbsp;&nbsp;&nbsp;&nbsp;哪个英雄好汉宁愿孤单&nbsp;&nbsp;&nbsp;&nbsp;好儿郎浑身是胆&nbsp;&nbsp;&nbsp;&nbsp;壮志豪情四海远名扬&nbsp;&nbsp;&nbsp;&nbsp;人生短短几个秋&nbsp;&nbsp;&nbsp;&nbsp;不醉不罢休&nbsp;&nbsp;&nbsp;&nbsp;东边我的美人&nbsp;&nbsp;&nbsp;&nbsp;西边黄河流&nbsp;&nbsp;&nbsp;&nbsp;来呀来个酒&nbsp;&nbsp;&nbsp;&nbsp;不醉不罢休&nbsp;&nbsp;&nbsp;&nbsp;愁情烦事别放心头&nbsp;&nbsp;&nbsp;&nbsp;人生短短几个秋&nbsp;&nbsp;&nbsp;&nbsp;不醉不罢休&nbsp;&nbsp;&nbsp;&nbsp;东边我的美人&nbsp;&nbsp;&nbsp;&nbsp;西边黄河流&nbsp;&nbsp;&nbsp;&nbsp;来呀来个酒&nbsp;&nbsp;&nbsp;&nbsp;不醉不罢休&nbsp;&nbsp;&nbsp;&nbsp;愁情烦事别放心头&nbsp;&nbsp;&nbsp;&nbsp;愁情烦事别放心头&nbsp;&nbsp;&nbsp;&nbsp;监制：丘旺苍@音乐霸&nbsp;&nbsp;&nbsp;&nbsp;制作人：姚书寰姚头@音乐霸&nbsp;&nbsp;&nbsp;&nbsp;统筹：袁晓童&nbsp;&nbsp;&nbsp;&nbsp;企划：丁柏昕&nbsp;&nbsp;&nbsp;&nbsp;执行制作：吕莘@音乐霸&nbsp;&nbsp;&nbsp;&nbsp;编曲：an@异新音乐&nbsp;&nbsp;&nbsp;&nbsp;吉他：李萌&nbsp;&nbsp;&nbsp;&nbsp;贝斯：卫东&nbsp;&nbsp;&nbsp;&nbsp;合声编写：姚书寰姚头 &nbsp;&nbsp;&nbsp;&nbsp;合声：姚书寰姚头 &nbsp;&nbsp;&nbsp;&nbsp;木箱鼓 赖雅芳A-fun）&nbsp;&nbsp;&nbsp;&nbsp;手风琴：吴亚璇 乌鸦&nbsp;&nbsp;&nbsp;&nbsp;录音工程师：余竑龙 / 伊勖贤&nbsp;&nbsp;&nbsp;&nbsp;录音室：红龙制乐 / 柏乐文化事业有限公司&nbsp;&nbsp;&nbsp;&nbsp;混音工程师：李智伟&nbsp;&nbsp;&nbsp;&nbsp;混音录音室：北京新事文化录音室&nbsp;&nbsp;&nbsp;&nbsp;母带后期处理：唐承运&nbsp;&nbsp;&nbsp;&nbsp;设计：关相云&nbsp;&nbsp;&nbsp;&nbsp;', '2020_02_14_10_47_47_047_391_496.mp3', '2020-02-14 10:47:47', '1358554236'),
(20, '乌兰巴托的夜', 3, '2020_02_14_10_47_47_047_2_633.jpg', '江湖乐队', '穿越旷野的风啊&nbsp;&nbsp;&nbsp;&nbsp;你慢些走&nbsp;&nbsp;&nbsp;&nbsp;我用沉默告诉你&nbsp;&nbsp;&nbsp;&nbsp;我醉了酒&nbsp;&nbsp;&nbsp;&nbsp;漂向远方的云啊&nbsp;&nbsp;&nbsp;&nbsp;不要走&nbsp;&nbsp;&nbsp;&nbsp;我用奔跑告诉你 我不回头&nbsp;&nbsp;&nbsp;&nbsp;乌兰巴托的夜啊&nbsp;&nbsp;&nbsp;&nbsp;那么静那么静&nbsp;&nbsp;&nbsp;&nbsp;连云都不知道我不知道&nbsp;&nbsp;&nbsp;&nbsp;乌兰巴托的夜啊&nbsp;&nbsp;&nbsp;&nbsp;那么静那么静&nbsp;&nbsp;&nbsp;&nbsp;连风都不知道我不知道&nbsp;&nbsp;&nbsp;&nbsp;&nbsp;&nbsp;&nbsp;&nbsp;飘荡异乡的人啊&nbsp;&nbsp;&nbsp;&nbsp;在哪里&nbsp;&nbsp;&nbsp;&nbsp;我的肚子开始痛&nbsp;&nbsp;&nbsp;&nbsp;你可知道&nbsp;&nbsp;&nbsp;&nbsp;飞向火焰的鸟儿&nbsp;&nbsp;&nbsp;&nbsp;不要走&nbsp;&nbsp;&nbsp;&nbsp;明知今夜疯掉的啊&nbsp;&nbsp;&nbsp;&nbsp;不止我一个&nbsp;&nbsp;&nbsp;&nbsp;乌兰巴托的夜啊&nbsp;&nbsp;&nbsp;&nbsp;那么静那么静&nbsp;&nbsp;&nbsp;&nbsp;连云都不知道我不知道&nbsp;&nbsp;&nbsp;&nbsp;乌兰巴托的夜啊&nbsp;&nbsp;&nbsp;&nbsp;那么静那么静&nbsp;&nbsp;&nbsp;&nbsp;连风都不知道我不知道&nbsp;&nbsp;&nbsp;&nbsp;乌兰巴托的夜啊&nbsp;&nbsp;&nbsp;&nbsp;那么静那么静&nbsp;&nbsp;&nbsp;&nbsp;连风都不知道我不知道&nbsp;&nbsp;&nbsp;&nbsp;乌兰巴托的夜啊&nbsp;&nbsp;&nbsp;&nbsp;那么静那么静&nbsp;&nbsp;&nbsp;&nbsp;连云都不知道我不知道', '2020_02_14_10_47_47_047_878_681.mp3', '2020-02-14 10:47:48', '362203'),
(21, 'Von den Elben', 3, '2020_02_14_10_47_49_049_917_85.jpg', 'Faun', 'by请叫我五十五&nbsp;&nbsp;&nbsp;&nbsp;Vón den elben wit entsén vil manic man\r&nbsp;&nbsp;&nbsp;&nbsp;Só bin ich von góze liebe entsén\r&nbsp;&nbsp;&nbsp;&nbsp;Von de besten die ie man ze fiunt gewan\r&nbsp;&nbsp;&nbsp;&nbsp;Wil si abe mich daumbe vên,\r&nbsp;&nbsp;&nbsp;&nbsp;Mi zunstaten stên, mac si dan echen sich,\r&nbsp;&nbsp;&nbsp;&nbsp;Unde tuo des ich si bite si föut sô sêe mich,\r&nbsp;&nbsp;&nbsp;&nbsp;Daz min lip vo wunne muoz zegên\r&nbsp;&nbsp;&nbsp;&nbsp;\r&nbsp;&nbsp;&nbsp;&nbsp;Swenne i liehten ougen sô vekêen sich\r&nbsp;&nbsp;&nbsp;&nbsp;Daz si mi alduch mîn heze sên,\r&nbsp;&nbsp;&nbsp;&nbsp;swê da enzwischen danne stêt und iet mich,\r&nbsp;&nbsp;&nbsp;&nbsp;dém müeze al sn wunne ga zegên!\r&nbsp;&nbsp;&nbsp;&nbsp;\r&nbsp;&nbsp;&nbsp;&nbsp;Ich muoz vo i stên unde waten de fouwen mîn\r&nbsp;&nbsp;&nbsp;&nbsp;ehte alsô des tages diu kleinen vogellîn\r&nbsp;&nbsp;&nbsp;&nbsp;Wenne sol mi ieme liep geschên\r&nbsp;&nbsp;&nbsp;&nbsp;\r&nbsp;&nbsp;&nbsp;&nbsp;Mi zunstaten stên, mac si dan echen sich,\r&nbsp;&nbsp;&nbsp;&nbsp;Unde tuo des ich si bite si föut sô sêe mich,\r&nbsp;&nbsp;&nbsp;&nbsp;Daz min lip vo wunne muoz zegên\r&nbsp;&nbsp;&nbsp;&nbsp;', '2020_02_14_10_47_49_049_89_140.mp3', '2020-02-14 10:47:50', '17860124'),
(22, 'Ocean Rose', 3, '2020_02_14_10_47_50_050_332_535.jpg', 'Shine Dion', 'She was a silent white ose&nbsp;&nbsp;&nbsp;&nbsp;who lived in a tall ion towe&nbsp;&nbsp;&nbsp;&nbsp;Baefoot she wandeed in he oom&nbsp;&nbsp;&nbsp;&nbsp;deaming of life and a love&nbsp;&nbsp;&nbsp;&nbsp;And in a night she thew a net&nbsp;&nbsp;&nbsp;&nbsp;into the ocean wide and deep&nbsp;&nbsp;&nbsp;&nbsp;And some of the things she caught in thee&nbsp;&nbsp;&nbsp;&nbsp;made he sad and made he weep&nbsp;&nbsp;&nbsp;&nbsp;A fiey wamth embaced he heat&nbsp;&nbsp;&nbsp;&nbsp;when sunays caught he hai&nbsp;&nbsp;&nbsp;&nbsp;And then she looked upon the wold&nbsp;&nbsp;&nbsp;&nbsp;he longing got had to bea&nbsp;&nbsp;&nbsp;&nbsp;She was locked in an ion towe&nbsp;&nbsp;&nbsp;&nbsp;with windows but no doos to be found&nbsp;&nbsp;&nbsp;&nbsp;Often she listened had at night&nbsp;&nbsp;&nbsp;&nbsp;fo a voice in the ocean＇s sound&nbsp;&nbsp;&nbsp;&nbsp;And voices was mingling with he own&nbsp;&nbsp;&nbsp;&nbsp;waves wee singing,flee the towe&nbsp;&nbsp;&nbsp;&nbsp;By the staiway that takes you down&nbsp;&nbsp;&nbsp;&nbsp;follow the ocean＇s song my flowe&nbsp;&nbsp;&nbsp;&nbsp;Silent the ose went down&nbsp;&nbsp;&nbsp;&nbsp;she was shiveing in the dak and the cold&nbsp;&nbsp;&nbsp;&nbsp;Though in an opening in the wall&nbsp;&nbsp;&nbsp;&nbsp;the ocean sang as fotold&nbsp;&nbsp;&nbsp;&nbsp;Floating upon the wam blue sea&nbsp;&nbsp;&nbsp;&nbsp;by the waves to a shoe she was led&nbsp;&nbsp;&nbsp;&nbsp;Among the tees ed oses gow&nbsp;&nbsp;&nbsp;&nbsp;and the white ose tuned to ed', '2020_02_14_10_47_50_050_978_359.mp3', '2020-02-14 10:47:51', '4281062'),
(23, 'Nostalgica avanguardia', 3, '2020_02_14_10_47_51_051_414_720.jpg', 'Corde Oblique', 'Vecchi catoni animati&nbsp;&nbsp;&nbsp;&nbsp;ean loo le fiabe dipinte a mano&nbsp;&nbsp;&nbsp;&nbsp;oggi clonate dalle stoie dei nosti disagi meccanici&nbsp;&nbsp;&nbsp;&nbsp;Si, le enegie son sapoi misti&nbsp;&nbsp;&nbsp;&nbsp;e nessuno che accoto se n’è&nbsp;&nbsp;&nbsp;&nbsp;tutto quello che mi muove è&nbsp;&nbsp;&nbsp;&nbsp;una nostalgica avanguadia&nbsp;&nbsp;&nbsp;&nbsp;La stoia incide i suoi gaffiti&nbsp;&nbsp;&nbsp;&nbsp;dento tutte queste doleîes&nbsp;&nbsp;&nbsp;&nbsp;che inconiciano tutti i gioni case e uomini in questa città&nbsp;&nbsp;&nbsp;&nbsp;Sono due amanti muti&nbsp;&nbsp;&nbsp;&nbsp;che accontano fiabe di una tea buciata&nbsp;&nbsp;&nbsp;&nbsp;c’è gazia d’educazione&nbsp;&nbsp;&nbsp;&nbsp;e c’è gazia di gentilezza innata&nbsp;&nbsp;&nbsp;&nbsp;c’è chi mi dice&nbsp;&nbsp;&nbsp;&nbsp;“bisogna spietatamente esse sincei con sé stessi”&nbsp;&nbsp;&nbsp;&nbsp;La stoia incide i suoi gaffiti&nbsp;&nbsp;&nbsp;&nbsp;dento tutte queste doleîes&nbsp;&nbsp;&nbsp;&nbsp;che inconiciano tutti i gioni case e uomini di ogni città&nbsp;&nbsp;&nbsp;&nbsp;“L’ate espime una nuova bellezza&nbsp;&nbsp;&nbsp;&nbsp;che a sua volta suggeisce&nbsp;&nbsp;&nbsp;&nbsp;una nuova agione e&nbsp;&nbsp;&nbsp;&nbsp;pesume una nuova moalità”&nbsp;&nbsp;&nbsp;&nbsp;Fiabe sintetiche, disagi meccanici, inconti&nbsp;&nbsp;&nbsp;&nbsp;che i bambini guadano senza più sentie,&nbsp;&nbsp;&nbsp;&nbsp;come se la Stoia fosse un naufagio di intenti&nbsp;&nbsp;&nbsp;&nbsp;e noi i capitani di questa pia zattea al vento', '2020_02_14_10_47_51_051_188_159.mp3', '2020-02-14 10:47:52', '20539937'),
(24, 'Enchanters', 3, '2020_02_14_10_47_52_052_606_197.jpg', 'Raney Shockne', 'byZoeandKim&nbsp;&nbsp;&nbsp;&nbsp;tiEnchantes\r&nbsp;&nbsp;&nbsp;&nbsp;aRaney Shockne\r&nbsp;&nbsp;&nbsp;&nbsp;alDagon AgeInquisition\r&nbsp;&nbsp;&nbsp;&nbsp;by九九Lc歌词网～wwwLcnet\r&nbsp;&nbsp;&nbsp;&nbsp;Enchantes! \r&nbsp;&nbsp;&nbsp;&nbsp;the time has come to be alive\r&nbsp;&nbsp;&nbsp;&nbsp;with the cicle of magi,whee we will thive\r&nbsp;&nbsp;&nbsp;&nbsp;with ou bothes\r&nbsp;&nbsp;&nbsp;&nbsp;\r&nbsp;&nbsp;&nbsp;&nbsp;\r&nbsp;&nbsp;&nbsp;&nbsp;Enchantes emind\r&nbsp;&nbsp;&nbsp;&nbsp;that time will not unwind,\r&nbsp;&nbsp;&nbsp;&nbsp;the dagon\'s cooked spine,\r&nbsp;&nbsp;&nbsp;&nbsp;will neve staighten into line\r&nbsp;&nbsp;&nbsp;&nbsp;\r&nbsp;&nbsp;&nbsp;&nbsp;\r&nbsp;&nbsp;&nbsp;&nbsp;Ou plea will be\r&nbsp;&nbsp;&nbsp;&nbsp;a faithful end decee,\r&nbsp;&nbsp;&nbsp;&nbsp;whee a man will not eteat\r&nbsp;&nbsp;&nbsp;&nbsp;fom the defeat of his fathes\r&nbsp;&nbsp;&nbsp;&nbsp;\r&nbsp;&nbsp;&nbsp;&nbsp;\r&nbsp;&nbsp;&nbsp;&nbsp;Enchante!\r&nbsp;&nbsp;&nbsp;&nbsp;a time has come fo battle line,\r&nbsp;&nbsp;&nbsp;&nbsp;we will cut these knotted ties,\r&nbsp;&nbsp;&nbsp;&nbsp;and some may live and some may die\r&nbsp;&nbsp;&nbsp;&nbsp;\r&nbsp;&nbsp;&nbsp;&nbsp;\r&nbsp;&nbsp;&nbsp;&nbsp;Enchante,come to me,\r&nbsp;&nbsp;&nbsp;&nbsp;Enchante,come to me,\r&nbsp;&nbsp;&nbsp;&nbsp;Enchante,come to see,\r&nbsp;&nbsp;&nbsp;&nbsp;can-a you,can-a you come to see,\r&nbsp;&nbsp;&nbsp;&nbsp;as you once wee blind\r&nbsp;&nbsp;&nbsp;&nbsp;in the light now you can sing\r&nbsp;&nbsp;&nbsp;&nbsp;in ou stength we can ely,\r&nbsp;&nbsp;&nbsp;&nbsp;and histoy will not epeat\r&nbsp;&nbsp;&nbsp;&nbsp;\r&nbsp;&nbsp;&nbsp;&nbsp;\r&nbsp;&nbsp;&nbsp;&nbsp;Enchante,come to me,\r&nbsp;&nbsp;&nbsp;&nbsp;Enchante,come to me,\r&nbsp;&nbsp;&nbsp;&nbsp;Enchante,come to see,\r&nbsp;&nbsp;&nbsp;&nbsp;can-a you,can-a you come to see,\r&nbsp;&nbsp;&nbsp;&nbsp;as you once wee blind\r&nbsp;&nbsp;&nbsp;&nbsp;in the light now you can sing\r&nbsp;&nbsp;&nbsp;&nbsp;in ou stength we can ely,\r&nbsp;&nbsp;&nbsp;&nbsp;and histoy will not epeat\r&nbsp;&nbsp;&nbsp;&nbsp;\r&nbsp;&nbsp;&nbsp;&nbsp;\r&nbsp;&nbsp;&nbsp;&nbsp;Enchantes! \r&nbsp;&nbsp;&nbsp;&nbsp;the time has come to be alive\r&nbsp;&nbsp;&nbsp;&nbsp;with the cicle of magi,whee we will thive\r&nbsp;&nbsp;&nbsp;&nbsp;with ou bothes\r&nbsp;&nbsp;&nbsp;&nbsp;\r&nbsp;&nbsp;&nbsp;&nbsp;\r&nbsp;&nbsp;&nbsp;&nbsp;Enchantes emind\r&nbsp;&nbsp;&nbsp;&nbsp;that time will not unwind,\r&nbsp;&nbsp;&nbsp;&nbsp;the dagon\'s cooked spine,\r&nbsp;&nbsp;&nbsp;&nbsp;will neve staighten into line\r&nbsp;&nbsp;&nbsp;&nbsp;\r&nbsp;&nbsp;&nbsp;&nbsp;\r&nbsp;&nbsp;&nbsp;&nbsp;Ou plea will be\r&nbsp;&nbsp;&nbsp;&nbsp;a faithful end decee,\r&nbsp;&nbsp;&nbsp;&nbsp;whee a man will not eteat\r&nbsp;&nbsp;&nbsp;&nbsp;fom the defeat of his fathes\r&nbsp;&nbsp;&nbsp;&nbsp;\r&nbsp;&nbsp;&nbsp;&nbsp;\r&nbsp;&nbsp;&nbsp;&nbsp;Enchante!\r&nbsp;&nbsp;&nbsp;&nbsp;a time has come fo battle line,\r&nbsp;&nbsp;&nbsp;&nbsp;we will cut these knotted ties,\r&nbsp;&nbsp;&nbsp;&nbsp;and some may live and some may die\r&nbsp;&nbsp;&nbsp;&nbsp;\r&nbsp;&nbsp;&nbsp;&nbsp;\r&nbsp;&nbsp;&nbsp;&nbsp;Enchante,come to me,\r&nbsp;&nbsp;&nbsp;&nbsp;Enchante,come to me,\r&nbsp;&nbsp;&nbsp;&nbsp;Enchante,come to see,\r&nbsp;&nbsp;&nbsp;&nbsp;can-a you,can-a you come to see,\r&nbsp;&nbsp;&nbsp;&nbsp;as you once wee blind\r&nbsp;&nbsp;&nbsp;&nbsp;in the light now you can sing\r&nbsp;&nbsp;&nbsp;&nbsp;in ou stength we can ely,\r&nbsp;&nbsp;&nbsp;&nbsp;and histoy will not epeat\r&nbsp;&nbsp;&nbsp;&nbsp;\r&nbsp;&nbsp;&nbsp;&nbsp;\r&nbsp;&nbsp;&nbsp;&nbsp;Enchante,come to me,\r&nbsp;&nbsp;&nbsp;&nbsp;Enchante,come to me,\r&nbsp;&nbsp;&nbsp;&nbsp;Enchante,come to see,\r&nbsp;&nbsp;&nbsp;&nbsp;can-a you,can-a you come to see,\r&nbsp;&nbsp;&nbsp;&nbsp;as you once wee blind\r&nbsp;&nbsp;&nbsp;&nbsp;in the light now you can sing\r&nbsp;&nbsp;&nbsp;&nbsp;in ou stength we can ely,\r&nbsp;&nbsp;&nbsp;&nbsp;and histoy will not epeat\r&nbsp;&nbsp;&nbsp;&nbsp;\r&nbsp;&nbsp;&nbsp;&nbsp;\r&nbsp;&nbsp;&nbsp;&nbsp;', '2020_02_14_10_47_52_052_626_671.mp3', '2020-02-14 10:47:53', '31529024'),
(25, 'Cooler Than Me', 4, '2020_02_14_10_47_54_054_131_463.jpg', 'Lucky Luke', 'bysjlzeo&nbsp;&nbsp;&nbsp;&nbsp;byActime字幕软件 Po \r&nbsp;&nbsp;&nbsp;&nbsp;If I could wite you a song to make you fall in love\r&nbsp;&nbsp;&nbsp;&nbsp;I would aleady have you up unde my am \r&nbsp;&nbsp;&nbsp;&nbsp;I used up all my ticks, I hope that you like this \r&nbsp;&nbsp;&nbsp;&nbsp;But, you pobably won\'t, you think you\'e coole than me\r&nbsp;&nbsp;&nbsp;&nbsp;You got designe shades just to hide you face\r&nbsp;&nbsp;&nbsp;&nbsp;And you wea \'em aound like you\'e coole than me\r&nbsp;&nbsp;&nbsp;&nbsp;And you neve say hey, o emembe my name \r&nbsp;&nbsp;&nbsp;&nbsp;And it\'s pobably \'cause you think you\'e coole than me\r&nbsp;&nbsp;&nbsp;&nbsp;Coole than me\r&nbsp;&nbsp;&nbsp;&nbsp;You got you high bow, shoes on you feet\r&nbsp;&nbsp;&nbsp;&nbsp;And you wea \'em aound like it ain\'t shit \r&nbsp;&nbsp;&nbsp;&nbsp;But you don\'t know the way that you look\r&nbsp;&nbsp;&nbsp;&nbsp;When you steps make that much noise \r&nbsp;&nbsp;&nbsp;&nbsp;Shh\r&nbsp;&nbsp;&nbsp;&nbsp;I got you all figued out\r&nbsp;&nbsp;&nbsp;&nbsp;You need eveyone\'s eyes just to feel seen\r&nbsp;&nbsp;&nbsp;&nbsp;Behind you make up nobody knows who you even ae\r&nbsp;&nbsp;&nbsp;&nbsp;Who do you think that you ae\r&nbsp;&nbsp;&nbsp;&nbsp;If I could wite you a song to make you fall in love\r&nbsp;&nbsp;&nbsp;&nbsp;I would aleady have you up unde my am\r&nbsp;&nbsp;&nbsp;&nbsp;I used up all my ticks, I hope that you like this\r&nbsp;&nbsp;&nbsp;&nbsp;But, you pobably won\'t, you think you\'e coole than me \r&nbsp;&nbsp;&nbsp;&nbsp;You got designe shades just to hide you face\r&nbsp;&nbsp;&nbsp;&nbsp;And you wea \'em aound like you\'e coole than me \r&nbsp;&nbsp;&nbsp;&nbsp;And you neve say hey, o emembe my name\r&nbsp;&nbsp;&nbsp;&nbsp;And it\'s pobably \'cause you think you\'e coole than me\r&nbsp;&nbsp;&nbsp;&nbsp; \r&nbsp;&nbsp;&nbsp;&nbsp;', '2020_02_14_10_47_54_054_888_681.mp3', '2020-02-14 10:47:55', '1377466954'),
(26, 'Don\'t (Don Diablo Remix)', 4, '2020_02_14_10_47_55_055_137_359.jpg', 'Ed Sheeran', 'byPupose-Li&nbsp;&nbsp;&nbsp;&nbsp;Ah-la-la-la-la&nbsp;&nbsp;&nbsp;&nbsp;Don’t fxxk with my love&nbsp;&nbsp;&nbsp;&nbsp;That heat is so cold&nbsp;&nbsp;&nbsp;&nbsp;All ove my am&nbsp;&nbsp;&nbsp;&nbsp;I don’t wanna know that babe&nbsp;&nbsp;&nbsp;&nbsp;Ah-la-la-la-la&nbsp;&nbsp;&nbsp;&nbsp;Don’t fxxk with my love&nbsp;&nbsp;&nbsp;&nbsp;I told he she knows&nbsp;&nbsp;&nbsp;&nbsp;Take aim and eload&nbsp;&nbsp;&nbsp;&nbsp;I don’t wanna know that babe&nbsp;&nbsp;&nbsp;&nbsp;Ah-la-la-la-la&nbsp;&nbsp;&nbsp;&nbsp;Don’t fxxk with my love&nbsp;&nbsp;&nbsp;&nbsp;My love&nbsp;&nbsp;&nbsp;&nbsp;My love&nbsp;&nbsp;&nbsp;&nbsp;My love&nbsp;&nbsp;&nbsp;&nbsp;My love&nbsp;&nbsp;&nbsp;&nbsp;My love&nbsp;&nbsp;&nbsp;&nbsp;Don’t fxxk with my love&nbsp;&nbsp;&nbsp;&nbsp;I met this gil late last yea&nbsp;&nbsp;&nbsp;&nbsp;She said don’t you woy if I disappea&nbsp;&nbsp;&nbsp;&nbsp;I told he I’m not eally looking fo anothe mistake&nbsp;&nbsp;&nbsp;&nbsp;I called an old fiend thinking that the touble would wait&nbsp;&nbsp;&nbsp;&nbsp;But then I jump ight in&nbsp;&nbsp;&nbsp;&nbsp;A week late etun&nbsp;&nbsp;&nbsp;&nbsp;I eckon she was only looking fo a love to bun&nbsp;&nbsp;&nbsp;&nbsp;But I gave he my time fo two o thee nights&nbsp;&nbsp;&nbsp;&nbsp;Then I put it on pause until the moment was ight&nbsp;&nbsp;&nbsp;&nbsp;I went away fo months until ou paths cossed again&nbsp;&nbsp;&nbsp;&nbsp;She told me I was neve looking fo a fiend&nbsp;&nbsp;&nbsp;&nbsp;Maybe you could swing by my oom aound &nbsp;&nbsp;&nbsp;&nbsp;Baby bing a lemon and a bottle of gin&nbsp;&nbsp;&nbsp;&nbsp;We’ll be in between the sheets until the late AM &nbsp;&nbsp;&nbsp;&nbsp;Baby if you wanted me then you should’ve just said&nbsp;&nbsp;&nbsp;&nbsp;She’s singing&nbsp;&nbsp;&nbsp;&nbsp;Ah-la-la-la-la&nbsp;&nbsp;&nbsp;&nbsp;Don’t fxxk with my love&nbsp;&nbsp;&nbsp;&nbsp;Don’t fxxk with my love&nbsp;&nbsp;&nbsp;&nbsp;That heat is so cold&nbsp;&nbsp;&nbsp;&nbsp;All ove my am&nbsp;&nbsp;&nbsp;&nbsp;I don’t wanna know that babe&nbsp;&nbsp;&nbsp;&nbsp;Ah-la-la-la-la&nbsp;&nbsp;&nbsp;&nbsp;Don’t fxxk with my love&nbsp;&nbsp;&nbsp;&nbsp;I told he she knows&nbsp;&nbsp;&nbsp;&nbsp;Take aim and eload&nbsp;&nbsp;&nbsp;&nbsp;I don’t wanna know that babe&nbsp;&nbsp;&nbsp;&nbsp;Ah-la-la-la-la&nbsp;&nbsp;&nbsp;&nbsp;Ah-la-la-la-la&nbsp;&nbsp;&nbsp;&nbsp;Don’t fxxk with my love&nbsp;&nbsp;&nbsp;&nbsp;That heat is so cold&nbsp;&nbsp;&nbsp;&nbsp;All ove my am&nbsp;&nbsp;&nbsp;&nbsp;I don’t wanna know that babe&nbsp;&nbsp;&nbsp;&nbsp;know that babe&nbsp;&nbsp;&nbsp;&nbsp;know that babe&nbsp;&nbsp;&nbsp;&nbsp;know that babeAh-la-la-la-la&nbsp;&nbsp;&nbsp;&nbsp;Don’t fxxk with my love&nbsp;&nbsp;&nbsp;&nbsp;Fo a couple weeks I&nbsp;&nbsp;&nbsp;&nbsp;Only want to see he&nbsp;&nbsp;&nbsp;&nbsp;We dink away the days with a take away pizza&nbsp;&nbsp;&nbsp;&nbsp;Befoe a text message was the only way to each he&nbsp;&nbsp;&nbsp;&nbsp;Now she’s staying at my place and loves the way I teat he&nbsp;&nbsp;&nbsp;&nbsp;Singing out Aetha&nbsp;&nbsp;&nbsp;&nbsp;All ove the tack like a featue&nbsp;&nbsp;&nbsp;&nbsp;Neve wants to sleep I guess that I don’t want to eithe&nbsp;&nbsp;&nbsp;&nbsp;But me and he we make money the same way&nbsp;&nbsp;&nbsp;&nbsp;Fou cities, two planes the same day&nbsp;&nbsp;&nbsp;&nbsp;Those shows have neve been what it’s about&nbsp;&nbsp;&nbsp;&nbsp;But maybe we’ll go togethe and just figue it out&nbsp;&nbsp;&nbsp;&nbsp;I’d athe put on a film with you and sit on the couch&nbsp;&nbsp;&nbsp;&nbsp;But we should get on a plane&nbsp;&nbsp;&nbsp;&nbsp;O we’ll be missing it now&nbsp;&nbsp;&nbsp;&nbsp;Wish I’d have witten it down&nbsp;&nbsp;&nbsp;&nbsp;The way that things played out&nbsp;&nbsp;&nbsp;&nbsp;When she was kissing him how&nbsp;&nbsp;&nbsp;&nbsp;I was confused about&nbsp;&nbsp;&nbsp;&nbsp;She should figue it out while I’m sat hee singing&nbsp;&nbsp;&nbsp;&nbsp;Don’t fxxk with my love&nbsp;&nbsp;&nbsp;&nbsp;That heat is so cold&nbsp;&nbsp;&nbsp;&nbsp;All ove my am&nbsp;&nbsp;&nbsp;&nbsp;I don’t wanna know that babe&nbsp;&nbsp;&nbsp;&nbsp;Ah-la-la-la-la&nbsp;&nbsp;&nbsp;&nbsp;Don’t fxxk with my love&nbsp;&nbsp;&nbsp;&nbsp;I told he she knows&nbsp;&nbsp;&nbsp;&nbsp;Take aim and eload&nbsp;&nbsp;&nbsp;&nbsp;I don’t wanna know that babe&nbsp;&nbsp;&nbsp;&nbsp;Ah-la-la-la-la&nbsp;&nbsp;&nbsp;&nbsp;Don’t fxxk with my love', '2020_02_14_10_47_55_055_276_925.mp3', '2020-02-14 10:47:55', '29012037'),
(27, 'I Won\'t Lie', 4, '2020_02_14_10_47_55_055_634_337.jpg', 'Krimsonn', 'byAwesomescmc&nbsp;&nbsp;&nbsp;&nbsp;Oh, you push me away\r&nbsp;&nbsp;&nbsp;&nbsp;No, I won\'t lie\r&nbsp;&nbsp;&nbsp;&nbsp;Can\'t believe I miss you body at night\r&nbsp;&nbsp;&nbsp;&nbsp;If I head what people say\r&nbsp;&nbsp;&nbsp;&nbsp;Let me a cleaify\r&nbsp;&nbsp;&nbsp;&nbsp;I don\'t give up\r&nbsp;&nbsp;&nbsp;&nbsp;I don\'t give up\r&nbsp;&nbsp;&nbsp;&nbsp;Déjame vivi mi vida así no mas\r&nbsp;&nbsp;&nbsp;&nbsp;Ya me cansé de tí, ¿paa qué te cuento\r&nbsp;&nbsp;&nbsp;&nbsp;No busques nada conmigo, ¿No entendéis\r&nbsp;&nbsp;&nbsp;&nbsp;No hay nada que hace\r&nbsp;&nbsp;&nbsp;&nbsp;Ya se pasó el momento\r&nbsp;&nbsp;&nbsp;&nbsp;Oh, you push me away\r&nbsp;&nbsp;&nbsp;&nbsp;No, I won\'t lie\r&nbsp;&nbsp;&nbsp;&nbsp;Can\'t believe I miss you body at night\r&nbsp;&nbsp;&nbsp;&nbsp;If I head what people say\r&nbsp;&nbsp;&nbsp;&nbsp;Let me a cleaify\r&nbsp;&nbsp;&nbsp;&nbsp;I don\'t give up\r&nbsp;&nbsp;&nbsp;&nbsp;Déjame vivi mi vida así no mas\r&nbsp;&nbsp;&nbsp;&nbsp;Ya me cansé de tí, paa qué te cuento\r&nbsp;&nbsp;&nbsp;&nbsp;No busques nada conmigo, ¿No entendéis\r&nbsp;&nbsp;&nbsp;&nbsp;No hay nada que hace\r&nbsp;&nbsp;&nbsp;&nbsp;Ya se pasó el momento\r&nbsp;&nbsp;&nbsp;&nbsp;Oh, you push me away\r&nbsp;&nbsp;&nbsp;&nbsp;No, I won\'t lie\r&nbsp;&nbsp;&nbsp;&nbsp;Can\'t believe I miss you body at night\r&nbsp;&nbsp;&nbsp;&nbsp;If I head what people say\r&nbsp;&nbsp;&nbsp;&nbsp;Let me a cleaify\r&nbsp;&nbsp;&nbsp;&nbsp;I don\'t give up', '2020_02_14_10_47_55_055_968_430.mp3', '2020-02-14 10:47:56', '1378371937'),
(28, 'Hello My Loneliness', 4, '2020_02_14_10_47_56_056_219_839.jpg', 'Delaney Jane', 'byTap_Gil&nbsp;&nbsp;&nbsp;&nbsp;Hello my loneliness\r&nbsp;&nbsp;&nbsp;&nbsp;So we meet again\r&nbsp;&nbsp;&nbsp;&nbsp;You haven\'t changed a bit\r&nbsp;&nbsp;&nbsp;&nbsp;I\'m getting used to it\r&nbsp;&nbsp;&nbsp;&nbsp;Remembe when I told you,\r&nbsp;&nbsp;&nbsp;&nbsp;I neve wanted to speak again\r&nbsp;&nbsp;&nbsp;&nbsp;Hello my loneliness\r&nbsp;&nbsp;&nbsp;&nbsp;This time can we be fiends\r&nbsp;&nbsp;&nbsp;&nbsp;Wake up, out of commission\r&nbsp;&nbsp;&nbsp;&nbsp;Tuth is, I eally miss him\r&nbsp;&nbsp;&nbsp;&nbsp;Tuth is, I know I did this\r&nbsp;&nbsp;&nbsp;&nbsp;No, I neve listen\r&nbsp;&nbsp;&nbsp;&nbsp;To all, my inhibitions\r&nbsp;&nbsp;&nbsp;&nbsp;Instead, I\'m buning bidges\r&nbsp;&nbsp;&nbsp;&nbsp;Pomise, this time is diffeent\r&nbsp;&nbsp;&nbsp;&nbsp;This time is diffeent\r&nbsp;&nbsp;&nbsp;&nbsp;Seeing little pieces of myself, I\'m in the dak\r&nbsp;&nbsp;&nbsp;&nbsp;Shoulda listened to the voice inside my heat\r&nbsp;&nbsp;&nbsp;&nbsp;Hello my loneliness\r&nbsp;&nbsp;&nbsp;&nbsp;So we meet again\r&nbsp;&nbsp;&nbsp;&nbsp;You haven\'t changed a bit\r&nbsp;&nbsp;&nbsp;&nbsp;I\'m getting used to it\r&nbsp;&nbsp;&nbsp;&nbsp;Remembe when I told you,\r&nbsp;&nbsp;&nbsp;&nbsp;I neve wanted to speak again\r&nbsp;&nbsp;&nbsp;&nbsp;Hello my loneliness\r&nbsp;&nbsp;&nbsp;&nbsp;This time can we be fiends\r&nbsp;&nbsp;&nbsp;&nbsp;This time can we be fiends\r&nbsp;&nbsp;&nbsp;&nbsp;This time can we be fiends\r&nbsp;&nbsp;&nbsp;&nbsp;Feel me at  in the moning\r&nbsp;&nbsp;&nbsp;&nbsp;Eyes buning fom all the teas you\'ve cied\r&nbsp;&nbsp;&nbsp;&nbsp;I feel a fiendship is foming\r&nbsp;&nbsp;&nbsp;&nbsp;You need someone who stays by you side\r&nbsp;&nbsp;&nbsp;&nbsp;And I see the way you look\r&nbsp;&nbsp;&nbsp;&nbsp;When you look in the mio\r&nbsp;&nbsp;&nbsp;&nbsp;Stuck with fea, stuck fo yeas\r&nbsp;&nbsp;&nbsp;&nbsp;But I\'m down fo life\r&nbsp;&nbsp;&nbsp;&nbsp;So it\'s up fom hee\r&nbsp;&nbsp;&nbsp;&nbsp;I\'ll neve leave\r&nbsp;&nbsp;&nbsp;&nbsp;And if you eve need a level head to help you think\r&nbsp;&nbsp;&nbsp;&nbsp;O maybe just to let you be I\'ll be that fo you\r&nbsp;&nbsp;&nbsp;&nbsp;I\'ve seen bad so babe I\'ll neve be bad to you\r&nbsp;&nbsp;&nbsp;&nbsp;So just elax, I\'ll glue back the pieces fo you like\r&nbsp;&nbsp;&nbsp;&nbsp;Seeing little pieces of myself, I\'m in the dak\r&nbsp;&nbsp;&nbsp;&nbsp;Shoulda listened to the voice inside my heat\r&nbsp;&nbsp;&nbsp;&nbsp;Yeah, yeah, yeah, yeah\r&nbsp;&nbsp;&nbsp;&nbsp;Hello my loneliness\r&nbsp;&nbsp;&nbsp;&nbsp;So we meet again\r&nbsp;&nbsp;&nbsp;&nbsp;You haven\'t changed a bit\r&nbsp;&nbsp;&nbsp;&nbsp;I\'m getting used to it\r&nbsp;&nbsp;&nbsp;&nbsp;Remembe when I told you,\r&nbsp;&nbsp;&nbsp;&nbsp;I neve wanted to speak again\r&nbsp;&nbsp;&nbsp;&nbsp;Hello my loneliness\r&nbsp;&nbsp;&nbsp;&nbsp;This time can we be fiends\r&nbsp;&nbsp;&nbsp;&nbsp;This time can we be fiends\r&nbsp;&nbsp;&nbsp;&nbsp;This time can we be fiends\r&nbsp;&nbsp;&nbsp;&nbsp;You only see me at my wost\r&nbsp;&nbsp;&nbsp;&nbsp;You know I got you when it huts\r&nbsp;&nbsp;&nbsp;&nbsp;You only come out when I\'m lonely\r&nbsp;&nbsp;&nbsp;&nbsp;Well maybe this time get to know me\r&nbsp;&nbsp;&nbsp;&nbsp;Hello my loneliness\r&nbsp;&nbsp;&nbsp;&nbsp;So we meet again\r&nbsp;&nbsp;&nbsp;&nbsp;You haven\'t changed a bit\r&nbsp;&nbsp;&nbsp;&nbsp;I\'m getting used to it\r&nbsp;&nbsp;&nbsp;&nbsp;Remembe when I told you,\r&nbsp;&nbsp;&nbsp;&nbsp;I neve wanted to speak again\r&nbsp;&nbsp;&nbsp;&nbsp;Hello my loneliness\r&nbsp;&nbsp;&nbsp;&nbsp;This time can we be fiends\r&nbsp;&nbsp;&nbsp;&nbsp;This time can we be fiends\r&nbsp;&nbsp;&nbsp;&nbsp;This time can we be fiends\r&nbsp;&nbsp;&nbsp;&nbsp;This time can we be fiends\r&nbsp;&nbsp;&nbsp;&nbsp;', '2020_02_14_10_47_56_056_329_308.mp3', '2020-02-14 10:47:57', '1381703334');
INSERT INTO `music` (`id`, `musicname`, `typeid`, `image`, `singer`, `lyric`, `url`, `createtime`, `wid`) VALUES
(29, 'GHEN (cloudfield Remix)', 4, '2020_02_14_10_47_57_057_177_869.jpg', 'Erik', 'by墨尔本bounce&nbsp;&nbsp;&nbsp;&nbsp;  giờ sáng, anh gọi em không nhấc máy\r&nbsp;&nbsp;&nbsp;&nbsp; Không một tin nhắn từ tối qua\r&nbsp;&nbsp;&nbsp;&nbsp; Không hề biết em ngủ chưa hay vẫn thức\r&nbsp;&nbsp;&nbsp;&nbsp; Hay đang ở một nơi ất xa\r&nbsp;&nbsp;&nbsp;&nbsp; \r&nbsp;&nbsp;&nbsp;&nbsp; Ooh ooh ooh Có lẽ em đang vui bên người khác, tong một vòng tay ấm áp\r&nbsp;&nbsp;&nbsp;&nbsp; Ooh ooh ooh Có lẽ anh đang say tong ảo giác, từng hờn ghen như bùng cháy lên\r&nbsp;&nbsp;&nbsp;&nbsp; \r&nbsp;&nbsp;&nbsp;&nbsp; Bởi vì anh ghen ghen ghen ghen mà\r&nbsp;&nbsp;&nbsp;&nbsp; Vì anh đang yêu em thôi thôi thôi mà\r&nbsp;&nbsp;&nbsp;&nbsp; Là anh đang ghen ghen ghen ghen mà\r&nbsp;&nbsp;&nbsp;&nbsp; Bởi vì anh đã quá yêu em, quá yêu em\r&nbsp;&nbsp;&nbsp;&nbsp; \r&nbsp;&nbsp;&nbsp;&nbsp; Ghen ghen ghen ghen mà\r&nbsp;&nbsp;&nbsp;&nbsp; Vì anh đang yêu em thôi thôi thôi mà\r&nbsp;&nbsp;&nbsp;&nbsp; Là anh đang ghen ghen ghen ghen mà\r&nbsp;&nbsp;&nbsp;&nbsp; Bởi vì anh đã quá yêu em, quá yêu em\r&nbsp;&nbsp;&nbsp;&nbsp; \r&nbsp;&nbsp;&nbsp;&nbsp; Quá yêu em, quá yêu em\r&nbsp;&nbsp;&nbsp;&nbsp; Bởi vì anh đã quá yêu em, quá yêu em\r&nbsp;&nbsp;&nbsp;&nbsp; \r&nbsp;&nbsp;&nbsp;&nbsp;  giờ sáng, căn phòng khuya đang ấm áp\r&nbsp;&nbsp;&nbsp;&nbsp; Bỗng dòng tin nhắn chơt lướt qua\r&nbsp;&nbsp;&nbsp;&nbsp; “Em ở đâu Đã ngủ chưa hay vẫn thức”\r&nbsp;&nbsp;&nbsp;&nbsp; “Hay bây giờ đây anh đến nhà”\r&nbsp;&nbsp;&nbsp;&nbsp; \r&nbsp;&nbsp;&nbsp;&nbsp; Ooh ooh ooh Có lẽ anh lo âu không cần thiết, chắc điều đấy anh cũng biết\r&nbsp;&nbsp;&nbsp;&nbsp; Ooh ooh ooh Có lẽ anh đang say tong ảo giác, từng hờn ghen như bùng cháy lên\r&nbsp;&nbsp;&nbsp;&nbsp; \r&nbsp;&nbsp;&nbsp;&nbsp; Bởi vì anh ghen ghen ghen ghen mà\r&nbsp;&nbsp;&nbsp;&nbsp; Vì anh đang yêu em thôi thôi thôi mà\r&nbsp;&nbsp;&nbsp;&nbsp; Là anh đang ghen ghen ghen ghen mà\r&nbsp;&nbsp;&nbsp;&nbsp; Bởi vì anh đã quá yêu em, quá yêu em\r&nbsp;&nbsp;&nbsp;&nbsp; \r&nbsp;&nbsp;&nbsp;&nbsp; Ghen ghen ghen ghen mà\r&nbsp;&nbsp;&nbsp;&nbsp; Vì anh đang yêu em thôi thôi thôi mà\r&nbsp;&nbsp;&nbsp;&nbsp; Là anh đang ghen ghen ghen ghen mà\r&nbsp;&nbsp;&nbsp;&nbsp; Bởi vì anh đã quá yêu em, quá yêu em\r&nbsp;&nbsp;&nbsp;&nbsp; \r&nbsp;&nbsp;&nbsp;&nbsp; Quá yêu em, quá yêu em\r&nbsp;&nbsp;&nbsp;&nbsp; Bởi vì anh đã quá yêu em, quá yêu em\r&nbsp;&nbsp;&nbsp;&nbsp; \r&nbsp;&nbsp;&nbsp;&nbsp; Vì anh quá yêu em, chỉ muốn đến bên em và giữ em cho iêng mình anh\r&nbsp;&nbsp;&nbsp;&nbsp; Làm sao để cho em hiểu được tái tim anh, cứ phát điên vì em mà thôi\r&nbsp;&nbsp;&nbsp;&nbsp; Và em cũng yêu anh, chỉ muốn đến bên anh để xóa tan bao nhiêu buồn lò\r&nbsp;&nbsp;&nbsp;&nbsp; ‘Cause I just wanna make you my babe!\r&nbsp;&nbsp;&nbsp;&nbsp; \r&nbsp;&nbsp;&nbsp;&nbsp; Bởi vì anh ghen ghen ghen ghen mà\r&nbsp;&nbsp;&nbsp;&nbsp; Vì anh đang yêu em thôi thôi thôi mà\r&nbsp;&nbsp;&nbsp;&nbsp; Là anh đang ghen ghen ghen ghen mà\r&nbsp;&nbsp;&nbsp;&nbsp; Bởi vì anh đã quá yêu em, quá yêu em\r&nbsp;&nbsp;&nbsp;&nbsp; \r&nbsp;&nbsp;&nbsp;&nbsp; Ghen ghen ghen ghen mà\r&nbsp;&nbsp;&nbsp;&nbsp; Vì anh đang yêu em thôi thôi thôi mà\r&nbsp;&nbsp;&nbsp;&nbsp; Là anh đang ghen ghen ghen ghen mà\r&nbsp;&nbsp;&nbsp;&nbsp; Bởi vì anh đã quá yêu em, quá yêu em\r&nbsp;&nbsp;&nbsp;&nbsp; \r&nbsp;&nbsp;&nbsp;&nbsp; Quá yêu em, quá yêu em\r&nbsp;&nbsp;&nbsp;&nbsp; Bởi vì anh đã quá yêu em, quá yêu em\r&nbsp;&nbsp;&nbsp;&nbsp; \r&nbsp;&nbsp;&nbsp;&nbsp; Bởi vì anh ghen ghen ghen ghen mà\r&nbsp;&nbsp;&nbsp;&nbsp; Vì anh đang yêu em thôi thôi thôi mà\r&nbsp;&nbsp;&nbsp;&nbsp; Là anh đang ghen ghen ghen ghen mà\r&nbsp;&nbsp;&nbsp;&nbsp; Bởi vì anh đã quá yêu em, quá yêu em\r&nbsp;&nbsp;&nbsp;&nbsp; \r&nbsp;&nbsp;&nbsp;&nbsp; Ghen ghen ghen ghen mà\r&nbsp;&nbsp;&nbsp;&nbsp; Vì anh đang yêu em thôi thôi thôi mà\r&nbsp;&nbsp;&nbsp;&nbsp; Là anh đang ghen ghen ghen ghen mà\r&nbsp;&nbsp;&nbsp;&nbsp; Bởi vì anh đã quá yêu em, quá yêu em\r&nbsp;&nbsp;&nbsp;&nbsp; ', '2020_02_14_10_47_57_057_546_508.mp3', '2020-02-14 10:47:58', '492144657'),
(30, 'Lakenet', 4, '2020_02_14_10_47_59_059_754_712.jpg', 'Morgan Sulele', 'by番茄Gelato&nbsp;&nbsp;&nbsp;&nbsp;\r&nbsp;&nbsp;&nbsp;&nbsp;Det va en lødagog jeg skulle hjem\r&nbsp;&nbsp;&nbsp;&nbsp;ette litt fo mange dinke\r&nbsp;&nbsp;&nbsp;&nbsp;og klokket tikket ove \r&nbsp;&nbsp;&nbsp;&nbsp;men så kom du\r&nbsp;&nbsp;&nbsp;&nbsp;\r&nbsp;&nbsp;&nbsp;&nbsp;og du sa til meg\r&nbsp;&nbsp;&nbsp;&nbsp;til deg va det langt å da\r&nbsp;&nbsp;&nbsp;&nbsp;så du spute meg pent om\r&nbsp;&nbsp;&nbsp;&nbsp;kanskje du og jeg kan da\r&nbsp;&nbsp;&nbsp;&nbsp;hjem til deg\r&nbsp;&nbsp;&nbsp;&nbsp;\r&nbsp;&nbsp;&nbsp;&nbsp;fo du og jeg e best\r&nbsp;&nbsp;&nbsp;&nbsp;nå vi begge to e nakne\r&nbsp;&nbsp;&nbsp;&nbsp;\r&nbsp;&nbsp;&nbsp;&nbsp;åå du e så pen nå du ulle undt i laknet\r&nbsp;&nbsp;&nbsp;&nbsp;\r&nbsp;&nbsp;&nbsp;&nbsp;og det finnes ingen tvil om at\r&nbsp;&nbsp;&nbsp;&nbsp;dette he e kjælighet\r&nbsp;&nbsp;&nbsp;&nbsp;\r&nbsp;&nbsp;&nbsp;&nbsp;og du e så pen nå du ulle undt i laknet\r&nbsp;&nbsp;&nbsp;&nbsp;\r&nbsp;&nbsp;&nbsp;&nbsp;fo du og jeg e best nå vi begge to e nakne\r&nbsp;&nbsp;&nbsp;&nbsp;\r&nbsp;&nbsp;&nbsp;&nbsp;og du e så pen nå du ulle undt i laknet\r&nbsp;&nbsp;&nbsp;&nbsp;\r&nbsp;&nbsp;&nbsp;&nbsp;det va en lødag og jeg va litt teg\r&nbsp;&nbsp;&nbsp;&nbsp;ette litt fo mange dinke\r&nbsp;&nbsp;&nbsp;&nbsp;og du gikk med stoe steg\r&nbsp;&nbsp;&nbsp;&nbsp;hjem til meg\r&nbsp;&nbsp;&nbsp;&nbsp;\r&nbsp;&nbsp;&nbsp;&nbsp;fo jeg sa til deg at til meg va det kot å gå\r&nbsp;&nbsp;&nbsp;&nbsp;så jeg spute deg pent om\r&nbsp;&nbsp;&nbsp;&nbsp;kanskje du og jeg kan da hjem til meg\r&nbsp;&nbsp;&nbsp;&nbsp;\r&nbsp;&nbsp;&nbsp;&nbsp;fo du og jeg e best \r&nbsp;&nbsp;&nbsp;&nbsp;nå vi begge to e nakne\r&nbsp;&nbsp;&nbsp;&nbsp;\r&nbsp;&nbsp;&nbsp;&nbsp;åå du e så pen nå du ulle undt i laknet\r&nbsp;&nbsp;&nbsp;&nbsp;\r&nbsp;&nbsp;&nbsp;&nbsp;det finnes ingen tvil om at \r&nbsp;&nbsp;&nbsp;&nbsp;dette he e kjælighet\r&nbsp;&nbsp;&nbsp;&nbsp;\r&nbsp;&nbsp;&nbsp;&nbsp;åå du e så pen nå du ulle undt i laknet\r&nbsp;&nbsp;&nbsp;&nbsp;\r&nbsp;&nbsp;&nbsp;&nbsp;fo du og jeg e best nå vi begge to e nakne\r&nbsp;&nbsp;&nbsp;&nbsp;\r&nbsp;&nbsp;&nbsp;&nbsp;åå du e så pen nå du ulle undt i laknet\r&nbsp;&nbsp;&nbsp;&nbsp;\r&nbsp;&nbsp;&nbsp;&nbsp;du og jeg e best nå vi begge to e nakne\r&nbsp;&nbsp;&nbsp;&nbsp;\r&nbsp;&nbsp;&nbsp;&nbsp;og du e så pen nå du ulle undt i laknet\r&nbsp;&nbsp;&nbsp;&nbsp;\r&nbsp;&nbsp;&nbsp;&nbsp;fo du og jeg e best nå vi begge to e nakne\r&nbsp;&nbsp;&nbsp;&nbsp;\r&nbsp;&nbsp;&nbsp;&nbsp;åå du e så pen nå du ulle undt i laknet\r&nbsp;&nbsp;&nbsp;&nbsp;\r&nbsp;&nbsp;&nbsp;&nbsp;og det finnes ingen tvil om dette he e kjælighet\r&nbsp;&nbsp;&nbsp;&nbsp;\r&nbsp;&nbsp;&nbsp;&nbsp;åå du e så pen nå du ulle undt i laknet\r&nbsp;&nbsp;&nbsp;&nbsp;\r&nbsp;&nbsp;&nbsp;&nbsp;fodi du og jeg e best nå vi begge to e nakne\r&nbsp;&nbsp;&nbsp;&nbsp;\r&nbsp;&nbsp;&nbsp;&nbsp;åå du e så pen nå du ulle undt i laknet\r&nbsp;&nbsp;&nbsp;&nbsp;\r&nbsp;&nbsp;&nbsp;&nbsp;', '2020_02_14_10_47_59_059_483_98.mp3', '2020-02-14 10:47:59', '405226575'),
(31, 'Høyt over Oslo', 4, '2020_02_14_10_48_00_000_758_369.jpg', 'Morgan Sulele', 'by小陀螺Tony&nbsp;&nbsp;&nbsp;&nbsp;Yeah!\r&nbsp;&nbsp;&nbsp;&nbsp;Big Beezy Big Beezy\r&nbsp;&nbsp;&nbsp;&nbsp;Unge Mogan\r&nbsp;&nbsp;&nbsp;&nbsp;Sveve ove oslo med vå baby Mayne\r&nbsp;&nbsp;&nbsp;&nbsp;\r&nbsp;&nbsp;&nbsp;&nbsp;Så sinnsykt høy\r&nbsp;&nbsp;&nbsp;&nbsp;men e det ikke gøy\r&nbsp;&nbsp;&nbsp;&nbsp;å sveve litt høyt\r&nbsp;&nbsp;&nbsp;&nbsp;Kanskje litt døyt jeg sie det høyt\r&nbsp;&nbsp;&nbsp;&nbsp;at denne byen ekke sto nok baby,\r&nbsp;&nbsp;&nbsp;&nbsp;så vi bude fly snat baby\r&nbsp;&nbsp;&nbsp;&nbsp;så sinnsyk høy\r&nbsp;&nbsp;&nbsp;&nbsp;men e det ikke gøy\r&nbsp;&nbsp;&nbsp;&nbsp;ingen av de ande kunne skjønne no ohohoho\r&nbsp;&nbsp;&nbsp;&nbsp;vi kunne ikke no fo det bae lo og lo ohohoho\r&nbsp;&nbsp;&nbsp;&nbsp;vi sveve høyt ove oslo ohohohoh\r&nbsp;&nbsp;&nbsp;&nbsp;vi kunne ikke no fo det bae lo og lo\r&nbsp;&nbsp;&nbsp;&nbsp;\r&nbsp;&nbsp;&nbsp;&nbsp;Vi sveve høyt høyt ove oslo\r&nbsp;&nbsp;&nbsp;&nbsp;vi sveve høyt høyt ove oslo\r&nbsp;&nbsp;&nbsp;&nbsp;vi sveve høyt høyt ove oslo\r&nbsp;&nbsp;&nbsp;&nbsp;vi sveve høøøøyt ove oslo\r&nbsp;&nbsp;&nbsp;&nbsp;Let\'s go\r&nbsp;&nbsp;&nbsp;&nbsp;\r&nbsp;&nbsp;&nbsp;&nbsp;Sufe på en bølge alt e wavy\r&nbsp;&nbsp;&nbsp;&nbsp;jeg sveve ove oslo med min baby\r&nbsp;&nbsp;&nbsp;&nbsp;e på vå tuteldue business\r&nbsp;&nbsp;&nbsp;&nbsp;jeg e din mann du e min MRS\r&nbsp;&nbsp;&nbsp;&nbsp;du sa du bae hadde deita aspiante\r&nbsp;&nbsp;&nbsp;&nbsp;men endelig va du moden til å coolen med en pante\r&nbsp;&nbsp;&nbsp;&nbsp;nå du smile til meg vil jeg gi deg diamante\r&nbsp;&nbsp;&nbsp;&nbsp;ande playaz komme ette deg fa alle kante og\r&nbsp;&nbsp;&nbsp;&nbsp;\r&nbsp;&nbsp;&nbsp;&nbsp;Ingen av de ande kunne skjønne no\r&nbsp;&nbsp;&nbsp;&nbsp;du få cockpiten til å gynge ohohoho\r&nbsp;&nbsp;&nbsp;&nbsp;vi kunne ikke no fo det bae lo og lo ohohoho\r&nbsp;&nbsp;&nbsp;&nbsp;vi sveve høyt ove oslo\r&nbsp;&nbsp;&nbsp;&nbsp;du få cockpiten til å gynge ohohohoh\r&nbsp;&nbsp;&nbsp;&nbsp;vi kunne ikke no fo det bae lo og lo\r&nbsp;&nbsp;&nbsp;&nbsp;\r&nbsp;&nbsp;&nbsp;&nbsp;Vi sveve høyt høyt ove oslo\r&nbsp;&nbsp;&nbsp;&nbsp;vi sveve høyt høyt ove oslo\r&nbsp;&nbsp;&nbsp;&nbsp;vi sveve baby\r&nbsp;&nbsp;&nbsp;&nbsp;vi sveve høyt høyt ove oslo\r&nbsp;&nbsp;&nbsp;&nbsp;vi sveve høøøøyt ove oslo\r&nbsp;&nbsp;&nbsp;&nbsp;\r&nbsp;&nbsp;&nbsp;&nbsp;Baby jeg love å aldi se ned\r&nbsp;&nbsp;&nbsp;&nbsp;hvis du kan love å alltid bli med\r&nbsp;&nbsp;&nbsp;&nbsp;fo baby vi kan sveve ove oslo, ove oslo fo alltid\r&nbsp;&nbsp;&nbsp;&nbsp;baby vi kan sveve ove oslo og aldi se ned\r&nbsp;&nbsp;&nbsp;&nbsp;\r&nbsp;&nbsp;&nbsp;&nbsp;Vi sveve høyt høyt ove oslo\r&nbsp;&nbsp;&nbsp;&nbsp;vi sveve høyt høyt ove oslo\r&nbsp;&nbsp;&nbsp;&nbsp;ok\r&nbsp;&nbsp;&nbsp;&nbsp;vi sveve høyt høyt ove oslo\r&nbsp;&nbsp;&nbsp;&nbsp;vi sveve høøøøyt ove oslo\r&nbsp;&nbsp;&nbsp;&nbsp;\r&nbsp;&nbsp;&nbsp;&nbsp;Vi sveve høyt høyt ove oslo\r&nbsp;&nbsp;&nbsp;&nbsp;du få cockpiten til å gynge\r&nbsp;&nbsp;&nbsp;&nbsp;vi sveve høyt høyt ove oslo\r&nbsp;&nbsp;&nbsp;&nbsp;vi sveve høyt høyt ove oslo\r&nbsp;&nbsp;&nbsp;&nbsp;du få cockpiten til å gynge\r&nbsp;&nbsp;&nbsp;&nbsp;vi sveve høøøøyt ove oslo', '2020_02_14_10_48_00_000_711_753.mp3', '2020-02-14 10:48:00', '456094582'),
(32, 'Andre Enn Meg', 4, '2020_02_14_10_48_01_001_967_21.jpg', 'Morgan Sulele', 'byTap_Gil&nbsp;&nbsp;&nbsp;&nbsp;Jeg e ikke typen som like å dele\r&nbsp;&nbsp;&nbsp;&nbsp;E ikke sjalu men bae like deg bede og bede\r&nbsp;&nbsp;&nbsp;&nbsp;Så jeg kan love jeg skal passe på deg\r&nbsp;&nbsp;&nbsp;&nbsp;Men du kan glemme at vi to se Magic Mike\r&nbsp;&nbsp;&nbsp;&nbsp;Fodi du få ikke se på Stian Blipp\r&nbsp;&nbsp;&nbsp;&nbsp;Og hvis du se på film så bli det uten Bad Pitt\r&nbsp;&nbsp;&nbsp;&nbsp;Og jeg veit du syns det e litt ditt\r&nbsp;&nbsp;&nbsp;&nbsp;Men baby snat så vil du takke meg litt\r&nbsp;&nbsp;&nbsp;&nbsp;Fo du skal ikke se på ande enn meg\r&nbsp;&nbsp;&nbsp;&nbsp;Nei, nei, nei Nei, nei, nei, nei, nei, nei, nei, nei\r&nbsp;&nbsp;&nbsp;&nbsp;Please ikke se på ande enn meg\r&nbsp;&nbsp;&nbsp;&nbsp;Nei, nei, nei Nei, nei, nei, nei, nei, nei, nei, nei\r&nbsp;&nbsp;&nbsp;&nbsp;Fo du skal ikke se på ande enn meg\r&nbsp;&nbsp;&nbsp;&nbsp;Jeg e ikke typen som like å føle\r&nbsp;&nbsp;&nbsp;&nbsp;Men nå vi e på byen så veit jeg ikke hva jeg skal gjøe\r&nbsp;&nbsp;&nbsp;&nbsp;Baby jeg love at jeg vil passe på deg\r&nbsp;&nbsp;&nbsp;&nbsp;Så jeg vet du ikke møte på Magic Mike\r&nbsp;&nbsp;&nbsp;&nbsp;Fodi du få ikke se på Stian Blipp\r&nbsp;&nbsp;&nbsp;&nbsp;Og du få ikke se på Skam fo Thomas Hayes e fo fit\r&nbsp;&nbsp;&nbsp;&nbsp;Og jeg veit du syns det e litt ditt\r&nbsp;&nbsp;&nbsp;&nbsp;Men baby snat så vil du takke meg litt\r&nbsp;&nbsp;&nbsp;&nbsp;Fo du skal ikke se på ande enn meg\r&nbsp;&nbsp;&nbsp;&nbsp;Nei, nei, nei Nei, nei, nei, nei, nei, nei, nei, nei\r&nbsp;&nbsp;&nbsp;&nbsp;Please ikke se på ande enn meg\r&nbsp;&nbsp;&nbsp;&nbsp;Nei, nei, nei Nei, nei, nei, nei, nei, nei, nei, nei\r&nbsp;&nbsp;&nbsp;&nbsp;Fo du skal ikke se på ande enn meg\r&nbsp;&nbsp;&nbsp;&nbsp;Please ikke se på ande enn meg\r&nbsp;&nbsp;&nbsp;&nbsp;Nei, nei, nei Nei, nei, nei, nei, nei, nei, nei, nei\r&nbsp;&nbsp;&nbsp;&nbsp;Fo du skal ikke se på ande enn meg\r&nbsp;&nbsp;&nbsp;&nbsp;Nei, du tenge ikke Instagam\r&nbsp;&nbsp;&nbsp;&nbsp;Alt fo mange to at de ha sjans\r&nbsp;&nbsp;&nbsp;&nbsp;Men det ha de jo ikke fo du e min\r&nbsp;&nbsp;&nbsp;&nbsp;Du e min\r&nbsp;&nbsp;&nbsp;&nbsp;Bae min\r&nbsp;&nbsp;&nbsp;&nbsp;Fo du skal ikke se på ande enn meg\r&nbsp;&nbsp;&nbsp;&nbsp;Nei, nei, nei Nei, nei, nei, nei, nei, nei, nei, nei\r&nbsp;&nbsp;&nbsp;&nbsp;Please ikke se på ande enn meg\r&nbsp;&nbsp;&nbsp;&nbsp;Nei, nei, nei Nei, nei, nei, nei, nei, nei, nei, nei\r&nbsp;&nbsp;&nbsp;&nbsp;Fo du skal ikke se på ande enn meg\r&nbsp;&nbsp;&nbsp;&nbsp;Fo du skal ikke se på ande enn meg\r&nbsp;&nbsp;&nbsp;&nbsp;Nei, nei, nei Nei, nei, nei, nei, nei, nei, nei, nei\r&nbsp;&nbsp;&nbsp;&nbsp;Fo du skal ikke se på ande enn meg\r&nbsp;&nbsp;&nbsp;&nbsp;', '2020_02_14_10_48_01_001_619_646.mp3', '2020-02-14 10:48:02', '1347443225'),
(33, 'Ready To Love You', 5, '2020_02_14_10_48_04_004_402_14.jpg', 'Hedegaard', 'byLenient_&nbsp;&nbsp;&nbsp;&nbsp;Why\'d you gotta go and do that\r&nbsp;&nbsp;&nbsp;&nbsp;Steal my heat up in a whiplash\r&nbsp;&nbsp;&nbsp;&nbsp;I didn\'t know I could be kissed like that, no\r&nbsp;&nbsp;&nbsp;&nbsp;It was  AM on Melose\r&nbsp;&nbsp;&nbsp;&nbsp;We wee dunk and talking too close\r&nbsp;&nbsp;&nbsp;&nbsp;Could\'ve swon that I saw you fall, oh\r&nbsp;&nbsp;&nbsp;&nbsp;I know that it\'s had to give up you cads\r&nbsp;&nbsp;&nbsp;&nbsp;And show me what\'s undeneath\r&nbsp;&nbsp;&nbsp;&nbsp;We\'ve all got ou scas ove ou heats\r&nbsp;&nbsp;&nbsp;&nbsp;But that ain\'t gonna make me leave\r&nbsp;&nbsp;&nbsp;&nbsp;\'Cause ight now I\'m eady to love you\r&nbsp;&nbsp;&nbsp;&nbsp;Right now I\'m eady to love you\r&nbsp;&nbsp;&nbsp;&nbsp;We could do this thing to bed\r&nbsp;&nbsp;&nbsp;&nbsp;We could get out of ou heads \'cause\r&nbsp;&nbsp;&nbsp;&nbsp;Right now I\'m eady to love you\r&nbsp;&nbsp;&nbsp;&nbsp;I\'m eady to love you\r&nbsp;&nbsp;&nbsp;&nbsp;I\'m eady to love you\r&nbsp;&nbsp;&nbsp;&nbsp;I\'m eady to love you\r&nbsp;&nbsp;&nbsp;&nbsp;I\'m eady to love you\r&nbsp;&nbsp;&nbsp;&nbsp;Yeah, we\'ve all got ou histoy\r&nbsp;&nbsp;&nbsp;&nbsp;But tonight\'s not a mystey\r&nbsp;&nbsp;&nbsp;&nbsp;It\'s whateve we want it to be, oh\r&nbsp;&nbsp;&nbsp;&nbsp;\'Cause I can\'t handle the pessue\r&nbsp;&nbsp;&nbsp;&nbsp;And I could kiss fo foeve\r&nbsp;&nbsp;&nbsp;&nbsp;Stick aound and make it in you seat\r&nbsp;&nbsp;&nbsp;&nbsp;I know that it\'s had to give up you cads\r&nbsp;&nbsp;&nbsp;&nbsp;And show me what\'s undeneath\r&nbsp;&nbsp;&nbsp;&nbsp;We\'ve all got ou scas ove ou heats\r&nbsp;&nbsp;&nbsp;&nbsp;But that ain\'t gon\' make me leave\r&nbsp;&nbsp;&nbsp;&nbsp;\'Cause ight now I\'m eady to love you\r&nbsp;&nbsp;&nbsp;&nbsp;Right now I\'m eady to love you\r&nbsp;&nbsp;&nbsp;&nbsp;We could do this thing to bed\r&nbsp;&nbsp;&nbsp;&nbsp;We could get out of ou heads \'cause\r&nbsp;&nbsp;&nbsp;&nbsp;Right now I\'m eady to love you\r&nbsp;&nbsp;&nbsp;&nbsp;I\'m eady to love you\r&nbsp;&nbsp;&nbsp;&nbsp;I\'m eady to love you\r&nbsp;&nbsp;&nbsp;&nbsp;I\'m eady to love you\r&nbsp;&nbsp;&nbsp;&nbsp;I\'m eady to love you\r&nbsp;&nbsp;&nbsp;&nbsp;What ae you waiting fo\r&nbsp;&nbsp;&nbsp;&nbsp;What ae you waiting fo\r&nbsp;&nbsp;&nbsp;&nbsp;What ae you waiting fo\r&nbsp;&nbsp;&nbsp;&nbsp;I\'m eady to love you\r&nbsp;&nbsp;&nbsp;&nbsp;What ae you waiting fo\r&nbsp;&nbsp;&nbsp;&nbsp;What ae you waiting fo\r&nbsp;&nbsp;&nbsp;&nbsp;What ae you waiting fo\r&nbsp;&nbsp;&nbsp;&nbsp;I\'m eady to love you\r&nbsp;&nbsp;&nbsp;&nbsp;I\'m eady, I\'m eady\r&nbsp;&nbsp;&nbsp;&nbsp;I\'m eady to love you\r&nbsp;&nbsp;&nbsp;&nbsp;I\'m eady, I\'m eady\r&nbsp;&nbsp;&nbsp;&nbsp;I\'m eady to love you\r&nbsp;&nbsp;&nbsp;&nbsp;Right now I\'m eady to love you\r&nbsp;&nbsp;&nbsp;&nbsp;Right now I\'m eady to love you', '2020_02_14_10_48_04_004_48_720.mp3', '2020-02-14 10:48:05', '514206286'),
(34, 'What if She Knows', 5, '2020_02_14_10_48_05_005_887_49.jpg', 'Severo', 'bySwampShak&nbsp;&nbsp;&nbsp;&nbsp;tiWhat if She Knows\r&nbsp;&nbsp;&nbsp;&nbsp; aSeveo/Linn/Ellusive\r&nbsp;&nbsp;&nbsp;&nbsp;I don\'t know you\r&nbsp;&nbsp;&nbsp;&nbsp;but I know it\'s complicated \r&nbsp;&nbsp;&nbsp;&nbsp;One love is oveated fo you\r&nbsp;&nbsp;&nbsp;&nbsp;Getting used to\r&nbsp;&nbsp;&nbsp;&nbsp;ou late night convesations\r&nbsp;&nbsp;&nbsp;&nbsp;I\'m unning out of patience with you\r&nbsp;&nbsp;&nbsp;&nbsp;\r&nbsp;&nbsp;&nbsp;&nbsp;But all you have to say\r&nbsp;&nbsp;&nbsp;&nbsp;Is how you like to beathe out,\r&nbsp;&nbsp;&nbsp;&nbsp;How you need to beathe\r&nbsp;&nbsp;&nbsp;&nbsp;Holding onto me \r&nbsp;&nbsp;&nbsp;&nbsp;is how you stay alive now\r&nbsp;&nbsp;&nbsp;&nbsp;\r&nbsp;&nbsp;&nbsp;&nbsp;What if she knows\r&nbsp;&nbsp;&nbsp;&nbsp;What if she knows that you\r&nbsp;&nbsp;&nbsp;&nbsp;What if she knows\r&nbsp;&nbsp;&nbsp;&nbsp;What if she knows that you\r&nbsp;&nbsp;&nbsp;&nbsp;\r&nbsp;&nbsp;&nbsp;&nbsp;Baby don\'t think\r&nbsp;&nbsp;&nbsp;&nbsp;now that all you impefections\r&nbsp;&nbsp;&nbsp;&nbsp;Don\'t know what I believe in \r&nbsp;&nbsp;&nbsp;&nbsp;I don\'t\r&nbsp;&nbsp;&nbsp;&nbsp;\r&nbsp;&nbsp;&nbsp;&nbsp;\r&nbsp;&nbsp;&nbsp;&nbsp;\r&nbsp;&nbsp;&nbsp;&nbsp;If you want me\r&nbsp;&nbsp;&nbsp;&nbsp;We could go and neve come back\r&nbsp;&nbsp;&nbsp;&nbsp;but you will neve do that \r&nbsp;&nbsp;&nbsp;&nbsp;you won\'t\r&nbsp;&nbsp;&nbsp;&nbsp;\r&nbsp;&nbsp;&nbsp;&nbsp;But all you have to say\r&nbsp;&nbsp;&nbsp;&nbsp;Is how you like to beathe out,\r&nbsp;&nbsp;&nbsp;&nbsp;How you need to beathe\r&nbsp;&nbsp;&nbsp;&nbsp;Holding onto me \r&nbsp;&nbsp;&nbsp;&nbsp;is how you stay alive now\r&nbsp;&nbsp;&nbsp;&nbsp;\r&nbsp;&nbsp;&nbsp;&nbsp;What if she knew\r&nbsp;&nbsp;&nbsp;&nbsp;What if she knew that you\r&nbsp;&nbsp;&nbsp;&nbsp;What if she knew\r&nbsp;&nbsp;&nbsp;&nbsp;What if she knew that you\r&nbsp;&nbsp;&nbsp;&nbsp;\r&nbsp;&nbsp;&nbsp;&nbsp;\r&nbsp;&nbsp;&nbsp;&nbsp;But all you have to say\r&nbsp;&nbsp;&nbsp;&nbsp;Is how you like to beathe out,\r&nbsp;&nbsp;&nbsp;&nbsp;How you need to beathe\r&nbsp;&nbsp;&nbsp;&nbsp;Holding onto me \r&nbsp;&nbsp;&nbsp;&nbsp;is how you stay alive now', '2020_02_14_10_48_05_005_106_617.mp3', '2020-02-14 10:48:05', '554375621'),
(35, 'Just For One Night', 5, '2020_02_14_10_48_05_005_393_895.jpg', 'Blonde', 'I\'ve been, I\'ve been so focused&nbsp;&nbsp;&nbsp;&nbsp;Got me so locked on you&nbsp;&nbsp;&nbsp;&nbsp;Eve since you walked and baby&nbsp;&nbsp;&nbsp;&nbsp;You light up the oom&nbsp;&nbsp;&nbsp;&nbsp;Scaed to appoach you&nbsp;&nbsp;&nbsp;&nbsp;But I think it\'s what I wanna do, do&nbsp;&nbsp;&nbsp;&nbsp;Yes you, look in my eye&nbsp;&nbsp;&nbsp;&nbsp;You wanna know why it\'s me&nbsp;&nbsp;&nbsp;&nbsp;Something you got&nbsp;&nbsp;&nbsp;&nbsp;And something I\'d die to see&nbsp;&nbsp;&nbsp;&nbsp;The way that you smile&nbsp;&nbsp;&nbsp;&nbsp;I think that it needs to be, be&nbsp;&nbsp;&nbsp;&nbsp;I just want  hous o even less&nbsp;&nbsp;&nbsp;&nbsp;If that\'s too much to hold you close&nbsp;&nbsp;&nbsp;&nbsp;To hold you close&nbsp;&nbsp;&nbsp;&nbsp;You got this look like it\'s ous&nbsp;&nbsp;&nbsp;&nbsp;I want it all to be ous even if tomoow&nbsp;&nbsp;&nbsp;&nbsp;I have to let you go, oh&nbsp;&nbsp;&nbsp;&nbsp;And if you\'e too smat to love me, dumb&nbsp;&nbsp;&nbsp;&nbsp;If you\'ve seen too much to love me blind&nbsp;&nbsp;&nbsp;&nbsp;Can I use my hands to cove you eyes&nbsp;&nbsp;&nbsp;&nbsp;Just fo one night, just fo one night&nbsp;&nbsp;&nbsp;&nbsp;And if you\'e too smat to love me, dumb&nbsp;&nbsp;&nbsp;&nbsp;If she was too cold to leave you kind&nbsp;&nbsp;&nbsp;&nbsp;Can you foget he look into my eyes&nbsp;&nbsp;&nbsp;&nbsp;Just fo one night&nbsp;&nbsp;&nbsp;&nbsp;Just fo one night&nbsp;&nbsp;&nbsp;&nbsp;Hee now, close as I\'ve been&nbsp;&nbsp;&nbsp;&nbsp;I feel you beathing on me&nbsp;&nbsp;&nbsp;&nbsp;Don\'t wanna give it up, pou anothe dink so we&nbsp;&nbsp;&nbsp;&nbsp;Can get lost in the music&nbsp;&nbsp;&nbsp;&nbsp;Lost in the bass and the beat, beat&nbsp;&nbsp;&nbsp;&nbsp;Yeah yeah, I eally can\'t help it&nbsp;&nbsp;&nbsp;&nbsp;Boy, you like a magnet pulling me&nbsp;&nbsp;&nbsp;&nbsp;So hee I am in the palm of you hand&nbsp;&nbsp;&nbsp;&nbsp;Don\'t you see&nbsp;&nbsp;&nbsp;&nbsp;Pomise me&nbsp;&nbsp;&nbsp;&nbsp;Pomise you won\'t make a fool of me, me&nbsp;&nbsp;&nbsp;&nbsp;I just want  hous o even less&nbsp;&nbsp;&nbsp;&nbsp;If that\'s too much to hold you close&nbsp;&nbsp;&nbsp;&nbsp;To hold you close&nbsp;&nbsp;&nbsp;&nbsp;You got this look like&nbsp;&nbsp;&nbsp;&nbsp;It\'s ous, I want it all to be ous&nbsp;&nbsp;&nbsp;&nbsp;Even if tomoow, I have to let you go, oh&nbsp;&nbsp;&nbsp;&nbsp;And if you\'e too smat to love me, dumb&nbsp;&nbsp;&nbsp;&nbsp;If you\'ve seen too much to love me blind&nbsp;&nbsp;&nbsp;&nbsp;Can I use my hands to cove you eyes&nbsp;&nbsp;&nbsp;&nbsp;Just fo one night, just fo one night&nbsp;&nbsp;&nbsp;&nbsp;And if you\'e too smat to love me, dumb&nbsp;&nbsp;&nbsp;&nbsp;If she was too cold to leave you kind&nbsp;&nbsp;&nbsp;&nbsp;Can you foget he look into my eyes&nbsp;&nbsp;&nbsp;&nbsp;Just fo one night, just fo one night&nbsp;&nbsp;&nbsp;&nbsp;And if you\'e too smat to love me, dumb&nbsp;&nbsp;&nbsp;&nbsp;If you\'ve seen too much to love me blind&nbsp;&nbsp;&nbsp;&nbsp;Can I use my hands to cove you eyes&nbsp;&nbsp;&nbsp;&nbsp;Just fo one night, just fo one night&nbsp;&nbsp;&nbsp;&nbsp;Just fo one&nbsp;&nbsp;&nbsp;&nbsp;Just fo one night, just fo one night&nbsp;&nbsp;&nbsp;&nbsp;Just fo one&nbsp;&nbsp;&nbsp;&nbsp;Just fo one night, just fo one night&nbsp;&nbsp;&nbsp;&nbsp;Just fo one&nbsp;&nbsp;&nbsp;&nbsp;And if you\'e too smat to love me, dumb&nbsp;&nbsp;&nbsp;&nbsp;If you\'ve seen too much to love me blind&nbsp;&nbsp;&nbsp;&nbsp;Can I use my hands to cove you eyes&nbsp;&nbsp;&nbsp;&nbsp;Just fo one night&nbsp;&nbsp;&nbsp;&nbsp;Just fo one night', '2020_02_14_10_48_06_006_286_169.mp3', '2020-02-14 10:48:06', '484365596'),
(36, 'Quit You', 5, '2020_02_14_10_48_06_006_966_468.jpg', 'Tinashe', 'by小陀螺Tony&nbsp;&nbsp;&nbsp;&nbsp;Tell me if I\'m ight \'cause I\'ve been thinking\r&nbsp;&nbsp;&nbsp;&nbsp;Evey time that you eply that you been dinking\r&nbsp;&nbsp;&nbsp;&nbsp;\'Cause the only time you think of me \r&nbsp;&nbsp;&nbsp;&nbsp;Is when the sun is down\r&nbsp;&nbsp;&nbsp;&nbsp;Pou anothe glass and keep on \' me aound\r&nbsp;&nbsp;&nbsp;&nbsp;Walking by the window and I\'m eminded that\r&nbsp;&nbsp;&nbsp;&nbsp;My thoughts unde my pillow containing memoies of the\r&nbsp;&nbsp;&nbsp;&nbsp;Places that we could have been if it wee up to me\r&nbsp;&nbsp;&nbsp;&nbsp;I guess that all you pomises wee just my fantasies\r&nbsp;&nbsp;&nbsp;&nbsp;\r&nbsp;&nbsp;&nbsp;&nbsp;Now I\'m addicted to how you put me on\r&nbsp;&nbsp;&nbsp;&nbsp;The minute you aive, I\'m gone\r&nbsp;&nbsp;&nbsp;&nbsp;But I\'ve been mistaken, oh, you just been playing\r&nbsp;&nbsp;&nbsp;&nbsp;Still I\'m addicted to the same old Coldplay song\r&nbsp;&nbsp;&nbsp;&nbsp;And evey time you tun it on\r&nbsp;&nbsp;&nbsp;&nbsp;God knows I can\'t fix you\r&nbsp;&nbsp;&nbsp;&nbsp;But I can\'t quit you\r&nbsp;&nbsp;&nbsp;&nbsp;I can\'t quit you\r&nbsp;&nbsp;&nbsp;&nbsp;I can\'t quit you\r&nbsp;&nbsp;&nbsp;&nbsp;Quit you\r&nbsp;&nbsp;&nbsp;&nbsp;I can\'t quit you\r&nbsp;&nbsp;&nbsp;&nbsp;\r&nbsp;&nbsp;&nbsp;&nbsp;Remind me once again why I\'m epeating\r&nbsp;&nbsp;&nbsp;&nbsp;That we can\'t be moe than fiends\r&nbsp;&nbsp;&nbsp;&nbsp;I\'m just potecting myself fom the possibility \r&nbsp;&nbsp;&nbsp;&nbsp;That you could tun me down\r&nbsp;&nbsp;&nbsp;&nbsp;Thinking that I\'m bette off and I don\'t make a sound\r&nbsp;&nbsp;&nbsp;&nbsp;So I\'m addicted to how you put me on\r&nbsp;&nbsp;&nbsp;&nbsp;The minute you aive, I\'m gone\r&nbsp;&nbsp;&nbsp;&nbsp;But I\'ve been mistaken, oh, you just been playing\r&nbsp;&nbsp;&nbsp;&nbsp;Still I\'m addicted to the same old Coldplay song\r&nbsp;&nbsp;&nbsp;&nbsp;And evey time you tun it on\r&nbsp;&nbsp;&nbsp;&nbsp;God knows I can\'t fix you\r&nbsp;&nbsp;&nbsp;&nbsp;But I can\'t quit you\r&nbsp;&nbsp;&nbsp;&nbsp;Quit you\r&nbsp;&nbsp;&nbsp;&nbsp;I can\'t quit you\r&nbsp;&nbsp;&nbsp;&nbsp;Quit you\r&nbsp;&nbsp;&nbsp;&nbsp;I can\'t quit you\r&nbsp;&nbsp;&nbsp;&nbsp;Quit you\r&nbsp;&nbsp;&nbsp;&nbsp;I can\'t quit you\r&nbsp;&nbsp;&nbsp;&nbsp;I can\'t quit you\r&nbsp;&nbsp;&nbsp;&nbsp;I can\'t quit you\r&nbsp;&nbsp;&nbsp;&nbsp;\r&nbsp;&nbsp;&nbsp;&nbsp;I pomise, I pomise\r&nbsp;&nbsp;&nbsp;&nbsp;I pomise myself I won\'t see you again\r&nbsp;&nbsp;&nbsp;&nbsp;Won\'t answe you calls, no, none at all\r&nbsp;&nbsp;&nbsp;&nbsp;O ead any text that you send\r&nbsp;&nbsp;&nbsp;&nbsp;I pomise, I pomise\r&nbsp;&nbsp;&nbsp;&nbsp;I pomise myself this will come to an end\r&nbsp;&nbsp;&nbsp;&nbsp;\'Cause I can\'t do this again\r&nbsp;&nbsp;&nbsp;&nbsp;\r&nbsp;&nbsp;&nbsp;&nbsp;No, I can\'t quit you\r&nbsp;&nbsp;&nbsp;&nbsp;No, no, no\r&nbsp;&nbsp;&nbsp;&nbsp;I can\'t quit you\r&nbsp;&nbsp;&nbsp;&nbsp;Yeah, yeah\r&nbsp;&nbsp;&nbsp;&nbsp;No, I can\'t quit you\r&nbsp;&nbsp;&nbsp;&nbsp;No, I just can\'t quit you\r&nbsp;&nbsp;&nbsp;&nbsp;Na na, na na na na na na na\r&nbsp;&nbsp;&nbsp;&nbsp;I can\'t quit you\r&nbsp;&nbsp;&nbsp;&nbsp;Na na, na na na na na na na\r&nbsp;&nbsp;&nbsp;&nbsp;I can\'t quit you, oh\r&nbsp;&nbsp;&nbsp;&nbsp;I can\'t quit you', '2020_02_14_10_48_06_006_739_187.mp3', '2020-02-14 10:48:06', '456175028'),
(37, 'Drama', 5, '2020_02_14_10_48_11_011_241_101.jpg', 'Hannie', 'by是非又欲&nbsp;&nbsp;&nbsp;&nbsp;ti\r&nbsp;&nbsp;&nbsp;&nbsp;a\r&nbsp;&nbsp;&nbsp;&nbsp;al\r&nbsp;&nbsp;&nbsp;&nbsp;by九九Lc歌词网～wwwLcnet\r&nbsp;&nbsp;&nbsp;&nbsp;\r&nbsp;&nbsp;&nbsp;&nbsp;She looks a little like the gil\r&nbsp;&nbsp;&nbsp;&nbsp;The you told me not to woy about\r&nbsp;&nbsp;&nbsp;&nbsp;Told me not to woy about\r&nbsp;&nbsp;&nbsp;&nbsp;Know you\'e letting me down,ohhh\r&nbsp;&nbsp;&nbsp;&nbsp;\r&nbsp;&nbsp;&nbsp;&nbsp;Did I get what I deseve\r&nbsp;&nbsp;&nbsp;&nbsp;Cos kama keeps coming aound\r&nbsp;&nbsp;&nbsp;&nbsp;Kama keeps coming aound\r&nbsp;&nbsp;&nbsp;&nbsp;I\'m not tyna figue it out,ohhh\r&nbsp;&nbsp;&nbsp;&nbsp;\r&nbsp;&nbsp;&nbsp;&nbsp;I wish I neve told ya,ohhh\r&nbsp;&nbsp;&nbsp;&nbsp;Does it end like that\r&nbsp;&nbsp;&nbsp;&nbsp;Dama dama love\r&nbsp;&nbsp;&nbsp;&nbsp;You\'e bad fo the othe\r&nbsp;&nbsp;&nbsp;&nbsp;Yeah it\'s dama that you love he\r&nbsp;&nbsp;&nbsp;&nbsp;You\'e pefect fo each othe\r&nbsp;&nbsp;&nbsp;&nbsp;Won\'t you keep it to youself\r&nbsp;&nbsp;&nbsp;&nbsp;You\'e bad fo my health\r&nbsp;&nbsp;&nbsp;&nbsp;When I say go to hell\r&nbsp;&nbsp;&nbsp;&nbsp;I didn\'t think you come back with somebody else\r&nbsp;&nbsp;&nbsp;&nbsp;\r&nbsp;&nbsp;&nbsp;&nbsp;You neve gave me oom to beathe\r&nbsp;&nbsp;&nbsp;&nbsp;And I was always cossing the line\r&nbsp;&nbsp;&nbsp;&nbsp;I was always cossing the line\r&nbsp;&nbsp;&nbsp;&nbsp;But you can go wheeve you like,ohhh\r&nbsp;&nbsp;&nbsp;&nbsp;\r&nbsp;&nbsp;&nbsp;&nbsp;Yeah I tied yo keep the peace\r&nbsp;&nbsp;&nbsp;&nbsp;But all you do is put up as fight\r&nbsp;&nbsp;&nbsp;&nbsp;All you do is put up as fight\r&nbsp;&nbsp;&nbsp;&nbsp;Yeah you do it evey night,ohhh\r&nbsp;&nbsp;&nbsp;&nbsp;\r&nbsp;&nbsp;&nbsp;&nbsp;I wish I neve told ya,ohhh\r&nbsp;&nbsp;&nbsp;&nbsp;That it huts so bad\r&nbsp;&nbsp;&nbsp;&nbsp;Dama dama love\r&nbsp;&nbsp;&nbsp;&nbsp;You\'e bad fo the othe\r&nbsp;&nbsp;&nbsp;&nbsp;Yeah it\'s dama that you love he\r&nbsp;&nbsp;&nbsp;&nbsp;You\'e pefect fo each othe\r&nbsp;&nbsp;&nbsp;&nbsp;Won\'t you keep it to youself\r&nbsp;&nbsp;&nbsp;&nbsp;You\'e bad fo my health\r&nbsp;&nbsp;&nbsp;&nbsp;When I say go to hell\r&nbsp;&nbsp;&nbsp;&nbsp;I didn\'t think you come back with somebody else\r&nbsp;&nbsp;&nbsp;&nbsp;\r&nbsp;&nbsp;&nbsp;&nbsp;Gil thee\'s always dama with you\r&nbsp;&nbsp;&nbsp;&nbsp;I hope I see a long un of bad kama with you\r&nbsp;&nbsp;&nbsp;&nbsp;I guesss I had to finish what I stated with you\r&nbsp;&nbsp;&nbsp;&nbsp;And then you stated something new\r&nbsp;&nbsp;&nbsp;&nbsp;Thee\'s no heat within you\r&nbsp;&nbsp;&nbsp;&nbsp;So look at then look at now\r&nbsp;&nbsp;&nbsp;&nbsp;No buts no fis\r&nbsp;&nbsp;&nbsp;&nbsp;Next time I see you out\r&nbsp;&nbsp;&nbsp;&nbsp;No hugs no kiss\r&nbsp;&nbsp;&nbsp;&nbsp;Don\'t ask me how I been\r&nbsp;&nbsp;&nbsp;&nbsp;Don\'t tell me what you miss\r&nbsp;&nbsp;&nbsp;&nbsp;And it may sound ude\r&nbsp;&nbsp;&nbsp;&nbsp;But I say it how it is\r&nbsp;&nbsp;&nbsp;&nbsp;I\'m just tyna tun the dak into the light\r&nbsp;&nbsp;&nbsp;&nbsp;I\'m just tyna tun the wong into the ight\r&nbsp;&nbsp;&nbsp;&nbsp;I\'m just tyna cut though and cut ties\r&nbsp;&nbsp;&nbsp;&nbsp;I guess I shouldn\'t ask but I hope you\'e doing fine\r&nbsp;&nbsp;&nbsp;&nbsp;Cos I\'m still hee yeah i still cae\r&nbsp;&nbsp;&nbsp;&nbsp;You know that I still got a heat\r&nbsp;&nbsp;&nbsp;&nbsp;I;m sincee\r&nbsp;&nbsp;&nbsp;&nbsp;You know that you still play a pat up in my mind\r&nbsp;&nbsp;&nbsp;&nbsp;But any time you come in my life\r&nbsp;&nbsp;&nbsp;&nbsp;I feel fea cos you \'e dama\r&nbsp;&nbsp;&nbsp;&nbsp;\r&nbsp;&nbsp;&nbsp;&nbsp;Dama dama love\r&nbsp;&nbsp;&nbsp;&nbsp;You\'e bad fo the othe\r&nbsp;&nbsp;&nbsp;&nbsp;Yeah it\'s dama that you love he\r&nbsp;&nbsp;&nbsp;&nbsp;You\'e pefect fo each othe\r&nbsp;&nbsp;&nbsp;&nbsp;Won\'t you keep it to youself\r&nbsp;&nbsp;&nbsp;&nbsp;You\'e bad fo my health\r&nbsp;&nbsp;&nbsp;&nbsp;When I say go to hell\r&nbsp;&nbsp;&nbsp;&nbsp;I didn\'t think you come back with somebody else\r&nbsp;&nbsp;&nbsp;&nbsp;\r&nbsp;&nbsp;&nbsp;&nbsp;', '2020_02_14_10_48_11_011_234_848.mp3', '2020-02-14 10:48:12', '1337130734'),
(38, 'I Like Me Better', 5, '2020_02_14_10_48_12_012_267_130.jpg', 'Lauv', 'To be young and in love in New Yok City&nbsp;&nbsp;&nbsp;&nbsp;To not know who I am but still know I\'m good long as you\'e hee with me&nbsp;&nbsp;&nbsp;&nbsp;To be dunk and in love in New Yok City&nbsp;&nbsp;&nbsp;&nbsp;Midnight into moning coffee, buning though the hous talking&nbsp;&nbsp;&nbsp;&nbsp;&nbsp;&nbsp;&nbsp;&nbsp;Damn, I like me bette when I\'m with you&nbsp;&nbsp;&nbsp;&nbsp;I like me bette when I\'m with you&nbsp;&nbsp;&nbsp;&nbsp;I knew fom the fist time, I\'d stay fo a long time&nbsp;&nbsp;&nbsp;&nbsp;\'Cause I like me bette when&nbsp;&nbsp;&nbsp;&nbsp;I like me bette when I\'m with you&nbsp;&nbsp;&nbsp;&nbsp;&nbsp;&nbsp;&nbsp;&nbsp;I don’t know what it is but I got that feeling&nbsp;&nbsp;&nbsp;&nbsp;Waking up in this bed next to you swea the oom, yeah, it got no ceiling&nbsp;&nbsp;&nbsp;&nbsp;If we lay, let the day just pass us by&nbsp;&nbsp;&nbsp;&nbsp;I might get to too much talking&nbsp;&nbsp;&nbsp;&nbsp;I might have to tell you something&nbsp;&nbsp;&nbsp;&nbsp;&nbsp;&nbsp;&nbsp;&nbsp;Damn, I like me bette when I\'m with you&nbsp;&nbsp;&nbsp;&nbsp;I like me bette when I\'m with you&nbsp;&nbsp;&nbsp;&nbsp;I knew fom the fist time, I\'d stay fo a long time&nbsp;&nbsp;&nbsp;&nbsp;\'Cause I like me bette when&nbsp;&nbsp;&nbsp;&nbsp;I like me bette when I\'m with you&nbsp;&nbsp;&nbsp;&nbsp;&nbsp;&nbsp;&nbsp;&nbsp; Stay awhile, stay awhile&nbsp;&nbsp;&nbsp;&nbsp;&nbsp;&nbsp;&nbsp;&nbsp;Stay hee with me&nbsp;&nbsp;&nbsp;&nbsp; Stay awhile, stay awhile&nbsp;&nbsp;&nbsp;&nbsp;&nbsp;&nbsp;&nbsp;&nbsp;Oh&nbsp;&nbsp;&nbsp;&nbsp; Stay awhile, stay awhile&nbsp;&nbsp;&nbsp;&nbsp;&nbsp;&nbsp;&nbsp;&nbsp;Stay hee with me&nbsp;&nbsp;&nbsp;&nbsp;Lay hee with me&nbsp;&nbsp;&nbsp;&nbsp;Yeah, yeah&nbsp;&nbsp;&nbsp;&nbsp;&nbsp;&nbsp;&nbsp;&nbsp;I like me bette when I\'m with you&nbsp;&nbsp;&nbsp;&nbsp;I like me bette when I\'m with you&nbsp;&nbsp;&nbsp;&nbsp;I knew fom the fist time, I\'d stay fo a long time&nbsp;&nbsp;&nbsp;&nbsp;\'Cause I like me bette when&nbsp;&nbsp;&nbsp;&nbsp;I like me bette when I\'m with you&nbsp;&nbsp;&nbsp;&nbsp;&nbsp;&nbsp;&nbsp;&nbsp;I like me, I like me&nbsp;&nbsp;&nbsp;&nbsp;I like me bette when I\'m with you', '2020_02_14_10_48_12_012_232_248.mp3', '2020-02-14 10:48:13', '479223413'),
(39, 'Bloom', 5, '2020_02_14_10_48_13_013_931_439.jpg', 'Dabin', 'by是非又欲&nbsp;&nbsp;&nbsp;&nbsp;ti\r&nbsp;&nbsp;&nbsp;&nbsp;a\r&nbsp;&nbsp;&nbsp;&nbsp;al\r&nbsp;&nbsp;&nbsp;&nbsp;by九九Lc歌词网～wwwLcnet\r&nbsp;&nbsp;&nbsp;&nbsp;\r&nbsp;&nbsp;&nbsp;&nbsp;Whee we ae, we stay this way\r&nbsp;&nbsp;&nbsp;&nbsp;Wapped up in a summe daze\r&nbsp;&nbsp;&nbsp;&nbsp;Ty to find that piece of time\r&nbsp;&nbsp;&nbsp;&nbsp;That lets me feeze you in my mind\r&nbsp;&nbsp;&nbsp;&nbsp;\r&nbsp;&nbsp;&nbsp;&nbsp;I don\'t want us to change, don\'t want us to chip away\r&nbsp;&nbsp;&nbsp;&nbsp;Oh, I am tying to save ou bodies against the waves\r&nbsp;&nbsp;&nbsp;&nbsp;\r&nbsp;&nbsp;&nbsp;&nbsp;Could we stay in bloo-ooo-oom\r&nbsp;&nbsp;&nbsp;&nbsp;Eveything is new, ooh, ooh\r&nbsp;&nbsp;&nbsp;&nbsp;I don\'t want to leave this oom, just let me stay\r&nbsp;&nbsp;&nbsp;&nbsp;Let me stay with you\r&nbsp;&nbsp;&nbsp;&nbsp;Could we stay in bloo-ooo-oom\r&nbsp;&nbsp;&nbsp;&nbsp;\r&nbsp;&nbsp;&nbsp;&nbsp;Could we stay in\r&nbsp;&nbsp;&nbsp;&nbsp;Could we stay in\r&nbsp;&nbsp;&nbsp;&nbsp;Could we stay in\r&nbsp;&nbsp;&nbsp;&nbsp;Could we stay in\r&nbsp;&nbsp;&nbsp;&nbsp;\r&nbsp;&nbsp;&nbsp;&nbsp;Holding tight to what we had\r&nbsp;&nbsp;&nbsp;&nbsp;If it\'s lost, will it come back\r&nbsp;&nbsp;&nbsp;&nbsp;Tell me if this windin\' oad\r&nbsp;&nbsp;&nbsp;&nbsp;Is made of dit o made of gold\r&nbsp;&nbsp;&nbsp;&nbsp;\r&nbsp;&nbsp;&nbsp;&nbsp;I don\'t want us to change, don\'t want us to chip away\r&nbsp;&nbsp;&nbsp;&nbsp;Oh, I am tying to save ou bodies against the waves\r&nbsp;&nbsp;&nbsp;&nbsp;\r&nbsp;&nbsp;&nbsp;&nbsp;Could we stay in bloo-ooo-oom\r&nbsp;&nbsp;&nbsp;&nbsp;Eveything was new, ooh, ooh\r&nbsp;&nbsp;&nbsp;&nbsp;I don\'t want to leave this oom, just let me stay\r&nbsp;&nbsp;&nbsp;&nbsp;Let me stay with you\r&nbsp;&nbsp;&nbsp;&nbsp;Could we stay in bloo-ooo-oom\r&nbsp;&nbsp;&nbsp;&nbsp;\r&nbsp;&nbsp;&nbsp;&nbsp;I don\'t want to leave this oom, just let me stay\r&nbsp;&nbsp;&nbsp;&nbsp;Let me stay with you\r&nbsp;&nbsp;&nbsp;&nbsp;Could we stay in bloo-ooo-oom\r&nbsp;&nbsp;&nbsp;&nbsp;\r&nbsp;&nbsp;&nbsp;&nbsp;Could we stay in\r&nbsp;&nbsp;&nbsp;&nbsp;Could we stay in\r&nbsp;&nbsp;&nbsp;&nbsp;Could we stay in\r&nbsp;&nbsp;&nbsp;&nbsp;Could we stay in\r&nbsp;&nbsp;&nbsp;&nbsp;Could we stay in\r&nbsp;&nbsp;&nbsp;&nbsp;Could we stay in\r&nbsp;&nbsp;&nbsp;&nbsp;\r&nbsp;&nbsp;&nbsp;&nbsp;Could we stay in bloom\r&nbsp;&nbsp;&nbsp;&nbsp;Could we stay in bloom\r&nbsp;&nbsp;&nbsp;&nbsp;Could we stay in bloom\r&nbsp;&nbsp;&nbsp;&nbsp;Could we stay in bloom\r&nbsp;&nbsp;&nbsp;&nbsp;Could we stay in bloom\r&nbsp;&nbsp;&nbsp;&nbsp;Could we stay in bloom\r&nbsp;&nbsp;&nbsp;&nbsp;\r&nbsp;&nbsp;&nbsp;&nbsp;', '2020_02_14_10_48_13_013_412_1.mp3', '2020-02-14 10:48:13', '1347227968'),
(40, '16 Steps (Club Edit)', 5, '2020_02_14_10_48_14_014_410_144.jpg', 'Martin Jensen', 'byTap_Gil&nbsp;&nbsp;&nbsp;&nbsp;Lately I feel like I\'ve been selling\r&nbsp;&nbsp;&nbsp;&nbsp;Half of my soul to feel you love\r&nbsp;&nbsp;&nbsp;&nbsp;I gave all my faith to someone\r&nbsp;&nbsp;&nbsp;&nbsp;Who\'s body is all that I know\r&nbsp;&nbsp;&nbsp;&nbsp;Lately I feel like I\'ve been feeling\r&nbsp;&nbsp;&nbsp;&nbsp;Something you don\'t, so help me\r&nbsp;&nbsp;&nbsp;&nbsp;Gotta pull you in close but I know\r&nbsp;&nbsp;&nbsp;&nbsp;That I should be letting you go\r&nbsp;&nbsp;&nbsp;&nbsp;A mess with it, a mess without it\r&nbsp;&nbsp;&nbsp;&nbsp;I go down eithe way\r&nbsp;&nbsp;&nbsp;&nbsp;Endless shots and countless hous\r&nbsp;&nbsp;&nbsp;&nbsp;I wonde \'bout you place\r&nbsp;&nbsp;&nbsp;&nbsp;It\'s only  steps fom you doo to you bed\r&nbsp;&nbsp;&nbsp;&nbsp;I should know bette with you body next to mine\r&nbsp;&nbsp;&nbsp;&nbsp;Can\'t help myself, help myself only  steps\r&nbsp;&nbsp;&nbsp;&nbsp;It\'s only  steps fom you doo to you bed\r&nbsp;&nbsp;&nbsp;&nbsp;I should know bette with you body next to mine\r&nbsp;&nbsp;&nbsp;&nbsp;Can\'t help myself, help myself only  steps\r&nbsp;&nbsp;&nbsp;&nbsp;Only  steps\r&nbsp;&nbsp;&nbsp;&nbsp;Only  steps\r&nbsp;&nbsp;&nbsp;&nbsp;Only  steps\r&nbsp;&nbsp;&nbsp;&nbsp;Only  steps\r&nbsp;&nbsp;&nbsp;&nbsp;Take me in slowly, hold me down and\r&nbsp;&nbsp;&nbsp;&nbsp;Swallow you payes, just spit me out\r&nbsp;&nbsp;&nbsp;&nbsp;I wanna believe something that\'s\r&nbsp;&nbsp;&nbsp;&nbsp;Diffeent fom what I\'ve been told\r&nbsp;&nbsp;&nbsp;&nbsp;Diffeent fom what I\'ve been told\r&nbsp;&nbsp;&nbsp;&nbsp;Take all my doubts so I can eally\r&nbsp;&nbsp;&nbsp;&nbsp;Be with you now and let my body\r&nbsp;&nbsp;&nbsp;&nbsp;Really believe in something that\'s\r&nbsp;&nbsp;&nbsp;&nbsp;Diffeent than letting you go letting you go\r&nbsp;&nbsp;&nbsp;&nbsp;A mess with it, a mess without it\r&nbsp;&nbsp;&nbsp;&nbsp;I go down eithe way\r&nbsp;&nbsp;&nbsp;&nbsp;Endless shots and countless hous\r&nbsp;&nbsp;&nbsp;&nbsp;I wonde \'bout you place\r&nbsp;&nbsp;&nbsp;&nbsp;It\'s only  steps fom you doo to you bed\r&nbsp;&nbsp;&nbsp;&nbsp;I should know bette with you body next to mine\r&nbsp;&nbsp;&nbsp;&nbsp;Can\'t help myself, help myself only  steps\r&nbsp;&nbsp;&nbsp;&nbsp;It\'s only  steps fom you doo to you bed\r&nbsp;&nbsp;&nbsp;&nbsp;I should know bette with you body next to mine\r&nbsp;&nbsp;&nbsp;&nbsp;Can\'t help myself, help myself only  steps\r&nbsp;&nbsp;&nbsp;&nbsp;Only  steps\r&nbsp;&nbsp;&nbsp;&nbsp;Only  steps\r&nbsp;&nbsp;&nbsp;&nbsp;Only  steps\r&nbsp;&nbsp;&nbsp;&nbsp;Only  steps\r&nbsp;&nbsp;&nbsp;&nbsp;Only  steps\r&nbsp;&nbsp;&nbsp;&nbsp;Only  steps\r&nbsp;&nbsp;&nbsp;&nbsp;Only  steps\r&nbsp;&nbsp;&nbsp;&nbsp;Only  steps', '2020_02_14_10_48_14_014_628_132.mp3', '2020-02-14 10:48:14', '1302267419'),
(41, 'Intro', 6, '2020_02_14_10_48_15_015_209_566.jpg', '路新傲骄傲', '购买请联系作者', '2020_02_14_10_48_16_016_360_715.mp3', '2020-02-14 10:48:16', '1422492350'),
(42, '孤独', 6, '2020_02_14_10_48_16_016_729_86.jpg', '路新傲骄傲', '孤独（clean&nbsp;&nbsp;&nbsp;&nbsp;作词：骄傲路新傲&nbsp;&nbsp;&nbsp;&nbsp;作曲：骄傲路新傲&nbsp;&nbsp;&nbsp;&nbsp;编曲：Fuyl&nbsp;&nbsp;&nbsp;&nbsp;mix：腻味&nbsp;&nbsp;&nbsp;&nbsp;我会从你 讨厌的 白手起家 成为 让别 人 羡慕 的&nbsp;&nbsp;&nbsp;&nbsp;我会让你后 悔 you ae （my）petty gil&nbsp;&nbsp;&nbsp;&nbsp;eveybody konw&nbsp;&nbsp;&nbsp;&nbsp; &nbsp;&nbsp;&nbsp;&nbsp;You ae a lovely and lively gil&nbsp;&nbsp;&nbsp;&nbsp;you fasineite so much you ae my petty gil&nbsp;&nbsp;&nbsp;&nbsp;I can\'t exticate myself fom it love me&nbsp;&nbsp;&nbsp;&nbsp;Why did you leave me like thisthis&nbsp;&nbsp;&nbsp;&nbsp;&nbsp;&nbsp;&nbsp;&nbsp;&nbsp;&nbsp;&nbsp;&nbsp;What will I do afte I lose you&nbsp;&nbsp;&nbsp;&nbsp;Can you tell me&nbsp;&nbsp;&nbsp;&nbsp;Who can tell me&nbsp;&nbsp;&nbsp;&nbsp;who can tell me why&nbsp;&nbsp;&nbsp;&nbsp;Nobody undestands me Nobody undestands me&nbsp;&nbsp;&nbsp;&nbsp;&nbsp;&nbsp;&nbsp;&nbsp; I hate you as much as I love you&nbsp;&nbsp;&nbsp;&nbsp;i just want to be alang&nbsp;&nbsp;&nbsp;&nbsp;&nbsp;&nbsp;&nbsp;&nbsp;没日没夜再 也）没了我&nbsp;&nbsp;&nbsp;&nbsp;每日每夜忘了我吧&nbsp;&nbsp;&nbsp;&nbsp;再没人街&nbsp;&nbsp;&nbsp;&nbsp;故事里早没了浪漫的 语言&nbsp;&nbsp;&nbsp;&nbsp;或许是诺言早 超过了期限&nbsp;&nbsp;&nbsp;&nbsp;曾经哪 发的誓 全成为 欺骗&nbsp;&nbsp;&nbsp;&nbsp;&nbsp;&nbsp;&nbsp;&nbsp;原来童话故事只是假象只是童话&nbsp;&nbsp;&nbsp;&nbsp;我的世界没你 心要怎么融化&nbsp;&nbsp;&nbsp;&nbsp;无休止的争吵最后变得不再融洽&nbsp;&nbsp;&nbsp;&nbsp;全部崩塌或许这是你对我的惩罚&nbsp;&nbsp;&nbsp;&nbsp;&nbsp;&nbsp;&nbsp;&nbsp;我很可怜 像断了弦 我不想在为谁改变&nbsp;&nbsp;&nbsp;&nbsp;我为你改变了风格变成你喜欢的风格&nbsp;&nbsp;&nbsp;&nbsp;但是还是往下坠 &nbsp;&nbsp;&nbsp;&nbsp;做的什么都不对&nbsp;&nbsp;&nbsp;&nbsp;我不想再为谁改变&nbsp;&nbsp;&nbsp;&nbsp;你能明白么', '2020_02_14_10_48_16_016_827_848.mp3', '2020-02-14 10:48:17', '1422492366'),
(43, '没有你的以后', 6, '2020_02_14_10_48_17_017_5_940.jpg', '路新傲骄傲', '作词：骄傲路新傲 HBS SARS&nbsp;&nbsp;&nbsp;&nbsp;作曲：骄傲路新傲 HBS SARS&nbsp;&nbsp;&nbsp;&nbsp;编曲：AlN&nbsp;&nbsp;&nbsp;&nbsp;mix：百川&nbsp;&nbsp;&nbsp;&nbsp;如果你想走就不要让我挽留&nbsp;&nbsp;&nbsp;&nbsp;伤害你的话我怎么说的出口&nbsp;&nbsp;&nbsp;&nbsp;不相信这条路被我走到尽头&nbsp;&nbsp;&nbsp;&nbsp;早知道这结果的我也只能接受&nbsp;&nbsp;&nbsp;&nbsp;你现在还是我拒绝别人的理由&nbsp;&nbsp;&nbsp;&nbsp;不想让现实束缚最后也被迁就&nbsp;&nbsp;&nbsp;&nbsp;听着你的声音在电话的那头&nbsp;&nbsp;&nbsp;&nbsp;我该怎么做在没有你的以后&nbsp;&nbsp;&nbsp;&nbsp;&nbsp;&nbsp;&nbsp;&nbsp;从什么时候我们彼此变了我总在&nbsp;&nbsp;&nbsp;&nbsp;问&nbsp;&nbsp;&nbsp;&nbsp;明明很爱对方却爱到深处&nbsp;&nbsp;&nbsp;&nbsp;变成了恨&nbsp;&nbsp;&nbsp;&nbsp;我明明很诚恳&nbsp;&nbsp;&nbsp;&nbsp;是谁没负责任&nbsp;&nbsp;&nbsp;&nbsp;我很烂 很紊乱&nbsp;&nbsp;&nbsp;&nbsp;自从你走以后 我变得很少交际&nbsp;&nbsp;&nbsp;&nbsp;我承认我提的分手 却感觉像我再被抛弃&nbsp;&nbsp;&nbsp;&nbsp;记得一同经历的画面 &nbsp;&nbsp;&nbsp;&nbsp;再也没了你的消息&nbsp;&nbsp;&nbsp;&nbsp;怎么还是会去挂念 &nbsp;&nbsp;&nbsp;&nbsp;样子多了几分焦虑&nbsp;&nbsp;&nbsp;&nbsp;我很懒 我很烂&nbsp;&nbsp;&nbsp;&nbsp;我在等待你的审判&nbsp;&nbsp;&nbsp;&nbsp;太感叹在你走后我的故事发生转换&nbsp;&nbsp;&nbsp;&nbsp;我的世界今后全是灾难 &nbsp;&nbsp;&nbsp;&nbsp;我的一切真的会很困难&nbsp;&nbsp;&nbsp;&nbsp;为什么又突然想起你 让我精神变得涣散&nbsp;&nbsp;&nbsp;&nbsp;今后的故事都与你无关&nbsp;&nbsp;&nbsp;&nbsp;为什么非要我要把伤口撕给你看&nbsp;&nbsp;&nbsp;&nbsp;为什么非要我把伤口撕给你看', '2020_02_14_10_48_17_017_156_658.mp3', '2020-02-14 10:48:18', '1422492600'),
(44, '一个人走', 6, '2020_02_14_10_48_18_018_578_232.jpg', '路新傲骄傲', '作词：骄傲路新傲&nbsp;&nbsp;&nbsp;&nbsp;作曲：骄傲路新傲&nbsp;&nbsp;&nbsp;&nbsp;演唱：骄傲路新傲 HBSlz鸭嘴&nbsp;&nbsp;&nbsp;&nbsp;编曲：_WayMen_&nbsp;&nbsp;&nbsp;&nbsp;mix鹤仙问鹿仙&nbsp;&nbsp;&nbsp;&nbsp;&nbsp;&nbsp;&nbsp;&nbsp;&nbsp;&nbsp;&nbsp;&nbsp;你说你是特别爱我的&nbsp;&nbsp;&nbsp;&nbsp;当然我也相信你是爱我的&nbsp;&nbsp;&nbsp;&nbsp;经历过那么多的朋友的祝福 陪伴 &nbsp;&nbsp;&nbsp;&nbsp;可是结局 最后还是分开了&nbsp;&nbsp;&nbsp;&nbsp;这段故事可能再也没人去解成为谜题&nbsp;&nbsp;&nbsp;&nbsp;最终除去我可能也再也没人提及&nbsp;&nbsp;&nbsp;&nbsp;像从没发生过一样&nbsp;&nbsp;&nbsp;&nbsp;多么迷离&nbsp;&nbsp;&nbsp;&nbsp;哪些伤人的话 都成为悲剧&nbsp;&nbsp;&nbsp;&nbsp;我该怎么比喻&nbsp;&nbsp;&nbsp;&nbsp;你总是说你没有安全感&nbsp;&nbsp;&nbsp;&nbsp;我不懂&nbsp;&nbsp;&nbsp;&nbsp;在你走后我才发现&nbsp;&nbsp;&nbsp;&nbsp;我也特别需要安全感&nbsp;&nbsp;&nbsp;&nbsp;真的很怕&nbsp;&nbsp;&nbsp;&nbsp;所以握的更紧&nbsp;&nbsp;&nbsp;&nbsp;可能你永远不会理解吧&nbsp;&nbsp;&nbsp;&nbsp;有时我也想回到过去问&nbsp;&nbsp;&nbsp;&nbsp;是不是我只感动了自己&nbsp;&nbsp;&nbsp;&nbsp;我很笨&nbsp;&nbsp;&nbsp;&nbsp;爱为什么到最后变成恨&nbsp;&nbsp;&nbsp;&nbsp;遗憾就遗憾吧我也只能选择认&nbsp;&nbsp;&nbsp;&nbsp;&nbsp;&nbsp;&nbsp;&nbsp;昏暗的街没关系 我可以&nbsp;&nbsp;&nbsp;&nbsp;一个人走&nbsp;&nbsp;&nbsp;&nbsp;很抱歉 我没能握紧最后&nbsp;&nbsp;&nbsp;&nbsp; 松开了手&nbsp;&nbsp;&nbsp;&nbsp; &nbsp;&nbsp;&nbsp;&nbsp; &nbsp;&nbsp;&nbsp;&nbsp;我把关于我们的相册&nbsp;&nbsp;&nbsp;&nbsp;撕碎扔掉&nbsp;&nbsp;&nbsp;&nbsp;再花了很多时间找到&nbsp;&nbsp;&nbsp;&nbsp;紧紧的把他黏在一起&nbsp;&nbsp;&nbsp;&nbsp;我很纠结&nbsp;&nbsp;&nbsp;&nbsp;哪感觉就像快要精神分裂&nbsp;&nbsp;&nbsp;&nbsp;多深切&nbsp;&nbsp;&nbsp;&nbsp;时间在更替&nbsp;&nbsp;&nbsp;&nbsp;在深夜&nbsp;&nbsp;&nbsp;&nbsp;我越来越封闭&nbsp;&nbsp;&nbsp;&nbsp;为什么总能不经意&nbsp;&nbsp;&nbsp;&nbsp;想起她&nbsp;&nbsp;&nbsp;&nbsp;&nbsp;&nbsp;&nbsp;&nbsp;我总会想起她&nbsp;&nbsp;&nbsp;&nbsp;想她说的话&nbsp;&nbsp;&nbsp;&nbsp;还没有送她花&nbsp;&nbsp;&nbsp;&nbsp;哪煽情的画面&nbsp;&nbsp;&nbsp;&nbsp;我想要全部删除掉&nbsp;&nbsp;&nbsp;&nbsp;可不可以全部删除掉啊&nbsp;&nbsp;&nbsp;&nbsp;不想再记起她&nbsp;&nbsp;&nbsp;&nbsp;我想要忘记她&nbsp;&nbsp;&nbsp;&nbsp;可真的没有办法&nbsp;&nbsp;&nbsp;&nbsp;你能帮帮我么&nbsp;&nbsp;&nbsp;&nbsp;你有办法能帮帮我么&nbsp;&nbsp;&nbsp;&nbsp;我真的不想再看见她了&nbsp;&nbsp;&nbsp;&nbsp;可我为什么又在梦中看到了她&nbsp;&nbsp;&nbsp;&nbsp;好吧 &nbsp;&nbsp;&nbsp;&nbsp;我不说内些话 没用的&nbsp;&nbsp;&nbsp;&nbsp;也许是我太认真&nbsp;&nbsp;&nbsp;&nbsp;怪我吧&nbsp;&nbsp;&nbsp;&nbsp;你如果真的开心&nbsp;&nbsp;&nbsp;&nbsp;我应该祝福你才对&nbsp;&nbsp;&nbsp;&nbsp;我是真心祝福&nbsp;&nbsp;&nbsp;&nbsp;可为什么会难受呢', '2020_02_14_10_48_18_018_912_330.mp3', '2020-02-14 10:48:19', '1422492841'),
(45, 'One Day', 6, '2020_02_14_10_48_25_025_181_291.jpg', 'Matisyahu', 'Sometimes I lay&nbsp;&nbsp;&nbsp;&nbsp;unde the moon&nbsp;&nbsp;&nbsp;&nbsp;and thank God I\'m beathing&nbsp;&nbsp;&nbsp;&nbsp;Then I pay,&nbsp;&nbsp;&nbsp;&nbsp;\"Don\'t take me soon,&nbsp;&nbsp;&nbsp;&nbsp; \'cause I am hee fo a eason\"&nbsp;&nbsp;&nbsp;&nbsp;Sometimes in my teas I down&nbsp;&nbsp;&nbsp;&nbsp;But I neve let it get me down&nbsp;&nbsp;&nbsp;&nbsp;So when negativity suounds&nbsp;&nbsp;&nbsp;&nbsp;I know some day it\'ll all tun aound,&nbsp;&nbsp;&nbsp;&nbsp;becauseAll my life I\'ve been waiting fo,&nbsp;&nbsp;&nbsp;&nbsp;I\'ve been paying fo&nbsp;&nbsp;&nbsp;&nbsp;Fo the people to say&nbsp;&nbsp;&nbsp;&nbsp;That we don\'t wanna fight no moe,&nbsp;&nbsp;&nbsp;&nbsp;thee\'ll be no moe was&nbsp;&nbsp;&nbsp;&nbsp;And ou childen will play&nbsp;&nbsp;&nbsp;&nbsp;One day One day,&nbsp;&nbsp;&nbsp;&nbsp;one day One day,&nbsp;&nbsp;&nbsp;&nbsp;one day Oh-oh-ohh&nbsp;&nbsp;&nbsp;&nbsp;&nbsp;&nbsp;&nbsp;&nbsp;One day One day,&nbsp;&nbsp;&nbsp;&nbsp;one day One day,&nbsp;&nbsp;&nbsp;&nbsp;one day Oh-oh-ohh&nbsp;&nbsp;&nbsp;&nbsp;&nbsp;&nbsp;&nbsp;&nbsp;It\'s not about&nbsp;&nbsp;&nbsp;&nbsp;win o lose,&nbsp;&nbsp;&nbsp;&nbsp;\'cause we all lose&nbsp;&nbsp;&nbsp;&nbsp;when they feed on the souls of the innocent,&nbsp;&nbsp;&nbsp;&nbsp;blood-denched pavement&nbsp;&nbsp;&nbsp;&nbsp;Keep on moving though the wates stay aging&nbsp;&nbsp;&nbsp;&nbsp;In this maze, you can lose you way You way&nbsp;&nbsp;&nbsp;&nbsp;It might dive you cazy, but don\'t let it faze you, no way No way&nbsp;&nbsp;&nbsp;&nbsp;Sometimes in my teas I down I down&nbsp;&nbsp;&nbsp;&nbsp;But I neve let it get me down Get me dow-own&nbsp;&nbsp;&nbsp;&nbsp;So when negativity suounds Suounds&nbsp;&nbsp;&nbsp;&nbsp;I know some day it\'ll all tun aound,&nbsp;&nbsp;&nbsp;&nbsp;becauseAll my life I\'ve been waiting fo Waiting fo&nbsp;&nbsp;&nbsp;&nbsp;I\'ve been paying fo Paying fo&nbsp;&nbsp;&nbsp;&nbsp;Fo the people to say&nbsp;&nbsp;&nbsp;&nbsp;That we don\'t wanna fight no moe Fight no moe&nbsp;&nbsp;&nbsp;&nbsp;They\'ll be no moe wa No moe wa&nbsp;&nbsp;&nbsp;&nbsp;And ou childen will play&nbsp;&nbsp;&nbsp;&nbsp;One day One day,&nbsp;&nbsp;&nbsp;&nbsp; one day One day,&nbsp;&nbsp;&nbsp;&nbsp;one day Oh-oh-ohh, one day&nbsp;&nbsp;&nbsp;&nbsp;&nbsp;&nbsp;&nbsp;&nbsp;One day One day,&nbsp;&nbsp;&nbsp;&nbsp;one day One day,&nbsp;&nbsp;&nbsp;&nbsp;one day Oh-oh-ohh&nbsp;&nbsp;&nbsp;&nbsp;&nbsp;&nbsp;&nbsp;&nbsp;One day this all will change,&nbsp;&nbsp;&nbsp;&nbsp; teat people the same&nbsp;&nbsp;&nbsp;&nbsp;Stop with the violence,&nbsp;&nbsp;&nbsp;&nbsp;down with the hate&nbsp;&nbsp;&nbsp;&nbsp;One day we\'ll all be fee,&nbsp;&nbsp;&nbsp;&nbsp;and poud to be&nbsp;&nbsp;&nbsp;&nbsp;Unde the same sun,&nbsp;&nbsp;&nbsp;&nbsp;singing songs of feedom like&nbsp;&nbsp;&nbsp;&nbsp;Why-ohhh , why-ohh-ohh-ohh&nbsp;&nbsp;&nbsp;&nbsp;One day, one day, oh-oh-oh&nbsp;&nbsp;&nbsp;&nbsp;&nbsp;&nbsp;&nbsp;&nbsp;Why-ohhh, why-ohh-ohh-ohh&nbsp;&nbsp;&nbsp;&nbsp;One day, one day, oh-oh-oh&nbsp;&nbsp;&nbsp;&nbsp;&nbsp;&nbsp;&nbsp;&nbsp;All my life I\'ve been waiting fo&nbsp;&nbsp;&nbsp;&nbsp;I\'ve been paying fo&nbsp;&nbsp;&nbsp;&nbsp;Fo the people to say Ay-yay-yay-yay-yay-oh&nbsp;&nbsp;&nbsp;&nbsp;That we don\'t wanna fight no moe Ay-yay-yay-yay-yay-oh&nbsp;&nbsp;&nbsp;&nbsp;They\'ll be no moe wa&nbsp;&nbsp;&nbsp;&nbsp;And ou childen will play&nbsp;&nbsp;&nbsp;&nbsp;Why-ohhh , why-ohh-ohh-ohh&nbsp;&nbsp;&nbsp;&nbsp;One day One day, one day One day,&nbsp;&nbsp;&nbsp;&nbsp; one day Oh-oh-ohh&nbsp;&nbsp;&nbsp;&nbsp;&nbsp;&nbsp;&nbsp;&nbsp;Why-ohhh , why-ohh-ohh-ohh&nbsp;&nbsp;&nbsp;&nbsp;One day One day, one day One day,&nbsp;&nbsp;&nbsp;&nbsp;one day Oh-oh-ohh&nbsp;&nbsp;&nbsp;&nbsp;', '2020_02_14_10_48_25_025_775_104.mp3', '2020-02-14 10:48:26', '21157332');
INSERT INTO `music` (`id`, `musicname`, `typeid`, `image`, `singer`, `lyric`, `url`, `createtime`, `wid`) VALUES
(46, 'Ransom', 6, '2020_02_14_10_48_26_026_354_491.jpg', 'Lil Tecca', 'byTap_Gil&nbsp;&nbsp;&nbsp;&nbsp;Tun you to a dance&nbsp;&nbsp;&nbsp;&nbsp;Yeah&nbsp;&nbsp;&nbsp;&nbsp;Intenet Money &nbsp;&nbsp;&nbsp;&nbsp;I got black, I got white, what you want&nbsp;&nbsp;&nbsp;&nbsp;Hop outside a ghost and hop up in a Phantom&nbsp;&nbsp;&nbsp;&nbsp;I know I\'m boutta blow-oh-woah-oh, I ain’t dumb&nbsp;&nbsp;&nbsp;&nbsp;They ty to take my flow, I take they ass fo ansom&nbsp;&nbsp;&nbsp;&nbsp;I know that I\'m gone&nbsp;&nbsp;&nbsp;&nbsp;They see me blowing up, now they say they want some&nbsp;&nbsp;&nbsp;&nbsp;I got two twin Glocks, tun you to a dance&nbsp;&nbsp;&nbsp;&nbsp;I see two twin opps, leave \'em on the banne&nbsp;&nbsp;&nbsp;&nbsp;And I got two thick thots, wanna lick the gang, yeah&nbsp;&nbsp;&nbsp;&nbsp;I got ed, I got blue, what you want&nbsp;&nbsp;&nbsp;&nbsp;The Chanel o Balenciaga, Louis and Vuitton&nbsp;&nbsp;&nbsp;&nbsp;She know I got the Fendi, Pada when I hit Milan&nbsp;&nbsp;&nbsp;&nbsp;I needed me a die outta alley me to want&nbsp;&nbsp;&nbsp;&nbsp;I stated fom the bottom, you could see the way I stunt&nbsp;&nbsp;&nbsp;&nbsp;I want all the diamonds, I want that  to weigh a ton&nbsp;&nbsp;&nbsp;&nbsp;The opps they tyna law me \'cause they hate the place I\'m fom&nbsp;&nbsp;&nbsp;&nbsp;But them s don\'t know me, they just know the place I\'m fom&nbsp;&nbsp;&nbsp;&nbsp;I got lots of shawties tyna pull up to my place&nbsp;&nbsp;&nbsp;&nbsp;But you ain\'t want me last yea so just get up out my face&nbsp;&nbsp;&nbsp;&nbsp;They all up in my inbox, so I know they want a taste&nbsp;&nbsp;&nbsp;&nbsp;I know they want my downfall, oh  ae you laced&nbsp;&nbsp;&nbsp;&nbsp;I got black, I got white, what you want&nbsp;&nbsp;&nbsp;&nbsp;Hop outside a ghost and hop up in a Phantom&nbsp;&nbsp;&nbsp;&nbsp;I know I\'m boutta boutta blow-oh-woah-oh, I ain\'t dumb&nbsp;&nbsp;&nbsp;&nbsp;They ty to take my flow, I take they ass fo ansom&nbsp;&nbsp;&nbsp;&nbsp;I know that I’m gone&nbsp;&nbsp;&nbsp;&nbsp;They see me blowing up, now they say they want some&nbsp;&nbsp;&nbsp;&nbsp;I got two twin Glocks, tun you to a dance&nbsp;&nbsp;&nbsp;&nbsp;I see two twin opps, leave ’em on the banne&nbsp;&nbsp;&nbsp;&nbsp;And I got two thick thots, wanna lick the gang, yeah&nbsp;&nbsp;&nbsp;&nbsp;I got black, I got white, what you want&nbsp;&nbsp;&nbsp;&nbsp;Hop outside a ghost and hop up in a Phantom&nbsp;&nbsp;&nbsp;&nbsp;I know I\'m boutta boutta blow-oh-woah-oh, I ain’t dumb&nbsp;&nbsp;&nbsp;&nbsp;They ty to take my flow, I take they ass fo ansom&nbsp;&nbsp;&nbsp;&nbsp;I know that I\'m gone&nbsp;&nbsp;&nbsp;&nbsp;They see me blowing up, now they say they want some&nbsp;&nbsp;&nbsp;&nbsp;I got two twin Glocks, tun you to a dance&nbsp;&nbsp;&nbsp;&nbsp;I see two twin opps, leave \'em on the banne&nbsp;&nbsp;&nbsp;&nbsp;And I got two thick thots, wanna lick the gang, yeah&nbsp;&nbsp;&nbsp;&nbsp;', '2020_02_14_10_48_26_026_573_905.mp3', '2020-02-14 10:48:27', '1367172233'),
(47, 'whoa (mind in awe)', 6, '2020_02_14_10_48_27_027_197_520.jpg', 'XXXTENTACION', 'byTap_Gil&nbsp;&nbsp;&nbsp;&nbsp;I was like oh-oh-oh\r&nbsp;&nbsp;&nbsp;&nbsp;Oh-oh-oh\r&nbsp;&nbsp;&nbsp;&nbsp;Oh-woah-oh\r&nbsp;&nbsp;&nbsp;&nbsp;Oh-oh-oh\r&nbsp;&nbsp;&nbsp;&nbsp;Won\'t look back on my mom\r&nbsp;&nbsp;&nbsp;&nbsp;Won\'t let back on my shine\r&nbsp;&nbsp;&nbsp;&nbsp;Won\'t let you cloud my mind\r&nbsp;&nbsp;&nbsp;&nbsp;Won\'t let you cloud my mind\r&nbsp;&nbsp;&nbsp;&nbsp;All my days, I was cyin\'\r&nbsp;&nbsp;&nbsp;&nbsp;All my lows all my highs\r&nbsp;&nbsp;&nbsp;&nbsp;Told my Mom, \"I\'m gon\' shine\"\r&nbsp;&nbsp;&nbsp;&nbsp;To my love, \"I\'m gon\'\"\r&nbsp;&nbsp;&nbsp;&nbsp;And I was like\r&nbsp;&nbsp;&nbsp;&nbsp;Oh-oh-oh\r&nbsp;&nbsp;&nbsp;&nbsp;Oh-oh-oh\r&nbsp;&nbsp;&nbsp;&nbsp;Oh-woah-oh\r&nbsp;&nbsp;&nbsp;&nbsp;Oh-oh-oh\r&nbsp;&nbsp;&nbsp;&nbsp;Oh, oh, oh\r&nbsp;&nbsp;&nbsp;&nbsp;Oh, oh\r&nbsp;&nbsp;&nbsp;&nbsp;And I was like\r&nbsp;&nbsp;&nbsp;&nbsp;Oh-oh-oh\r&nbsp;&nbsp;&nbsp;&nbsp;Oh-oh-oh\r&nbsp;&nbsp;&nbsp;&nbsp;Oh-woah-oh\r&nbsp;&nbsp;&nbsp;&nbsp;Oh-oh-oh\r&nbsp;&nbsp;&nbsp;&nbsp;', '2020_02_14_10_48_27_027_229_945.mp3', '2020-02-14 10:48:27', '1331880361'),
(48, 'Fire', 6, '2020_02_14_10_48_27_027_388_211.jpg', 'Gavin Degraw', 'Oh if thee\'s one thing to be taught&nbsp;&nbsp;&nbsp;&nbsp;it\'s deams ae made to be caught&nbsp;&nbsp;&nbsp;&nbsp;and fiends can neve be bought&nbsp;&nbsp;&nbsp;&nbsp;Doesn\'t matte how long it\'s been&nbsp;&nbsp;&nbsp;&nbsp;I know you\'ll always jump in&nbsp;&nbsp;&nbsp;&nbsp;\'Cause we don\'t know how to quit&nbsp;&nbsp;&nbsp;&nbsp;Let\'s stat a iot tonight&nbsp;&nbsp;&nbsp;&nbsp;a pack of lions tonight&nbsp;&nbsp;&nbsp;&nbsp;In this wold he who stops&nbsp;&nbsp;&nbsp;&nbsp;won\'t get anything he wants&nbsp;&nbsp;&nbsp;&nbsp;Play like the top one pecent&nbsp;&nbsp;&nbsp;&nbsp;till nothing\'s left to be spent&nbsp;&nbsp;&nbsp;&nbsp;Take it all ous to take &nbsp;&nbsp;&nbsp;&nbsp;Celebate because&nbsp;&nbsp;&nbsp;&nbsp;We ae the champions&nbsp;&nbsp;&nbsp;&nbsp;Setting it off again&nbsp;&nbsp;&nbsp;&nbsp;Oh we on fie&nbsp;&nbsp;&nbsp;&nbsp;We on fie&nbsp;&nbsp;&nbsp;&nbsp;Running ou own campaign&nbsp;&nbsp;&nbsp;&nbsp;Doing the whole shebang&nbsp;&nbsp;&nbsp;&nbsp;Oh we on fie&nbsp;&nbsp;&nbsp;&nbsp;We on fie&nbsp;&nbsp;&nbsp;&nbsp;Get up&nbsp;&nbsp;&nbsp;&nbsp;Stand up&nbsp;&nbsp;&nbsp;&nbsp;Thow you hands up&nbsp;&nbsp;&nbsp;&nbsp;Welcome to the othe land of &nbsp;&nbsp;&nbsp;&nbsp;deames bothes sistes othes&nbsp;&nbsp;&nbsp;&nbsp;Yeah we on fie like that&nbsp;&nbsp;&nbsp;&nbsp;Oh the bond is deepe than skin&nbsp;&nbsp;&nbsp;&nbsp;The kind of club that we\'e in&nbsp;&nbsp;&nbsp;&nbsp;The kind of love that we give&nbsp;&nbsp;&nbsp;&nbsp;Oh eve since the dawn of mankind&nbsp;&nbsp;&nbsp;&nbsp;we all belong to a tibe&nbsp;&nbsp;&nbsp;&nbsp;It\'s good to know this one\'s mine&nbsp;&nbsp;&nbsp;&nbsp;Let\'s stat a iot tonight&nbsp;&nbsp;&nbsp;&nbsp;a pack of lions tonight&nbsp;&nbsp;&nbsp;&nbsp;In this wold he who stops &nbsp;&nbsp;&nbsp;&nbsp;won\'t get anything he wants&nbsp;&nbsp;&nbsp;&nbsp;Play like the top one pecent&nbsp;&nbsp;&nbsp;&nbsp;till nothing\'s left to be spent&nbsp;&nbsp;&nbsp;&nbsp;&nbsp;&nbsp;&nbsp;&nbsp;We don\'t cae&nbsp;&nbsp;&nbsp;&nbsp;We won\'t stop&nbsp;&nbsp;&nbsp;&nbsp;Call you mothes&nbsp;&nbsp;&nbsp;&nbsp;Call the cops&nbsp;&nbsp;&nbsp;&nbsp;&nbsp;&nbsp;&nbsp;&nbsp;We ae the champions&nbsp;&nbsp;&nbsp;&nbsp;Setting it off again&nbsp;&nbsp;&nbsp;&nbsp;Oh we on fie&nbsp;&nbsp;&nbsp;&nbsp;We on fie&nbsp;&nbsp;&nbsp;&nbsp;Running ou own campaign&nbsp;&nbsp;&nbsp;&nbsp;Doing the whole shebang&nbsp;&nbsp;&nbsp;&nbsp;Oh we on fie&nbsp;&nbsp;&nbsp;&nbsp;We on fie&nbsp;&nbsp;&nbsp;&nbsp;&nbsp;&nbsp;&nbsp;&nbsp;Get up&nbsp;&nbsp;&nbsp;&nbsp;Stand up&nbsp;&nbsp;&nbsp;&nbsp;Thow you hands up&nbsp;&nbsp;&nbsp;&nbsp;Welcome to the othe land of &nbsp;&nbsp;&nbsp;&nbsp;deames bothes sistes othes&nbsp;&nbsp;&nbsp;&nbsp;Yeah we on fie like that&nbsp;&nbsp;&nbsp;&nbsp;Oh&nbsp;&nbsp;&nbsp;&nbsp;Ooh&nbsp;&nbsp;&nbsp;&nbsp;And nothing\'s gonna be the same&nbsp;&nbsp;&nbsp;&nbsp;&nbsp;&nbsp;&nbsp;&nbsp;Oh &nbsp;&nbsp;&nbsp;&nbsp;We ae the champions&nbsp;&nbsp;&nbsp;&nbsp;Setting it off again&nbsp;&nbsp;&nbsp;&nbsp;Oh we on fie&nbsp;&nbsp;&nbsp;&nbsp;We on fie&nbsp;&nbsp;&nbsp;&nbsp;Running ou own campaign&nbsp;&nbsp;&nbsp;&nbsp;Doing the whole shebang&nbsp;&nbsp;&nbsp;&nbsp;Oh we on fie&nbsp;&nbsp;&nbsp;&nbsp;We on fie&nbsp;&nbsp;&nbsp;&nbsp;And nothing\'s gonna be the same&nbsp;&nbsp;&nbsp;&nbsp;Hey', '2020_02_14_10_48_27_027_587_284.mp3', '2020-02-14 10:48:28', '28923579'),
(49, 'Late summer', 7, '2020_02_14_10_48_30_030_200_293.jpg', '周涵', '（纯音乐）', '2020_02_14_10_48_30_030_807_471.mp3', '2020-02-14 10:48:31', '1385897410'),
(50, '暖屋灯下的回忆', 7, '2020_02_14_10_48_31_031_602_708.jpg', 'N.K.杨凯', '暂无歌词', '2020_02_14_10_48_31_031_80_62.mp3', '2020-02-14 10:48:32', '1408829442'),
(51, '甜蜜的雨', 7, '2020_02_14_10_48_32_032_311_556.jpg', 'N.K.杨凯', '暂无歌词', '2020_02_14_10_48_32_032_32_9.mp3', '2020-02-14 10:48:32', '1390414631'),
(52, '总是被拒绝，也挺难过的。', 7, '2020_02_14_10_48_32_032_347_522.jpg', '拿花负荷', '晚安', '2020_02_14_10_48_33_033_866_742.mp3', '2020-02-14 10:48:33', '1411402304'),
(53, 'The truth that you leave', 7, '2020_02_14_10_48_34_034_10_137.jpg', 'Pianoboy高至豪', '暂无歌词', '2020_02_14_10_48_34_034_446_846.mp3', '2020-02-14 10:48:35', '139774'),
(54, '城南花已开', 7, '2020_02_14_10_48_35_035_844_235.jpg', '三亩地', '一切都会好的，城南的花都开了。', '2020_02_14_10_48_35_035_888_130.mp3', '2020-02-14 10:48:36', '468176711'),
(55, 'Illusionary Daytime', 7, '2020_02_14_10_48_36_036_48_672.jpg', 'Shirfine', '暂无歌词', '2020_02_14_10_48_36_036_409_45.mp3', '2020-02-14 10:48:36', '28907016'),
(56, 'Rain after Summer', 7, '2020_02_14_10_48_37_037_7_630.jpg', '羽肿', '暂无歌词', '2020_02_14_10_48_37_037_730_52.mp3', '2020-02-14 10:48:38', '430685732'),
(57, '莫比乌斯号的船医', 8, '2020_02_14_10_48_39_039_404_692.jpg', '裘德', '编曲：裘德&nbsp;&nbsp;&nbsp;&nbsp;&nbsp;&nbsp;&nbsp;&nbsp;看海雾最轻的起落&nbsp;&nbsp;&nbsp;&nbsp;潮湿地贴在他胳膊&nbsp;&nbsp;&nbsp;&nbsp;糖霜般的陆地离开&nbsp;&nbsp;&nbsp;&nbsp;在身后&nbsp;&nbsp;&nbsp;&nbsp;&nbsp;&nbsp;&nbsp;&nbsp;他不负责冲撞暗流&nbsp;&nbsp;&nbsp;&nbsp;只是辨认病人汗咸和苦涩&nbsp;&nbsp;&nbsp;&nbsp;抚慰的 小缝合&nbsp;&nbsp;&nbsp;&nbsp;&nbsp;&nbsp;&nbsp;&nbsp;就这样 伸进了谁伤口&nbsp;&nbsp;&nbsp;&nbsp;自然地 多感染点沉默&nbsp;&nbsp;&nbsp;&nbsp;&nbsp;&nbsp;&nbsp;&nbsp;他的疲惫像是火柴&nbsp;&nbsp;&nbsp;&nbsp;在无际夜海&nbsp;&nbsp;&nbsp;&nbsp;擦过就失败 亮不起来&nbsp;&nbsp;&nbsp;&nbsp;&nbsp;&nbsp;&nbsp;&nbsp;停泊是有但在万里之外&nbsp;&nbsp;&nbsp;&nbsp;还粉饰一切 没大碍&nbsp;&nbsp;&nbsp;&nbsp;血污纱带 坠满他口袋&nbsp;&nbsp;&nbsp;&nbsp;空的船头 载他继续开&nbsp;&nbsp;&nbsp;&nbsp;&nbsp;&nbsp;&nbsp;&nbsp;银色药片握他的手&nbsp;&nbsp;&nbsp;&nbsp;冷的刀刃响应微弱的呼救&nbsp;&nbsp;&nbsp;&nbsp;他旁观 没开口&nbsp;&nbsp;&nbsp;&nbsp;&nbsp;&nbsp;&nbsp;&nbsp;夜里的 船员和橘子酒&nbsp;&nbsp;&nbsp;&nbsp;他错认风 像是谁的问候&nbsp;&nbsp;&nbsp;&nbsp;&nbsp;&nbsp;&nbsp;&nbsp;他的疲惫像是火柴&nbsp;&nbsp;&nbsp;&nbsp;在无际夜海&nbsp;&nbsp;&nbsp;&nbsp;擦过就失败 亮不起来&nbsp;&nbsp;&nbsp;&nbsp;&nbsp;&nbsp;&nbsp;&nbsp;停泊是有但在万里之外&nbsp;&nbsp;&nbsp;&nbsp;还粉饰一切 没大碍&nbsp;&nbsp;&nbsp;&nbsp;血污纱带 坠满他口袋&nbsp;&nbsp;&nbsp;&nbsp;空的船头 载他继续开&nbsp;&nbsp;&nbsp;&nbsp;&nbsp;&nbsp;&nbsp;&nbsp;他左半边变得奇怪&nbsp;&nbsp;&nbsp;&nbsp;在虚浮夜海&nbsp;&nbsp;&nbsp;&nbsp;痛到有一块 像要腐败&nbsp;&nbsp;&nbsp;&nbsp;&nbsp;&nbsp;&nbsp;&nbsp;狂欢加速但浪始终不来&nbsp;&nbsp;&nbsp;&nbsp;他没能如愿 被损坏&nbsp;&nbsp;&nbsp;&nbsp;腥涩的甲板 将他藏起来&nbsp;&nbsp;&nbsp;&nbsp;他也一瞬 忘了自己在&nbsp;&nbsp;&nbsp;&nbsp;&nbsp;&nbsp;&nbsp;&nbsp;制作人：裘德/佘曼妮/李思&nbsp;&nbsp;&nbsp;&nbsp;钢琴：王思谦&nbsp;&nbsp;&nbsp;&nbsp;鼓：Antonio Fusco&nbsp;&nbsp;&nbsp;&nbsp;Double bass：Ryan Badetich&nbsp;&nbsp;&nbsp;&nbsp;Flugelhon：Noah Hocke&nbsp;&nbsp;&nbsp;&nbsp;乐器录音师：刘芒/Choitee崔恒&nbsp;&nbsp;&nbsp;&nbsp;乐器录音室：TEC Studio/大鹏的小棚&nbsp;&nbsp;&nbsp;&nbsp;人声录音师：裘德&nbsp;&nbsp;&nbsp;&nbsp;和声编写：裘德&nbsp;&nbsp;&nbsp;&nbsp;和声：裘德/不才&nbsp;&nbsp;&nbsp;&nbsp;经纪公司：酷意时代&nbsp;&nbsp;&nbsp;&nbsp;混音师：官硕&nbsp;&nbsp;&nbsp;&nbsp;母带处理工程师：官硕&nbsp;&nbsp;&nbsp;&nbsp;', '2020_02_14_10_48_39_039_570_891.mp3', '2020-02-14 10:48:40', '1398654758'),
(58, '没什么大不了', 8, '2020_02_14_10_48_40_040_187_856.jpg', '高姗', 'I am a little younge than you&nbsp;&nbsp;&nbsp;&nbsp;I\'m  while you ae  yeas old&nbsp;&nbsp;&nbsp;&nbsp;这算是什么大不了的poblem&nbsp;&nbsp;&nbsp;&nbsp;村长的夫人当时还在kindegaten&nbsp;&nbsp;&nbsp;&nbsp;&nbsp;&nbsp;&nbsp;&nbsp;I am a little fa fom you&nbsp;&nbsp;&nbsp;&nbsp;I\'m in Ameica but now you live in China&nbsp;&nbsp;&nbsp;&nbsp;这不是什么大不了的poblem&nbsp;&nbsp;&nbsp;&nbsp;潘多拉星的阿凡达也能爱上地球人&nbsp;&nbsp;&nbsp;&nbsp;&nbsp;&nbsp;&nbsp;&nbsp;没什么大不了&nbsp;&nbsp;&nbsp;&nbsp;这些都不重要&nbsp;&nbsp;&nbsp;&nbsp;只要我们相爱就好&nbsp;&nbsp;&nbsp;&nbsp;&nbsp;&nbsp;&nbsp;&nbsp;你没听阿信说&nbsp;&nbsp;&nbsp;&nbsp;我不害怕爱错&nbsp;&nbsp;&nbsp;&nbsp;就怕没爱过&nbsp;&nbsp;&nbsp;&nbsp;&nbsp;&nbsp;&nbsp;&nbsp;I am a little fa fom you&nbsp;&nbsp;&nbsp;&nbsp;I\'m in Ameica but now you live in China&nbsp;&nbsp;&nbsp;&nbsp;这不是什么大不了的poblem&nbsp;&nbsp;&nbsp;&nbsp;潘多拉星的阿凡达也能爱上地球人&nbsp;&nbsp;&nbsp;&nbsp;&nbsp;&nbsp;&nbsp;&nbsp;没什么大不了&nbsp;&nbsp;&nbsp;&nbsp;这些都不重要&nbsp;&nbsp;&nbsp;&nbsp;只要我们相爱就好&nbsp;&nbsp;&nbsp;&nbsp;&nbsp;&nbsp;&nbsp;&nbsp;你没听阿信说&nbsp;&nbsp;&nbsp;&nbsp;我不害怕爱错&nbsp;&nbsp;&nbsp;&nbsp;就怕没爱过&nbsp;&nbsp;&nbsp;&nbsp;&nbsp;&nbsp;&nbsp;&nbsp;相遇是种巧合&nbsp;&nbsp;&nbsp;&nbsp;相爱有多难得&nbsp;&nbsp;&nbsp;&nbsp;相信我们是天造地设', '2020_02_14_10_48_40_040_192_100.mp3', '2020-02-14 10:48:41', '1380930961'),
(59, '呃', 8, '2020_02_14_10_48_41_041_433_350.jpg', '袁娅维', '中文词： 小老虎 J-Feve&nbsp;&nbsp;&nbsp;&nbsp;&nbsp;&nbsp;&nbsp;&nbsp;Rap词： 马伯骞Victo Ma&nbsp;&nbsp;&nbsp;&nbsp;&nbsp;&nbsp;&nbsp;&nbsp;OC原曲：Paul E Phamous / Tia袁娅维 / Tusha Apte&nbsp;&nbsp;&nbsp;&nbsp;&nbsp;&nbsp;&nbsp;&nbsp;OA原词：Paul E Phamous / Tia袁娅维&nbsp;&nbsp;&nbsp;&nbsp;&nbsp;&nbsp;&nbsp;&nbsp;制作人/编曲Poduce/Pogamming：Tusha Apte&nbsp;&nbsp;&nbsp;&nbsp;&nbsp;&nbsp;&nbsp;&nbsp;&nbsp;&nbsp;&nbsp;&nbsp;我赌这匹马注定要失败 &nbsp;&nbsp;&nbsp;&nbsp;面对终点眼睛眨了一下&nbsp;&nbsp;&nbsp;&nbsp;犹豫带不来精彩 &nbsp;&nbsp;&nbsp;&nbsp;但我忍不住为他加了个油~fo you &nbsp;&nbsp;&nbsp;&nbsp;&nbsp;&nbsp;&nbsp;&nbsp;此刻你是谁的骑士 我在看台 &nbsp;&nbsp;&nbsp;&nbsp;Nah，才不在乎谁或谁的胜败&nbsp;&nbsp;&nbsp;&nbsp;See I, 只是在等待一出意外 &nbsp;&nbsp;&nbsp;&nbsp;Now，等你，摔下来 &nbsp;&nbsp;&nbsp;&nbsp;&nbsp;&nbsp;&nbsp;&nbsp;So 我等你 摔碎 &nbsp;&nbsp;&nbsp;&nbsp;Tell me what you think about, think about it&nbsp;&nbsp;&nbsp;&nbsp;我等你 摔碎 &nbsp;&nbsp;&nbsp;&nbsp;&nbsp;&nbsp;&nbsp;&nbsp;每个都太常规 &nbsp;&nbsp;&nbsp;&nbsp;Complicated &nbsp;&nbsp;&nbsp;&nbsp;让人太乏味 &nbsp;&nbsp;&nbsp;&nbsp;想到达我⼼底&nbsp;&nbsp;&nbsp;&nbsp;Complicated&nbsp;&nbsp;&nbsp;&nbsp;So I’ll just keep you waiting&nbsp;&nbsp;&nbsp;&nbsp;&nbsp;&nbsp;&nbsp;&nbsp;最致命的进攻 就是忘了了防守 &nbsp;&nbsp;&nbsp;&nbsp;Casue Ti Ti ain’t that type&nbsp;&nbsp;&nbsp;&nbsp;你每一步 一步 乱了节奏 Yeah&nbsp;&nbsp;&nbsp;&nbsp;Ti Ti ain’t that type&nbsp;&nbsp;&nbsp;&nbsp;不，不要浪费期待&nbsp;&nbsp;&nbsp;&nbsp;I gave you too many signs &nbsp;&nbsp;&nbsp;&nbsp;&nbsp;&nbsp;&nbsp;&nbsp;每个都太常规 &nbsp;&nbsp;&nbsp;&nbsp;Complicated &nbsp;&nbsp;&nbsp;&nbsp;让人太乏味 &nbsp;&nbsp;&nbsp;&nbsp;想到达我⼼底&nbsp;&nbsp;&nbsp;&nbsp;Complicated&nbsp;&nbsp;&nbsp;&nbsp;So I’ll just keep you waiting&nbsp;&nbsp;&nbsp;&nbsp;&nbsp;&nbsp;&nbsp;&nbsp;Rap马伯骞Victo Ma&nbsp;&nbsp;&nbsp;&nbsp;Gil it ain’t complicated &nbsp;&nbsp;&nbsp;&nbsp;Baby we infatuated &nbsp;&nbsp;&nbsp;&nbsp;but the game just gets us aggavated&nbsp;&nbsp;&nbsp;&nbsp;let us succumb to the gavitation &nbsp;&nbsp;&nbsp;&nbsp;&nbsp;&nbsp;&nbsp;&nbsp;We be texting finessing impessing attacting and flexing each othe on the daily&nbsp;&nbsp;&nbsp;&nbsp;But all the pushin and pulling the heating and cooling done got us goin goin goin cazy&nbsp;&nbsp;&nbsp;&nbsp;&nbsp;&nbsp;&nbsp;&nbsp;Don’t compae me to you ex man &nbsp;&nbsp;&nbsp;&nbsp;Cuz the standads that he lacking that you caving on you next man &nbsp;&nbsp;&nbsp;&nbsp;Cafting, while you imagine &nbsp;&nbsp;&nbsp;&nbsp;I can make them disappea like I’m doing magic &nbsp;&nbsp;&nbsp;&nbsp;&nbsp;&nbsp;&nbsp;&nbsp;It don’t have to be that complicated &nbsp;&nbsp;&nbsp;&nbsp;Blindly caving &nbsp;&nbsp;&nbsp;&nbsp;Find my patience &nbsp;&nbsp;&nbsp;&nbsp;Time you pacing&nbsp;&nbsp;&nbsp;&nbsp;all then lil games ae oveated &nbsp;&nbsp;&nbsp;&nbsp;go with basics&nbsp;&nbsp;&nbsp;&nbsp;coastin’ baby&nbsp;&nbsp;&nbsp;&nbsp;do you hea the wods you sayin’, cut the BS we’ve been talkin lately&nbsp;&nbsp;&nbsp;&nbsp;&nbsp;&nbsp;&nbsp;&nbsp;每个都太常规 &nbsp;&nbsp;&nbsp;&nbsp;Complicated &nbsp;&nbsp;&nbsp;&nbsp;让人太乏味 &nbsp;&nbsp;&nbsp;&nbsp;想到达我⼼底&nbsp;&nbsp;&nbsp;&nbsp;Complicated&nbsp;&nbsp;&nbsp;&nbsp;So I’ll just keep you waiting&nbsp;&nbsp;&nbsp;&nbsp;&nbsp;&nbsp;&nbsp;&nbsp;我 等你 摔碎 &nbsp;&nbsp;&nbsp;&nbsp;Tell me what you think about, think about &nbsp;&nbsp;&nbsp;&nbsp;What ya gonna say &nbsp;&nbsp;&nbsp;&nbsp; &nbsp;&nbsp;&nbsp;&nbsp;&nbsp;&nbsp;&nbsp;&nbsp;配唱制作人Vocal Poduce：Paul E Phamous&nbsp;&nbsp;&nbsp;&nbsp;和声/编写Hamony & Aangement：Tia袁娅维&nbsp;&nbsp;&nbsp;&nbsp;录音室Recoding Studio The Jungle RoomLA / StudioA Beijing&nbsp;&nbsp;&nbsp;&nbsp;录音Vocal Recoding：倪涵文 @StudioA&nbsp;&nbsp;&nbsp;&nbsp;混音Mixing：周天澈 @StudioA&nbsp;&nbsp;&nbsp;&nbsp;单曲母带Masteing：周天澈 @ StudioA&nbsp;&nbsp;&nbsp;&nbsp;&nbsp;&nbsp;&nbsp;&nbsp;&nbsp;&nbsp;&nbsp;&nbsp;&nbsp;&nbsp;&nbsp;&nbsp;&nbsp;&nbsp;&nbsp;&nbsp;&nbsp;&nbsp;&nbsp;&nbsp;&nbsp;&nbsp;&nbsp;&nbsp;&nbsp;&nbsp;&nbsp;&nbsp;&nbsp;&nbsp;&nbsp;&nbsp;&nbsp;&nbsp;&nbsp;&nbsp; ', '2020_02_14_10_48_41_041_758_57.mp3', '2020-02-14 10:48:41', '1391268914'),
(60, '小步的舞曲（The Minuet）', 8, '2020_02_14_10_48_41_041_318_783.jpg', 'MT1990', '感觉还是这种轻柔的比较好听哦？？', '2020_02_14_10_48_42_042_667_220.mp3', '2020-02-14 10:48:42', '486909695'),
(61, 'Valentine\'s Day（情人节♡）', 8, '2020_02_14_10_48_56_056_904_878.jpg', 'LinG', 'baby I love you（宝贝，我爱你）&nbsp;&nbsp;&nbsp;&nbsp;I\'ll give you eveything（我会把一切都给你）&nbsp;&nbsp;&nbsp;&nbsp;Don\'t leave me（别离开我）&nbsp;&nbsp;&nbsp;&nbsp;Please（求你了）', '2020_02_14_10_48_56_056_575_954.mp3', '2020-02-14 10:48:56', '1422156606'),
(62, 'ｃｏｎｖｅｒｓａｔｉｏｎ', 8, '2020_02_14_10_48_56_056_94_382.jpg', 'bbbluelee', 'by无念白&nbsp;&nbsp;&nbsp;&nbsp;&nbsp;&nbsp;&nbsp;&nbsp;编曲Bbbluelee&nbsp;&nbsp;&nbsp;&nbsp;I\'m not vey good with people &nbsp;&nbsp;&nbsp;&nbsp;If you don\'t stat a convesation &nbsp;&nbsp;&nbsp;&nbsp;We won\'t have one &nbsp;&nbsp;&nbsp;&nbsp;吉他Bbbluelee&nbsp;&nbsp;&nbsp;&nbsp;后期Bbbluelee&nbsp;&nbsp;&nbsp;&nbsp;FREE BEAT 创作不易 拿BEAT务必关注务必留个评论即可使用&nbsp;&nbsp;&nbsp;&nbsp;感谢bo and sis&nbsp;&nbsp;&nbsp;&nbsp;女声取样自波兰Kat Napiokowska的关于社交恐惧症短片开头&nbsp;&nbsp;&nbsp;&nbsp;B 站连接 https//btv/av&nbsp;&nbsp;&nbsp;&nbsp;吉他是自己弹然后录进去fl的&nbsp;&nbsp;&nbsp;&nbsp;吉他和声：EMajo D#mino C#mion BMajo&nbsp;&nbsp;&nbsp;&nbsp;萨克斯是midi键盘即兴弹滴&nbsp;&nbsp;&nbsp;&nbsp;不存在原曲 我即是这首垃圾歌的原曲&nbsp;&nbsp;&nbsp;&nbsp;谢谢各位收听 爱你们一万年', '2020_02_14_10_48_57_057_283_768.mp3', '2020-02-14 10:48:57', '1364001635'),
(63, 'farewell, my love', 8, '2020_02_14_10_48_57_057_76_950.jpg', 'J\'san', 'Faewell, my love', '2020_02_14_10_48_57_057_636_250.mp3', '2020-02-14 10:48:58', '515816129'),
(64, 'smell nothing, soz', 8, '2020_02_14_10_48_58_058_986_983.jpg', 'SheldonLeeee', 'by请你一直开心&nbsp;&nbsp;&nbsp;&nbsp;你听过一见钟情吗\r&nbsp;&nbsp;&nbsp;&nbsp;我一见你就挺钟情的\r&nbsp;&nbsp;&nbsp;&nbsp;咱们三见也钟不了情\r&nbsp;&nbsp;&nbsp;&nbsp;一见钟情不是你一眼看上我，或者是我一眼看上你\r&nbsp;&nbsp;&nbsp;&nbsp;不是看，是味道\r&nbsp;&nbsp;&nbsp;&nbsp;彼此被对方的气味吸引着\r&nbsp;&nbsp;&nbsp;&nbsp;迷住了\r&nbsp;&nbsp;&nbsp;&nbsp;气味相投，你懂吗\r&nbsp;&nbsp;&nbsp;&nbsp;两个陌生人，萍水相逢一见面凑上去一通乱闻可能吗\r&nbsp;&nbsp;&nbsp;&nbsp;不要凑上去\r&nbsp;&nbsp;&nbsp;&nbsp;相同的气味隔着八丈远你都可以闻到。\r&nbsp;&nbsp;&nbsp;&nbsp;', '2020_02_14_10_48_58_058_767_252.mp3', '2020-02-14 10:48:59', '1299059045'),
(65, 'break ups suck ass', 9, '2020_02_14_10_48_59_059_168_713.jpg', 'Powfu', 'bySNOWAHEI&nbsp;&nbsp;&nbsp;&nbsp;Yeah, last night, my dad feaked out again\r&nbsp;&nbsp;&nbsp;&nbsp;My mom left home and ain\'t comin\' back\r&nbsp;&nbsp;&nbsp;&nbsp;This pain\'s too much, I\'m too young fo this\r&nbsp;&nbsp;&nbsp;&nbsp;Beak ups suck ass \r&nbsp;&nbsp;&nbsp;&nbsp;Beak ups suck ass\r&nbsp;&nbsp;&nbsp;&nbsp;But that was back when I was young\r&nbsp;&nbsp;&nbsp;&nbsp;I can hea it till this day\r&nbsp;&nbsp;&nbsp;&nbsp;Both them sceaming out thei lungs\r&nbsp;&nbsp;&nbsp;&nbsp;Wishing I knew what to say\r&nbsp;&nbsp;&nbsp;&nbsp;We think love is what we want\r&nbsp;&nbsp;&nbsp;&nbsp;Till we come acoss the bumps\r&nbsp;&nbsp;&nbsp;&nbsp;Both expecting diffeent things\r&nbsp;&nbsp;&nbsp;&nbsp;No such thing is pefect\r&nbsp;&nbsp;&nbsp;&nbsp;Love gets had to give, but I\'m not sick of it\r&nbsp;&nbsp;&nbsp;&nbsp;Life\'s too shot to stay, in pointless aguments\r&nbsp;&nbsp;&nbsp;&nbsp;I am not the same, I\'ll keep you in my gasp\r&nbsp;&nbsp;&nbsp;&nbsp;Please don\'t be afaid, \'cause soon this stom will pass\r&nbsp;&nbsp;&nbsp;&nbsp;\'Cause soon this stom will pass \r&nbsp;&nbsp;&nbsp;&nbsp;Stom will pass\r&nbsp;&nbsp;&nbsp;&nbsp;Let me stat fom the top, my dad walked out on my mom\r&nbsp;&nbsp;&nbsp;&nbsp;I gew up asking the question, \"Does the pain eve stop\"\r&nbsp;&nbsp;&nbsp;&nbsp;Now that I\'m olde I see, I needed people to leave\r&nbsp;&nbsp;&nbsp;&nbsp;So I could lean fom the distance, I could lean how to beathe\r&nbsp;&nbsp;&nbsp;&nbsp;But this is how we have to live\r&nbsp;&nbsp;&nbsp;&nbsp;Sometimes life teats us like \r&nbsp;&nbsp;&nbsp;&nbsp;Ty ou best hope to foget\r&nbsp;&nbsp;&nbsp;&nbsp;Leave the past, lean to fogive\r&nbsp;&nbsp;&nbsp;&nbsp;We think love is what we want\r&nbsp;&nbsp;&nbsp;&nbsp;Till we come acoss the bumps\r&nbsp;&nbsp;&nbsp;&nbsp;Both expecting diffeent things\r&nbsp;&nbsp;&nbsp;&nbsp;No such thing is pefect\r&nbsp;&nbsp;&nbsp;&nbsp;Love gets had to give, but I\'m not sick of it\r&nbsp;&nbsp;&nbsp;&nbsp;Life\'s too shot to stay, in pointless aguments\r&nbsp;&nbsp;&nbsp;&nbsp;I am not the same, I\'ll keep you in my gasp\r&nbsp;&nbsp;&nbsp;&nbsp;Please don\'t be afaid, \'cause soon this stom will pass\r&nbsp;&nbsp;&nbsp;&nbsp;\'Cause soon this stom will pass \r&nbsp;&nbsp;&nbsp;&nbsp;Stom will pass', '2020_02_14_10_49_00_000_718_954.mp3', '2020-02-14 10:49:00', '1381290728'),
(66, 'December Composer', 9, '2020_02_14_10_49_00_000_546_914.jpg', 'Vicky宣宣', 'by时代左上角&nbsp;&nbsp;&nbsp;&nbsp;Looking fowad to celebating the chistmas&nbsp;&nbsp;&nbsp;&nbsp;have you got something to ode&nbsp;&nbsp;&nbsp;&nbsp;I haven\'t wite songs fo othes since Octobe&nbsp;&nbsp;&nbsp;&nbsp;I\'m just a little compose&nbsp;&nbsp;&nbsp;&nbsp;Neve mind these bad-bad things and put them in the cone&nbsp;&nbsp;&nbsp;&nbsp;just think about was it woth&nbsp;&nbsp;&nbsp;&nbsp;focus on the things that will make you feel bette&nbsp;&nbsp;&nbsp;&nbsp;that\'ll make you happie&nbsp;&nbsp;&nbsp;&nbsp;Lately i have been thinking about you&nbsp;&nbsp;&nbsp;&nbsp;you know me and i\'m glad to hea it too&nbsp;&nbsp;&nbsp;&nbsp;the way u stae at me push me to you&nbsp;&nbsp;&nbsp;&nbsp;thee\'s nobody love you so much like i do&nbsp;&nbsp;&nbsp;&nbsp;How many days i haven\'t keep in touch with you&nbsp;&nbsp;&nbsp;&nbsp;do you emembe the convesations too&nbsp;&nbsp;&nbsp;&nbsp;imagine the pictue of we fist met&nbsp;&nbsp;&nbsp;&nbsp;ae thee anything diffeent to you&nbsp;&nbsp;&nbsp;&nbsp;The ai is tuning cold&nbsp;&nbsp;&nbsp;&nbsp;flowes ae out of sold&nbsp;&nbsp;&nbsp;&nbsp;leaves fall and wind blows&nbsp;&nbsp;&nbsp;&nbsp;do you know i miss you so&nbsp;&nbsp;&nbsp;&nbsp;thee ae stas in you eyes and the night is so bight&nbsp;&nbsp;&nbsp;&nbsp;the ai though you skin and the tees ae sleeping now&nbsp;&nbsp;&nbsp;&nbsp;it was almost Januay', '2020_02_14_10_49_00_000_514_776.mp3', '2020-02-14 10:49:01', '1411827517'),
(67, '10,000 Hours', 9, '2020_02_14_10_49_01_001_438_11.jpg', 'Dan + Shay', 'byTap_Gil&nbsp;&nbsp;&nbsp;&nbsp;Do you love the ain Does it make you dance&nbsp;&nbsp;&nbsp;&nbsp;When you\'e dunk with you fiends at a paty&nbsp;&nbsp;&nbsp;&nbsp;What\'s you favoite song Does it make you smile&nbsp;&nbsp;&nbsp;&nbsp;Do you think of me&nbsp;&nbsp;&nbsp;&nbsp;When you close you eyes&nbsp;&nbsp;&nbsp;&nbsp;Tell me what ae you deaming&nbsp;&nbsp;&nbsp;&nbsp;Eveything, I wanna know it all&nbsp;&nbsp;&nbsp;&nbsp;I\'d spend , hous and , moe&nbsp;&nbsp;&nbsp;&nbsp;Oh, if that\'s what it takes to lean that sweet heat of yous&nbsp;&nbsp;&nbsp;&nbsp;And I might neve get thee but I\'m gonna ty&nbsp;&nbsp;&nbsp;&nbsp;If it\'s , hous o the est of my life&nbsp;&nbsp;&nbsp;&nbsp;I\'m gonna love you Ooh&nbsp;&nbsp;&nbsp;&nbsp;Do you miss the oad that you gew up on&nbsp;&nbsp;&nbsp;&nbsp;Did you get you middle name fom you gandma&nbsp;&nbsp;&nbsp;&nbsp;When you think about you foeve now&nbsp;&nbsp;&nbsp;&nbsp;Do you think of me&nbsp;&nbsp;&nbsp;&nbsp;When you close you eyes&nbsp;&nbsp;&nbsp;&nbsp;Tell me what ae you deaming&nbsp;&nbsp;&nbsp;&nbsp;Eveything, I wanna know it all&nbsp;&nbsp;&nbsp;&nbsp;I\'d spend , hous and , moe&nbsp;&nbsp;&nbsp;&nbsp;Oh, if that\'s what it takes to lean that sweet heat of yous&nbsp;&nbsp;&nbsp;&nbsp;And I might neve get thee but I\'m gonna ty&nbsp;&nbsp;&nbsp;&nbsp;If it\'s , hous o the est of my life&nbsp;&nbsp;&nbsp;&nbsp;I\'m gonna love you Ooh&nbsp;&nbsp;&nbsp;&nbsp;I\'m gonna love you Ooh&nbsp;&nbsp;&nbsp;&nbsp;Ooh, want the good and the bad&nbsp;&nbsp;&nbsp;&nbsp;Eveything in between&nbsp;&nbsp;&nbsp;&nbsp;Ooh, gotta cue my cuiosity&nbsp;&nbsp;&nbsp;&nbsp;Ooh yeah, I\'d spend , hous and , moe&nbsp;&nbsp;&nbsp;&nbsp;Oh, if that\'s what it takes to lean that sweet heat of yous&nbsp;&nbsp;&nbsp;&nbsp;And I might neve get thee but I\'m gonna ty&nbsp;&nbsp;&nbsp;&nbsp;If it\'s , hous o the est of my life&nbsp;&nbsp;&nbsp;&nbsp;I\'m gonna love you Ooh&nbsp;&nbsp;&nbsp;&nbsp;I\'m gonna love you, yeah Ooh&nbsp;&nbsp;&nbsp;&nbsp;And I\'m gonna love you&nbsp;&nbsp;&nbsp;&nbsp;I\'m gonna love you', '2020_02_14_10_49_01_001_728_44.mp3', '2020-02-14 10:49:01', '1394494933'),
(68, 'Blank Space', 9, '2020_02_14_10_49_02_002_563_682.jpg', 'Taylor Swift', 'byTap_Gil&nbsp;&nbsp;&nbsp;&nbsp;Nice to meet you whee you been\r&nbsp;&nbsp;&nbsp;&nbsp;I could show you incedible things\r&nbsp;&nbsp;&nbsp;&nbsp;Magic madness heaven sin\r&nbsp;&nbsp;&nbsp;&nbsp;Saw you thee and I thought\r&nbsp;&nbsp;&nbsp;&nbsp;Oh my God look at that face\r&nbsp;&nbsp;&nbsp;&nbsp;You look like my next mistake\r&nbsp;&nbsp;&nbsp;&nbsp;Love\'s a game wanna play\r&nbsp;&nbsp;&nbsp;&nbsp;\r&nbsp;&nbsp;&nbsp;&nbsp;New money suit and tie\r&nbsp;&nbsp;&nbsp;&nbsp;I can ead you like a magazine\r&nbsp;&nbsp;&nbsp;&nbsp;Ain\'t it funny umos fly\r&nbsp;&nbsp;&nbsp;&nbsp;And I know you head about me\r&nbsp;&nbsp;&nbsp;&nbsp;So hey let\'s be fiends\r&nbsp;&nbsp;&nbsp;&nbsp;I\'m dying to see how this one ends\r&nbsp;&nbsp;&nbsp;&nbsp;Gab you passpot and my hand\r&nbsp;&nbsp;&nbsp;&nbsp;I can make the bad guys good fo a weekend\r&nbsp;&nbsp;&nbsp;&nbsp;So it\'s gonna be foeve\r&nbsp;&nbsp;&nbsp;&nbsp;O it\'s gonna go down in flames\r&nbsp;&nbsp;&nbsp;&nbsp;You can tell me when it\'s ove\r&nbsp;&nbsp;&nbsp;&nbsp;\r&nbsp;&nbsp;&nbsp;&nbsp;If the high was woth the pain\r&nbsp;&nbsp;&nbsp;&nbsp;Got a long list of ex-loves\r&nbsp;&nbsp;&nbsp;&nbsp;They\'ll tell you I\'m insane\r&nbsp;&nbsp;&nbsp;&nbsp;\'Cause you know I love the playes\r&nbsp;&nbsp;&nbsp;&nbsp;And you love the game\r&nbsp;&nbsp;&nbsp;&nbsp;\'Cause we\'e young and we\'e eckless\r&nbsp;&nbsp;&nbsp;&nbsp;We\'ll take this way too fa\r&nbsp;&nbsp;&nbsp;&nbsp;It\'ll leave you beathless\r&nbsp;&nbsp;&nbsp;&nbsp;\r&nbsp;&nbsp;&nbsp;&nbsp;O with a nasty sca\r&nbsp;&nbsp;&nbsp;&nbsp;Got a long list of ex-loves\r&nbsp;&nbsp;&nbsp;&nbsp;They\'ll tell you I\'m insane\r&nbsp;&nbsp;&nbsp;&nbsp;But I\'ve got a blank space baby\r&nbsp;&nbsp;&nbsp;&nbsp;And I\'ll wite you name\r&nbsp;&nbsp;&nbsp;&nbsp;\r&nbsp;&nbsp;&nbsp;&nbsp;Chey lips cystal skies\r&nbsp;&nbsp;&nbsp;&nbsp;I could show you incedible things\r&nbsp;&nbsp;&nbsp;&nbsp;Stolen kisses petty lies\r&nbsp;&nbsp;&nbsp;&nbsp;You\'e the King baby I\'m you Queen\r&nbsp;&nbsp;&nbsp;&nbsp;Find out what you want\r&nbsp;&nbsp;&nbsp;&nbsp;Be that gil fo a month\r&nbsp;&nbsp;&nbsp;&nbsp;Wait the wost is yet to come oh no\r&nbsp;&nbsp;&nbsp;&nbsp;Sceaming cying pefect stoms\r&nbsp;&nbsp;&nbsp;&nbsp;I can make all the tables tun\r&nbsp;&nbsp;&nbsp;&nbsp;Rose gaden filled with thons\r&nbsp;&nbsp;&nbsp;&nbsp;Keep you second guessing like\r&nbsp;&nbsp;&nbsp;&nbsp;Oh my God who is she\r&nbsp;&nbsp;&nbsp;&nbsp;I get dunk on jealousy\r&nbsp;&nbsp;&nbsp;&nbsp;But you\'ll come back each time you leave\r&nbsp;&nbsp;&nbsp;&nbsp;\'Cause daling\r&nbsp;&nbsp;&nbsp;&nbsp;I\'m a nightmae dessed like a daydeam\r&nbsp;&nbsp;&nbsp;&nbsp;So it\'s gonna be foeve\r&nbsp;&nbsp;&nbsp;&nbsp;\r&nbsp;&nbsp;&nbsp;&nbsp;O it\'s gonna go down in flames\r&nbsp;&nbsp;&nbsp;&nbsp;You can tell me when it\'s ove\r&nbsp;&nbsp;&nbsp;&nbsp;\r&nbsp;&nbsp;&nbsp;&nbsp;If the high was woth the pain\r&nbsp;&nbsp;&nbsp;&nbsp;Got a long list of ex-loves\r&nbsp;&nbsp;&nbsp;&nbsp;They\'ll tell you I\'m insane\r&nbsp;&nbsp;&nbsp;&nbsp;\'Cause you know I love the playes\r&nbsp;&nbsp;&nbsp;&nbsp;And you love the game\r&nbsp;&nbsp;&nbsp;&nbsp;\'Cause we\'e young and we\'e eckless\r&nbsp;&nbsp;&nbsp;&nbsp;\r&nbsp;&nbsp;&nbsp;&nbsp;We\'ll take this way too fa\r&nbsp;&nbsp;&nbsp;&nbsp;It\'ll leave you beathless\r&nbsp;&nbsp;&nbsp;&nbsp;\r&nbsp;&nbsp;&nbsp;&nbsp;O with a nasty sca\r&nbsp;&nbsp;&nbsp;&nbsp;Got a long list of ex-loves\r&nbsp;&nbsp;&nbsp;&nbsp;They\'ll tell you I\'m insane\r&nbsp;&nbsp;&nbsp;&nbsp;But I\'ve got a blank space baby\r&nbsp;&nbsp;&nbsp;&nbsp;And I\'ll wite you name\r&nbsp;&nbsp;&nbsp;&nbsp;Boys only want love if it\'s totue\r&nbsp;&nbsp;&nbsp;&nbsp;Don\'t say I didn\'t say I didn\'t wan ya\r&nbsp;&nbsp;&nbsp;&nbsp;Boys only want love if it\'s totue\r&nbsp;&nbsp;&nbsp;&nbsp;Don\'t say I didn\'t say I didn\'t wan ya\r&nbsp;&nbsp;&nbsp;&nbsp;So it\'s gonna be foeve\r&nbsp;&nbsp;&nbsp;&nbsp;\r&nbsp;&nbsp;&nbsp;&nbsp;O it\'s gonna go down in flames\r&nbsp;&nbsp;&nbsp;&nbsp;You can tell me when it\'s ove\r&nbsp;&nbsp;&nbsp;&nbsp;\r&nbsp;&nbsp;&nbsp;&nbsp;If the high was woth the pain\r&nbsp;&nbsp;&nbsp;&nbsp;Got a long list of ex-loves\r&nbsp;&nbsp;&nbsp;&nbsp;They\'ll tell you I\'m insane\r&nbsp;&nbsp;&nbsp;&nbsp;\'Cause you know I love the playes\r&nbsp;&nbsp;&nbsp;&nbsp;And you love the game\r&nbsp;&nbsp;&nbsp;&nbsp;\'Cause we\'e young and we\'e eckless\r&nbsp;&nbsp;&nbsp;&nbsp;We\'ll take this way too fa\r&nbsp;&nbsp;&nbsp;&nbsp;It\'ll leave you beathless\r&nbsp;&nbsp;&nbsp;&nbsp;\r&nbsp;&nbsp;&nbsp;&nbsp;O with a nasty sca\r&nbsp;&nbsp;&nbsp;&nbsp;Got a long list of ex-loves\r&nbsp;&nbsp;&nbsp;&nbsp;They\'ll tell you I\'m insane\r&nbsp;&nbsp;&nbsp;&nbsp;But I\'ve got a blank space baby\r&nbsp;&nbsp;&nbsp;&nbsp;\r&nbsp;&nbsp;&nbsp;&nbsp;And I\'ll wite you name\r&nbsp;&nbsp;&nbsp;&nbsp;', '2020_02_14_10_49_02_002_103_734.mp3', '2020-02-14 10:49:02', '1396305445'),
(69, 'Spoons for Loons', 9, '2020_02_14_10_49_03_003_371_410.jpg', 'Deep East Music', '暂无歌词', '2020_02_14_10_49_03_003_185_443.mp3', '2020-02-14 10:49:04', '17423750'),
(70, 'High Brow Low Down', 9, '2020_02_14_10_49_04_004_915_877.jpg', 'Deep East Music', '暂无歌词', '2020_02_14_10_49_04_004_687_828.mp3', '2020-02-14 10:49:04', '17423743'),
(71, 'Caravan', 9, '2020_02_14_10_49_04_004_839_105.jpg', 'a_hisa', '暂无歌词', '2020_02_14_10_49_04_004_273_828.mp3', '2020-02-14 10:49:05', '404375'),
(72, 'If It Weren\'t For Love', 9, '2020_02_14_10_49_05_005_649_653.jpg', 'Jose Lucas', 'byWhee-is-he&nbsp;&nbsp;&nbsp;&nbsp;ti\r&nbsp;&nbsp;&nbsp;&nbsp;a\r&nbsp;&nbsp;&nbsp;&nbsp;al\r&nbsp;&nbsp;&nbsp;&nbsp;by九九Lc歌词网～wwwLcnet\r&nbsp;&nbsp;&nbsp;&nbsp;If only I can make it though you wall\r&nbsp;&nbsp;&nbsp;&nbsp;And find a way to make it flow\r&nbsp;&nbsp;&nbsp;&nbsp;But when I ise you make me fall\r&nbsp;&nbsp;&nbsp;&nbsp;The moe I ty the less I know\r&nbsp;&nbsp;&nbsp;&nbsp;And we both knew that feeling inside was tuning the tide\r&nbsp;&nbsp;&nbsp;&nbsp;And we got lost in the sea of wods\r&nbsp;&nbsp;&nbsp;&nbsp;I wouldn\'t be found with the toches I led at night\r&nbsp;&nbsp;&nbsp;&nbsp;If it ween\'t fo love\r&nbsp;&nbsp;&nbsp;&nbsp;If only I could each you whee you stay\r&nbsp;&nbsp;&nbsp;&nbsp;And wake you up and beak the cuse\r&nbsp;&nbsp;&nbsp;&nbsp;I\'d make it up to you with no delay\r&nbsp;&nbsp;&nbsp;&nbsp;The less I ty the moe it huts\r&nbsp;&nbsp;&nbsp;&nbsp;And well,you know it\'s neve too late\r&nbsp;&nbsp;&nbsp;&nbsp;Fo choosing ou fate\r&nbsp;&nbsp;&nbsp;&nbsp;And we can walk in the heat of gold\r&nbsp;&nbsp;&nbsp;&nbsp;You making me sweat and I wouldn\'t be aound tonight\r&nbsp;&nbsp;&nbsp;&nbsp;If it ween\'t fo love\r&nbsp;&nbsp;&nbsp;&nbsp;If it ween\'t fo love\r&nbsp;&nbsp;&nbsp;&nbsp;And I emembe when we met\r&nbsp;&nbsp;&nbsp;&nbsp;Got a feeling that I neve get\r&nbsp;&nbsp;&nbsp;&nbsp;Was buning eyes we hit it off\r&nbsp;&nbsp;&nbsp;&nbsp;And we dive\r&nbsp;&nbsp;&nbsp;&nbsp;If it ween\'t fo love,love,love,love,love\r&nbsp;&nbsp;&nbsp;&nbsp;Love,love,love\r&nbsp;&nbsp;&nbsp;&nbsp;If it ween\'t fo love\r&nbsp;&nbsp;&nbsp;&nbsp;If it ween\'t fo love\r&nbsp;&nbsp;&nbsp;&nbsp;If it ween\'t fo love\r&nbsp;&nbsp;&nbsp;&nbsp;', '2020_02_14_10_49_05_005_32_651.mp3', '2020-02-14 10:49:05', '460410002'),
(73, 'Igo (Original Mix)', 10, '2020_02_14_10_49_08_008_420_776.jpg', 'Modd', '暂无歌词', '2020_02_14_10_49_08_008_584_511.mp3', '2020-02-14 10:49:09', '559371422'),
(74, 'Trap Queen', 10, '2020_02_14_10_49_09_009_595_838.jpg', 'MKJ', 'byKvetchmusic&nbsp;&nbsp;&nbsp;&nbsp;Seen you petty soon as you came in the doo\r&nbsp;&nbsp;&nbsp;&nbsp;I just wanna chill\r&nbsp;&nbsp;&nbsp;&nbsp;Got a sack fo us to oll\r&nbsp;&nbsp;&nbsp;&nbsp;Maied to the money\r&nbsp;&nbsp;&nbsp;&nbsp;Intoduced he to my stove\r&nbsp;&nbsp;&nbsp;&nbsp;Showed he how to whip it\r&nbsp;&nbsp;&nbsp;&nbsp;Now she emixin\' fo low\r&nbsp;&nbsp;&nbsp;&nbsp;Seen you petty soon as you came in the doo\r&nbsp;&nbsp;&nbsp;&nbsp;I just wanna chill\r&nbsp;&nbsp;&nbsp;&nbsp;Got a sack fo us to oll\r&nbsp;&nbsp;&nbsp;&nbsp;Maied to the money\r&nbsp;&nbsp;&nbsp;&nbsp;Intoduced he to my stove\r&nbsp;&nbsp;&nbsp;&nbsp;Showed he how to whip it\r&nbsp;&nbsp;&nbsp;&nbsp;Now she emixin\' fo low\r&nbsp;&nbsp;&nbsp;&nbsp;Seen you petty soon as you came in the doo\r&nbsp;&nbsp;&nbsp;&nbsp;I just wanna chill\r&nbsp;&nbsp;&nbsp;&nbsp;Got a sack fo us to oll\r&nbsp;&nbsp;&nbsp;&nbsp;Maied to the money\r&nbsp;&nbsp;&nbsp;&nbsp;Intoduced he to my stove\r&nbsp;&nbsp;&nbsp;&nbsp;Showed he how to whip it\r&nbsp;&nbsp;&nbsp;&nbsp;Now she emixin\' fo low\r&nbsp;&nbsp;&nbsp;&nbsp;She my tap queen\r&nbsp;&nbsp;&nbsp;&nbsp;Let he hit the bando\r&nbsp;&nbsp;&nbsp;&nbsp;We be countin\' up\r&nbsp;&nbsp;&nbsp;&nbsp;Watch how fa them bands go\r&nbsp;&nbsp;&nbsp;&nbsp;We just set a goal\r&nbsp;&nbsp;&nbsp;&nbsp;Talkin\' matchin\' Lambos\r&nbsp;&nbsp;&nbsp;&nbsp;At  a gam,  a  gams though\r&nbsp;&nbsp;&nbsp;&nbsp;And I get high with my baby\r&nbsp;&nbsp;&nbsp;&nbsp;I just left the mall\r&nbsp;&nbsp;&nbsp;&nbsp;Gettin\' fly with my baby, yeah\r&nbsp;&nbsp;&nbsp;&nbsp;And I can ide with my baby\r&nbsp;&nbsp;&nbsp;&nbsp;I be in the kitchen cookin\' pies with my baby\r&nbsp;&nbsp;&nbsp;&nbsp;Seen yo petty ass soon as you came in the doo\r&nbsp;&nbsp;&nbsp;&nbsp;I just wanna chill\r&nbsp;&nbsp;&nbsp;&nbsp;Got a sack fo us to oll\r&nbsp;&nbsp;&nbsp;&nbsp;Maied to the money\r&nbsp;&nbsp;&nbsp;&nbsp;Intoduced he to my stove\r&nbsp;&nbsp;&nbsp;&nbsp;Showed he how to whip it\r&nbsp;&nbsp;&nbsp;&nbsp;Now she emixin\' fo low\r&nbsp;&nbsp;&nbsp;&nbsp;She my tap queen\r&nbsp;&nbsp;&nbsp;&nbsp;Let he hit the bando\r&nbsp;&nbsp;&nbsp;&nbsp;We be countin\' up\r&nbsp;&nbsp;&nbsp;&nbsp;Watch how fa them bands go\r&nbsp;&nbsp;&nbsp;&nbsp;We just set a goal\r&nbsp;&nbsp;&nbsp;&nbsp;Talkin\' matchin\' Lambos\r&nbsp;&nbsp;&nbsp;&nbsp;At  a gam,  a  gams though\r&nbsp;&nbsp;&nbsp;&nbsp;Man, I swea I love he how she wok the damn pole\r&nbsp;&nbsp;&nbsp;&nbsp;Hit the stip club\r&nbsp;&nbsp;&nbsp;&nbsp;we be letting bands go\r&nbsp;&nbsp;&nbsp;&nbsp;Eveybody hating\r&nbsp;&nbsp;&nbsp;&nbsp;we just call them fans though\r&nbsp;&nbsp;&nbsp;&nbsp;In love with the money\r&nbsp;&nbsp;&nbsp;&nbsp;I ain\'t neve lettin\' go\r&nbsp;&nbsp;&nbsp;&nbsp;And I get high with my baby\r&nbsp;&nbsp;&nbsp;&nbsp;I just left the mall\r&nbsp;&nbsp;&nbsp;&nbsp;Gettin\' fly with my baby, yeah\r&nbsp;&nbsp;&nbsp;&nbsp;And I can ide with my baby\r&nbsp;&nbsp;&nbsp;&nbsp;I be in the kitchen cookin\' pies with my baby, yeah\r&nbsp;&nbsp;&nbsp;&nbsp;Seen you petty soon as you came in the doo\r&nbsp;&nbsp;&nbsp;&nbsp;I just wanna chill\r&nbsp;&nbsp;&nbsp;&nbsp;Got a sack fo us to oll\r&nbsp;&nbsp;&nbsp;&nbsp;Maied to the money\r&nbsp;&nbsp;&nbsp;&nbsp;Intoduced he to my stove\r&nbsp;&nbsp;&nbsp;&nbsp;Showed he how to whip it\r&nbsp;&nbsp;&nbsp;&nbsp;Now she emixin\' fo low\r&nbsp;&nbsp;&nbsp;&nbsp;Seen you petty soon as you came in the doo\r&nbsp;&nbsp;&nbsp;&nbsp;I just wanna chill\r&nbsp;&nbsp;&nbsp;&nbsp;Got a sack fo us to oll\r&nbsp;&nbsp;&nbsp;&nbsp;Maied to the money\r&nbsp;&nbsp;&nbsp;&nbsp;Intoduced he to my stove\r&nbsp;&nbsp;&nbsp;&nbsp;Showed he how to whip it\r&nbsp;&nbsp;&nbsp;&nbsp;Now she emixin\' fo low\r&nbsp;&nbsp;&nbsp;&nbsp;\r&nbsp;&nbsp;&nbsp;&nbsp;', '2020_02_14_10_49_09_009_283_123.mp3', '2020-02-14 10:49:10', '414980218'),
(75, 'Tuesday', 10, '2020_02_14_10_49_10_010_141_322.jpg', 'Burak Yeter', 'by小陀螺Tony&nbsp;&nbsp;&nbsp;&nbsp;got the club going up, on a tuesday\r&nbsp;&nbsp;&nbsp;&nbsp;got you gil in the cut, and she ain’t choosey\r&nbsp;&nbsp;&nbsp;&nbsp;club goin up, on a tuesday,\r&nbsp;&nbsp;&nbsp;&nbsp;got you gil in the cut, and she ain’t choosey\r&nbsp;&nbsp;&nbsp;&nbsp;club goin up, on a tuesday,\r&nbsp;&nbsp;&nbsp;&nbsp;got you gil in the cut, and she ain’t choosey\r&nbsp;&nbsp;&nbsp;&nbsp;club goin up, on a tuesday,\r&nbsp;&nbsp;&nbsp;&nbsp;got you gil in the cut, and she ain’t choosey\r&nbsp;&nbsp;&nbsp;&nbsp;club goin up\r&nbsp;&nbsp;&nbsp;&nbsp;\r&nbsp;&nbsp;&nbsp;&nbsp;got the club going up\r&nbsp;&nbsp;&nbsp;&nbsp;got the club going up, on a tuesday\r&nbsp;&nbsp;&nbsp;&nbsp;got you gil in the cut, and she ain’t choosey\r&nbsp;&nbsp;&nbsp;&nbsp;club goin up, on a tuesday,\r&nbsp;&nbsp;&nbsp;&nbsp;got you gil in the cut, and she ain’t choosey\r&nbsp;&nbsp;&nbsp;&nbsp;club goin up, on a tuesday,\r&nbsp;&nbsp;&nbsp;&nbsp;got you gil in the cut, and she ain’t choosey\r&nbsp;&nbsp;&nbsp;&nbsp;club goin up, on a tuesday,\r&nbsp;&nbsp;&nbsp;&nbsp;got you gil in the cut, and she ain’t choosey\r&nbsp;&nbsp;&nbsp;&nbsp;club goin up\r&nbsp;&nbsp;&nbsp;&nbsp;\r&nbsp;&nbsp;&nbsp;&nbsp;got the club going up\r&nbsp;&nbsp;&nbsp;&nbsp;always wokin’ ot, ovetime and outta town,\r&nbsp;&nbsp;&nbsp;&nbsp;things is cazy back home, it kills me that i’m not aound\r&nbsp;&nbsp;&nbsp;&nbsp;i think we gettin’ too deep, ain’t no paty on the weekend\r&nbsp;&nbsp;&nbsp;&nbsp;upstais i got xans in an advil bottle, i don’t take them ,\r&nbsp;&nbsp;&nbsp;&nbsp;but you do, so i got ‘em\r&nbsp;&nbsp;&nbsp;&nbsp;\r&nbsp;&nbsp;&nbsp;&nbsp;got the club going up, on a tuesday\r&nbsp;&nbsp;&nbsp;&nbsp;got you gil in the cut, and she ain’t choosey\r&nbsp;&nbsp;&nbsp;&nbsp;club goin up, on a tuesday,\r&nbsp;&nbsp;&nbsp;&nbsp;got you gil in the cut, and she ain’t choosey\r&nbsp;&nbsp;&nbsp;&nbsp;club goin up, on a tuesday,\r&nbsp;&nbsp;&nbsp;&nbsp;got you gil in the cut, and she ain’t choosey\r&nbsp;&nbsp;&nbsp;&nbsp;club goin up, on a tuesday,\r&nbsp;&nbsp;&nbsp;&nbsp;got you gil in the cut, and she ain’t choosey\r&nbsp;&nbsp;&nbsp;&nbsp;club going up, on a tuesday\r&nbsp;&nbsp;&nbsp;&nbsp;got you gil in the cut, and she ain’t choosey\r&nbsp;&nbsp;&nbsp;&nbsp;club goin up, on a tuesday,\r&nbsp;&nbsp;&nbsp;&nbsp;got you gil in the cut, and she ain’t choosey\r&nbsp;&nbsp;&nbsp;&nbsp;club goin up, on a tuesday,\r&nbsp;&nbsp;&nbsp;&nbsp;got you gil in the cut, and she ain’t choosey\r&nbsp;&nbsp;&nbsp;&nbsp;club goin up, on a tuesday,\r&nbsp;&nbsp;&nbsp;&nbsp;got you gil in the cut, and she ain’t choosey\r&nbsp;&nbsp;&nbsp;&nbsp;club goin up\r&nbsp;&nbsp;&nbsp;&nbsp;got the club going up', '2020_02_14_10_49_10_010_524_200.mp3', '2020-02-14 10:49:10', '421423245'),
(76, 'Easy Come Easy Go', 10, '2020_02_14_10_49_11_011_303_589.jpg', 'Vanja Cleef', '暂无歌词', '2020_02_14_10_49_11_011_303_40.mp3', '2020-02-14 10:49:11', '550678816'),
(77, 'Come With Me', 10, '2020_02_14_10_49_14_014_991_269.jpg', 'Nora En Pure', 'Do you come with me&nbsp;&nbsp;&nbsp;&nbsp;Come…&nbsp;&nbsp;&nbsp;&nbsp;epeat&nbsp;&nbsp;&nbsp;&nbsp;Do you come with me&nbsp;&nbsp;&nbsp;&nbsp;Do you come with me&nbsp;&nbsp;&nbsp;&nbsp;Come…&nbsp;&nbsp;&nbsp;&nbsp;', '2020_02_14_10_49_14_014_522_539.mp3', '2020-02-14 10:49:15', '27706599'),
(78, '悟', 11, '2020_02_14_10_49_16_016_861_559.jpg', '王华', '暂无歌词', '2020_02_14_10_49_16_016_885_483.mp3', '2020-02-14 10:49:17', '551842548'),
(79, '远风', 11, '2020_02_14_10_49_17_017_835_62.jpg', '杜聪', '远风\r&nbsp;&nbsp;&nbsp;&nbsp;演奏：杜聪\r&nbsp;&nbsp;&nbsp;&nbsp;纯音乐', '2020_02_14_10_49_17_017_417_105.mp3', '2020-02-14 10:49:18', '1360766612'),
(80, '沙之下', 11, '2020_02_14_10_49_18_018_614_168.jpg', '朱蕾', '暂无歌词', '2020_02_14_10_49_18_018_407_122.mp3', '2020-02-14 10:49:19', '340434'),
(81, '彩虹桥', 11, '2020_02_14_10_49_19_019_507_338.jpg', '伍芳', '暂无歌词', '2020_02_14_10_49_20_020_972_402.mp3', '2020-02-14 10:49:20', '302359'),
(82, '我出生的时候就是这样的季节，我出生的时候就是一片死寂的夜', 11, '2020_02_14_10_49_25_025_211_352.jpg', '岸生', '吉他、MIDI、编曲、录音、混音：岸生&nbsp;&nbsp;&nbsp;&nbsp;……', '2020_02_14_10_49_25_025_634_558.mp3', '2020-02-14 10:49:26', '508672488'),
(83, '夏夜，起砂的水泥砂浆裂缝里长出了青苔，还有腐叶的味道', 11, '2020_02_14_10_49_26_026_153_389.jpg', 'FDZ', '暂无歌词', '2020_02_14_10_49_26_026_219_734.mp3', '2020-02-14 10:49:26', '481801997'),
(84, '抱歉，如果我的敏感冲动软弱以及愚蠢的虚荣曾伤害过你', 11, '2020_02_14_10_49_27_027_485_503.jpg', '秦才淞', '暂无歌词', '2020_02_14_10_49_27_027_561_506.mp3', '2020-02-14 10:49:27', '535869772'),
(85, '我的生命百分之一维持着我的生活 百分之九十九用来想你', 11, '2020_02_14_10_49_27_027_149_9.jpg', '凡以三', '暂无歌词', '2020_02_14_10_49_27_027_50_721.mp3', '2020-02-14 10:49:28', '431795842'),
(86, '莲有秀兮', 12, '2020_02_14_10_49_36_036_117_768.jpg', '饭碗的彼岸', '暂无歌词', '2020_02_14_10_49_36_036_15_937.mp3', '2020-02-14 10:49:36', '866032176'),
(87, '落月随山隐', 12, '2020_02_14_10_49_36_036_552_46.jpg', '饭碗的彼岸', '暂无歌词', '2020_02_14_10_49_37_037_260_797.mp3', '2020-02-14 10:49:37', '1333365172'),
(88, '长逝的时流', 12, '2020_02_14_10_49_37_037_162_417.jpg', '饭碗的彼岸', '暂无歌词', '2020_02_14_10_49_37_037_842_210.mp3', '2020-02-14 10:49:38', '520665023'),
(89, '鶯之緒', 12, '2020_02_14_10_49_38_038_308_75.jpg', '饭碗的彼岸', '暂无歌词', '2020_02_14_10_49_38_038_10_138.mp3', '2020-02-14 10:49:39', '416384526'),
(90, '五路财神祈愿招财经', 12, '2020_02_14_10_49_40_040_339_270.jpg', '甲雍喇嘛', '暂无歌词', '2020_02_14_10_49_40_040_365_571.mp3', '2020-02-14 10:49:41', '35270655'),
(91, '浴佛歌', 12, '2020_02_14_10_49_41_041_274_861.jpg', '桑吉平措', 'by陆音城&nbsp;&nbsp;&nbsp;&nbsp;ti\r&nbsp;&nbsp;&nbsp;&nbsp;a\r&nbsp;&nbsp;&nbsp;&nbsp;al\r&nbsp;&nbsp;&nbsp;&nbsp;by\r&nbsp;&nbsp;&nbsp;&nbsp;offset\r&nbsp;&nbsp;&nbsp;&nbsp;恭维往昔三千年\r&nbsp;&nbsp;&nbsp;&nbsp;花卉争妍四月天\r&nbsp;&nbsp;&nbsp;&nbsp;蓝毘尼园中狮子吼\r&nbsp;&nbsp;&nbsp;&nbsp;大同世界我称先\r&nbsp;&nbsp;&nbsp;&nbsp;诞生五国有因缘\r&nbsp;&nbsp;&nbsp;&nbsp;富贵荣华谁比肩\r&nbsp;&nbsp;&nbsp;&nbsp;独往山中修行去\r&nbsp;&nbsp;&nbsp;&nbsp;菩提之下悟真禅\r&nbsp;&nbsp;&nbsp;&nbsp;达雅塔 嗡 牟尼 牟尼 摩诃 牟尼耶 娑诃\r&nbsp;&nbsp;&nbsp;&nbsp;达雅塔 嗡 牟尼 牟尼 摩诃 牟尼耶 娑诃\r&nbsp;&nbsp;&nbsp;&nbsp;达雅塔 嗡 牟尼 牟尼 摩诃 牟尼耶 娑诃\r&nbsp;&nbsp;&nbsp;&nbsp;达雅塔 嗡 牟尼 牟尼 摩诃 牟尼耶 娑诃\r&nbsp;&nbsp;&nbsp;&nbsp;达雅塔 嗡 牟尼 牟尼 摩诃 牟尼耶 娑诃\r&nbsp;&nbsp;&nbsp;&nbsp;达雅塔 嗡 牟尼 牟尼 摩诃 牟尼耶 娑诃\r&nbsp;&nbsp;&nbsp;&nbsp;娑婆世界广无边\r&nbsp;&nbsp;&nbsp;&nbsp;方便门开垂法筵\r&nbsp;&nbsp;&nbsp;&nbsp;大慈悲乳施不尽\r&nbsp;&nbsp;&nbsp;&nbsp;说法随机万亿遍\r&nbsp;&nbsp;&nbsp;&nbsp;皈依顶礼世尊前\r&nbsp;&nbsp;&nbsp;&nbsp;觉枝星华日月鲜\r&nbsp;&nbsp;&nbsp;&nbsp;信手拈来常供养\r&nbsp;&nbsp;&nbsp;&nbsp;同登一味法旨船\r&nbsp;&nbsp;&nbsp;&nbsp;达雅塔 嗡 牟尼 牟尼 摩诃 牟尼耶 娑诃\r&nbsp;&nbsp;&nbsp;&nbsp;达雅塔 嗡 牟尼 牟尼 摩诃 牟尼耶 娑诃\r&nbsp;&nbsp;&nbsp;&nbsp;达雅塔 嗡 牟尼 牟尼 摩诃 牟尼耶 娑诃\r&nbsp;&nbsp;&nbsp;&nbsp;达雅塔 嗡 牟尼 牟尼 摩诃 牟尼耶 娑诃\r&nbsp;&nbsp;&nbsp;&nbsp;达雅塔 嗡 牟尼 牟尼 摩诃 牟尼耶 娑诃\r&nbsp;&nbsp;&nbsp;&nbsp;达雅塔 嗡 牟尼 牟尼 摩诃 牟尼耶 娑诃\r&nbsp;&nbsp;&nbsp;&nbsp;达雅塔 嗡 牟尼 牟尼 摩诃 牟尼耶 娑诃\r&nbsp;&nbsp;&nbsp;&nbsp;达雅塔 嗡 牟尼 牟尼 摩诃 牟尼耶 娑诃\r&nbsp;&nbsp;&nbsp;&nbsp;达雅塔 嗡 牟尼 牟尼 摩诃 牟尼耶 娑诃\r&nbsp;&nbsp;&nbsp;&nbsp;达雅塔 嗡 牟尼 牟尼 摩诃 牟尼耶 娑诃\r&nbsp;&nbsp;&nbsp;&nbsp;', '2020_02_14_10_49_41_041_756_122.mp3', '2020-02-14 10:49:42', '405987480');
INSERT INTO `music` (`id`, `musicname`, `typeid`, `image`, `singer`, `lyric`, `url`, `createtime`, `wid`) VALUES
(92, '大佛顶首楞严咒（显幻恭诵）', 12, '2020_02_14_10_49_42_042_378_117.jpg', '方磊', 'by临水先生&nbsp;&nbsp;&nbsp;&nbsp;第一会 &nbsp;&nbsp;&nbsp;&nbsp;南无萨怛他，苏伽多耶，阿啰诃帝，三藐三菩陀写。 &nbsp;&nbsp;&nbsp;&nbsp;萨怛他，佛陀俱胝 瑟尼钐。 &nbsp;&nbsp;&nbsp;&nbsp;南无萨婆，勃陀勃地，萨跢鞞弊。 &nbsp;&nbsp;&nbsp;&nbsp;南无萨多南，三藐三菩陀，俱知喃。 &nbsp;&nbsp;&nbsp;&nbsp;娑舍啰婆迦，僧伽喃。 &nbsp;&nbsp;&nbsp;&nbsp;南无卢鸡阿罗汉哆喃。 &nbsp;&nbsp;&nbsp;&nbsp;南无苏卢，多波那喃。 &nbsp;&nbsp;&nbsp;&nbsp;南无娑羯唎陀，伽弥喃。 &nbsp;&nbsp;&nbsp;&nbsp;南无卢鸡三藐伽哆喃。三藐伽波啰，底波多那喃。 &nbsp;&nbsp;&nbsp;&nbsp;南无提婆离瑟赧。南无悉陀耶，毗地耶，陀啰离瑟赧。 &nbsp;&nbsp;&nbsp;&nbsp;舍波奴，揭啰诃，娑诃娑啰，摩他喃。 &nbsp;&nbsp;&nbsp;&nbsp;南无跋啰诃摩尼。南无因陀啰耶。 &nbsp;&nbsp;&nbsp;&nbsp;南无婆伽婆帝。嚧陀啰耶。乌摩般帝。娑酰夜耶。 &nbsp;&nbsp;&nbsp;&nbsp;南无婆伽婆帝。那啰野拏耶。槃遮摩诃三慕陀啰。南无悉羯唎多耶。 &nbsp;&nbsp;&nbsp;&nbsp;南无婆伽婆帝。摩诃迦啰耶。地唎般剌那伽啰。 &nbsp;&nbsp;&nbsp;&nbsp;毗陀啰波拏迦啰耶。阿地目帝。尸摩舍那泥婆悉泥。摩怛唎伽拏。 &nbsp;&nbsp;&nbsp;&nbsp;南无悉羯唎多耶。 &nbsp;&nbsp;&nbsp;&nbsp;南无婆伽婆帝。多他伽跢俱啰耶。 &nbsp;&nbsp;&nbsp;&nbsp;南无般头摩俱啰耶。 &nbsp;&nbsp;&nbsp;&nbsp;南无跋阇啰俱啰耶。 &nbsp;&nbsp;&nbsp;&nbsp;南无摩尼俱啰耶。 &nbsp;&nbsp;&nbsp;&nbsp;南无伽阇俱啰耶。 &nbsp;&nbsp;&nbsp;&nbsp;南无婆伽婆帝。帝唎茶，输啰西那。波啰诃啰拏啰阇耶。跢他伽多耶。 &nbsp;&nbsp;&nbsp;&nbsp;南无婆伽婆帝。南无阿弥多婆耶。跢他伽多耶。阿啰诃帝。三藐三菩陀耶。 &nbsp;&nbsp;&nbsp;&nbsp;南无婆伽婆帝。阿刍鞞耶。跢他伽多耶。阿啰诃帝。三藐三菩陀耶。 &nbsp;&nbsp;&nbsp;&nbsp;南无婆伽婆帝。鞞沙阇耶，俱卢吠柱唎耶。 般啰婆啰阇耶。跢他伽多耶。 &nbsp;&nbsp;&nbsp;&nbsp;南无婆伽婆帝。三补师毖多。萨怜捺啰剌阇耶。跢他伽多耶。阿啰诃帝。三藐三菩陀耶。 &nbsp;&nbsp;&nbsp;&nbsp;南无婆伽婆帝。舍鸡野母那曳。跢他伽多耶。阿啰诃帝。三藐三菩陀耶。 &nbsp;&nbsp;&nbsp;&nbsp;南无婆伽婆帝。剌怛那鸡都啰阇耶。跢他伽多耶。阿啰诃帝。三藐三菩陀耶。 &nbsp;&nbsp;&nbsp;&nbsp;帝瓢，南无萨羯唎多。翳昙婆伽婆多。 &nbsp;&nbsp;&nbsp;&nbsp;萨怛他伽都瑟尼钐。萨怛多般怛嚂。 &nbsp;&nbsp;&nbsp;&nbsp;南无阿婆啰视耽。般啰帝扬歧啰。 &nbsp;&nbsp;&nbsp;&nbsp;萨啰婆，部多揭啰诃。尼揭啰诃，羯迦啰诃尼。 &nbsp;&nbsp;&nbsp;&nbsp;跋啰毖地耶，叱陀你。阿迦啰，密唎柱。般唎怛啰耶，儜揭唎。 &nbsp;&nbsp;&nbsp;&nbsp;萨啰婆，盘陀那，目叉尼。 &nbsp;&nbsp;&nbsp;&nbsp;萨啰婆，突瑟咤。突悉乏，般那你，伐啰尼。赭都啰，失帝南。 &nbsp;&nbsp;&nbsp;&nbsp;羯啰诃，娑诃萨啰若阇 &nbsp;&nbsp;&nbsp;&nbsp;毗多崩娑那羯唎。阿瑟咤冰舍帝南。 &nbsp;&nbsp;&nbsp;&nbsp;那叉刹怛啰若阇。波啰萨陀那羯唎。阿瑟咤南。摩诃揭啰诃若阇。 &nbsp;&nbsp;&nbsp;&nbsp;毗多崩萨那羯唎。萨婆舍都嚧，你婆啰若阇。 &nbsp;&nbsp;&nbsp;&nbsp;呼蓝突悉乏，难遮那舍尼。 &nbsp;&nbsp;&nbsp;&nbsp;毖沙舍，悉怛啰。阿吉尼，乌陀迦啰若阇。阿般啰，视多具啰。 &nbsp;&nbsp;&nbsp;&nbsp;摩诃般啰，战持。摩诃迭多。摩诃帝阇。摩诃税多，阇婆啰。 &nbsp;&nbsp;&nbsp;&nbsp;摩诃跋啰，盘陀啰，婆悉你。 &nbsp;&nbsp;&nbsp;&nbsp;阿唎耶多啰。毗唎俱知。誓婆毗阇耶。 &nbsp;&nbsp;&nbsp;&nbsp;跋阇啰，摩礼底。毗舍嚧多。勃腾罔迦。 &nbsp;&nbsp;&nbsp;&nbsp;跋阇啰，制喝那阿遮。摩啰制婆，般啰质多。 &nbsp;&nbsp;&nbsp;&nbsp;跋阇啰，擅持。毗舍啰遮。扇多舍，鞞提婆，补视多。苏摩嚧波。 &nbsp;&nbsp;&nbsp;&nbsp;摩诃税多。阿唎耶多啰。摩诃婆啰，阿般啰。 &nbsp;&nbsp;&nbsp;&nbsp;跋阇啰，商揭啰制婆。　 &nbsp;&nbsp;&nbsp;&nbsp;跋阇啰，俱摩唎。俱蓝陀唎。 &nbsp;&nbsp;&nbsp;&nbsp;跋阇啰，喝萨多遮。毗地耶，乾遮那，摩唎迦。 &nbsp;&nbsp;&nbsp;&nbsp;啒苏母，婆羯啰多那。鞞嚧遮那，俱唎耶。夜啰菟，瑟尼钐。 &nbsp;&nbsp;&nbsp;&nbsp;毗折蓝婆，摩尼遮。跋阇啰，迦那迦，波啰婆。嚧阇那。 &nbsp;&nbsp;&nbsp;&nbsp;跋阇啰，顿稚遮。税多遮，迦摩啰。刹奢尸，波啰婆。 &nbsp;&nbsp;&nbsp;&nbsp;翳帝夷帝。母陀啰羯拏。 &nbsp;&nbsp;&nbsp;&nbsp;娑鞞啰忏。掘梵都。印兔那么么写 &nbsp;&nbsp;&nbsp;&nbsp;第二会 &nbsp;&nbsp;&nbsp;&nbsp;乌合牛。唎瑟揭拏。般剌舍悉多。萨怛他，伽都瑟尼钐。 &nbsp;&nbsp;&nbsp;&nbsp;虎合牛。都卢雍。瞻婆那。 &nbsp;&nbsp;&nbsp;&nbsp;虎合牛。都卢雍。悉耽婆那。 &nbsp;&nbsp;&nbsp;&nbsp;虎合牛。都卢雍。波啰瑟地耶，三般叉，拏羯啰。 &nbsp;&nbsp;&nbsp;&nbsp;虎合牛。都卢雍。萨婆药叉，喝啰刹娑。揭啰诃若阇。毗腾崩萨那羯啰。 &nbsp;&nbsp;&nbsp;&nbsp;虎合牛。都卢雍。者都啰，尸底南。揭啰诃，娑诃萨啰南。毗腾崩萨那啰。 &nbsp;&nbsp;&nbsp;&nbsp;虎合牛。都卢雍。啰叉。婆伽梵。萨怛他，伽都瑟尼钐。 &nbsp;&nbsp;&nbsp;&nbsp;波啰点，阇吉唎。摩诃娑诃萨啰。勃树娑诃萨啰，室唎沙。 &nbsp;&nbsp;&nbsp;&nbsp;俱知娑诃萨泥，帝口隶。阿弊提视婆唎多。咤咤罂迦。 &nbsp;&nbsp;&nbsp;&nbsp;摩诃跋阇嚧陀啰。帝唎菩婆那。曼茶啰。 &nbsp;&nbsp;&nbsp;&nbsp;乌合牛。娑悉帝 薄婆都。么么。印兔那么么写。 &nbsp;&nbsp;&nbsp;&nbsp;第三会 &nbsp;&nbsp;&nbsp;&nbsp;啰阇婆夜。主啰跋夜。 &nbsp;&nbsp;&nbsp;&nbsp;阿祇尼婆夜。乌陀迦婆夜。 &nbsp;&nbsp;&nbsp;&nbsp;毗沙婆夜。舍萨多啰婆夜。 &nbsp;&nbsp;&nbsp;&nbsp;婆啰斫羯啰婆夜。突瑟叉婆夜。 &nbsp;&nbsp;&nbsp;&nbsp;阿舍你婆夜。阿迦啰密唎柱婆夜。 &nbsp;&nbsp;&nbsp;&nbsp;陀啰尼部弥剑，波伽波陀婆夜。 &nbsp;&nbsp;&nbsp;&nbsp;乌啰迦婆多婆夜。剌阇坛茶婆夜。 &nbsp;&nbsp;&nbsp;&nbsp;那伽婆夜。毗条怛婆夜。 &nbsp;&nbsp;&nbsp;&nbsp;苏波啰拏婆夜。药叉揭啰诃。 &nbsp;&nbsp;&nbsp;&nbsp;啰叉私揭啰诃。毕唎多揭啰诃。 &nbsp;&nbsp;&nbsp;&nbsp;毗舍遮揭啰诃。部多揭啰诃。 &nbsp;&nbsp;&nbsp;&nbsp;鸠槃茶揭啰诃。补单那揭啰诃。 &nbsp;&nbsp;&nbsp;&nbsp;迦咤补单那揭啰诃。悉乾度揭啰诃。 &nbsp;&nbsp;&nbsp;&nbsp;阿播悉摩啰揭啰诃。乌檀摩陀揭啰诃。 &nbsp;&nbsp;&nbsp;&nbsp;车夜揭啰诃。酰唎婆帝揭啰诃。 &nbsp;&nbsp;&nbsp;&nbsp;社多诃唎南。揭婆诃唎南。 &nbsp;&nbsp;&nbsp;&nbsp;嚧地啰诃唎南。忙娑诃唎南。 &nbsp;&nbsp;&nbsp;&nbsp;谜陀诃唎南。摩阇诃唎南。 &nbsp;&nbsp;&nbsp;&nbsp;阇多诃唎女。视比多诃唎南。 &nbsp;&nbsp;&nbsp;&nbsp;毗多诃唎南。婆多诃唎南。 &nbsp;&nbsp;&nbsp;&nbsp;阿输遮诃唎女。质多诃唎女。 &nbsp;&nbsp;&nbsp;&nbsp;帝钐萨鞞钐。萨婆揭啰诃南。 &nbsp;&nbsp;&nbsp;&nbsp;毗陀耶阇，嗔陀夜弥。鸡啰夜弥。波唎跋啰者迦，讫唎担。 &nbsp;&nbsp;&nbsp;&nbsp;毗陀夜阇，嗔陀夜弥。鸡啰夜弥。茶演尼，讫唎担。 &nbsp;&nbsp;&nbsp;&nbsp;毗陀夜阇，嗔陀夜弥。鸡啰夜弥。摩诃般输 般怛夜。嚧陀啰，讫唎担。 &nbsp;&nbsp;&nbsp;&nbsp;毗陀夜阇，嗔陀夜弥。鸡啰夜弥。那啰夜拏，讫唎担。 &nbsp;&nbsp;&nbsp;&nbsp;毗陀夜阇，嗔陀夜弥。鸡啰夜弥。怛埵伽嚧茶西，讫唎担。 &nbsp;&nbsp;&nbsp;&nbsp;毗陀夜阇，嗔陀夜弥。鸡啰夜弥。摩诃迦啰，摩怛唎伽拏，讫唎担。 &nbsp;&nbsp;&nbsp;&nbsp;毗陀夜阇，嗔陀夜弥。鸡啰夜弥。迦波唎迦，讫唎担。 &nbsp;&nbsp;&nbsp;&nbsp;毗陀夜阇，嗔陀夜弥。鸡啰夜弥。阇夜羯啰，摩度羯啰。萨婆啰他娑达那，讫唎担。 &nbsp;&nbsp;&nbsp;&nbsp;毗陀夜阇，嗔陀夜弥。鸡啰夜弥。赭咄啰，婆耆你，讫唎担。 &nbsp;&nbsp;&nbsp;&nbsp;毗陀夜阇，嗔陀夜弥。鸡啰夜弥。毗唎羊，讫唎知。难陀鸡沙啰，伽拏般帝。索酰夜，讫唎担。 &nbsp;&nbsp;&nbsp;&nbsp;毗陀夜阇，嗔陀夜弥。鸡啰夜弥。那揭那舍啰婆拏，讫唎担。 &nbsp;&nbsp;&nbsp;&nbsp;毗陀夜阇，嗔陀夜弥。鸡啰夜弥。阿罗汉，讫唎担。　 &nbsp;&nbsp;&nbsp;&nbsp;毗陀夜阇，嗔陀夜弥。鸡啰夜弥。毗多啰伽，讫唎担。 &nbsp;&nbsp;&nbsp;&nbsp;毗陀夜阇，嗔陀夜弥。鸡啰夜弥。跋阇啰波你。具酰夜，具酰夜。迦地般帝，讫唎担。 &nbsp;&nbsp;&nbsp;&nbsp;毗陀夜阇，嗔陀夜弥。鸡啰夜弥。啰叉罔。婆伽梵。印兔那么么写。 &nbsp;&nbsp;&nbsp;&nbsp;第四会 &nbsp;&nbsp;&nbsp;&nbsp;婆伽梵。萨怛多般怛啰。 &nbsp;&nbsp;&nbsp;&nbsp;南无粹都帝。阿悉多那啰剌迦。 &nbsp;&nbsp;&nbsp;&nbsp;波啰婆，悉普咤。毗迦萨怛多钵帝唎。 &nbsp;&nbsp;&nbsp;&nbsp;什佛啰什佛啰。陀啰陀啰。频陀啰频陀啰，嗔陀嗔陀。 &nbsp;&nbsp;&nbsp;&nbsp;虎合牛。虎合牛。泮咤。泮咤泮咤泮咤泮咤。 &nbsp;&nbsp;&nbsp;&nbsp;娑诃。酰酰泮。阿牟迦耶泮。阿波啰提诃多泮。婆啰波啰陀泮。阿素啰，毗陀啰，波迦泮。 &nbsp;&nbsp;&nbsp;&nbsp;萨婆，提鞞弊泮。萨婆，那伽弊泮。 &nbsp;&nbsp;&nbsp;&nbsp;萨婆，药叉弊泮。萨婆，乾闼婆弊泮。 &nbsp;&nbsp;&nbsp;&nbsp;萨婆，补丹那弊泮。迦咤，补丹那弊泮。 &nbsp;&nbsp;&nbsp;&nbsp;萨婆，突狼枳帝弊泮。萨婆，突涩比犁，讫瑟帝弊泮。 &nbsp;&nbsp;&nbsp;&nbsp;萨婆，什婆利弊泮。萨婆，阿播悉摩犁弊泮。 &nbsp;&nbsp;&nbsp;&nbsp;萨婆，舍啰婆拏弊泮。萨婆，地帝鸡弊泮。 &nbsp;&nbsp;&nbsp;&nbsp;萨婆，怛摩陀继弊泮。萨婆，毗陀耶，啰誓遮犁弊泮。阇夜羯啰，摩度羯啰。 &nbsp;&nbsp;&nbsp;&nbsp;萨婆，啰他娑陀鸡弊泮。 &nbsp;&nbsp;&nbsp;&nbsp;毗底夜，遮唎弊泮。者都啰，缚耆你弊泮。 &nbsp;&nbsp;&nbsp;&nbsp;跋阇啰，俱摩唎。毗陀夜，啰誓弊泮。摩诃波啰丁羊，乂耆唎弊泮。 &nbsp;&nbsp;&nbsp;&nbsp;跋阇啰，商羯啰夜。波啰丈耆，啰阇耶泮。 &nbsp;&nbsp;&nbsp;&nbsp;摩诃迦啰夜。摩诃末怛唎迦拏。 &nbsp;&nbsp;&nbsp;&nbsp;南无娑羯唎多夜泮。毖瑟拏婢曳泮。 &nbsp;&nbsp;&nbsp;&nbsp;勃啰诃，牟尼曳泮。阿耆尼曳泮。摩诃羯唎曳泮。 &nbsp;&nbsp;&nbsp;&nbsp;羯啰檀迟曳泮。蔑怛唎曳泮。唠怛唎曳泮。 &nbsp;&nbsp;&nbsp;&nbsp;遮文茶曳泮。羯逻啰，怛唎曳泮。迦般唎曳泮。 &nbsp;&nbsp;&nbsp;&nbsp;阿地目质多，迦尸摩舍那。婆私你曳泮。 &nbsp;&nbsp;&nbsp;&nbsp;演吉质。萨埵婆写。么么，印兔那么么写。 &nbsp;&nbsp;&nbsp;&nbsp;第五会 &nbsp;&nbsp;&nbsp;&nbsp;突瑟咤质多。阿末怛唎质多。 &nbsp;&nbsp;&nbsp;&nbsp;乌阇诃啰。伽婆诃啰。嚧地啰诃啰。 &nbsp;&nbsp;&nbsp;&nbsp;婆娑诃啰。摩阇诃啰。阇多诃啰。 &nbsp;&nbsp;&nbsp;&nbsp;视毖多诃啰。跋略夜诃啰。乾陀诃啰。 &nbsp;&nbsp;&nbsp;&nbsp;布史波诃啰。颇啰诃啰。婆写诃啰。 &nbsp;&nbsp;&nbsp;&nbsp;般波质多。突瑟咤质多。唠陀啰质多。　 &nbsp;&nbsp;&nbsp;&nbsp;药叉揭啰诃。啰刹娑揭啰诃。闭口隶多揭啰诃。 &nbsp;&nbsp;&nbsp;&nbsp;毗舍遮揭啰诃。部多揭啰诃。鸠槃荼揭啰诃。悉乾陀揭啰诃。 &nbsp;&nbsp;&nbsp;&nbsp;乌怛摩陀揭啰诃。车夜揭啰诃。 &nbsp;&nbsp;&nbsp;&nbsp;阿播萨摩啰揭啰诃。 &nbsp;&nbsp;&nbsp;&nbsp;宅袪革，茶耆尼揭啰诃。唎佛帝揭啰诃。阇弥迦揭啰诃。　 &nbsp;&nbsp;&nbsp;&nbsp;舍俱尼揭啰诃。姥陀啰，难地迦揭啰诃。阿蓝婆揭啰诃。乾度波尼揭啰诃。　 &nbsp;&nbsp;&nbsp;&nbsp;什伐啰，堙迦酰迦。坠帝药迦。怛口隶帝药迦。者突讬迦。 &nbsp;&nbsp;&nbsp;&nbsp;尼提什伐啰，毖钐摩什伐啰。 &nbsp;&nbsp;&nbsp;&nbsp;薄底迦。鼻底迦。室隶瑟密迦。娑你般帝迦。萨婆什伐啰。　 &nbsp;&nbsp;&nbsp;&nbsp;室嚧吉帝。末陀鞞达嚧制剑。 &nbsp;&nbsp;&nbsp;&nbsp;阿绮嚧钳。目佉嚧钳。羯唎突嚧钳。 &nbsp;&nbsp;&nbsp;&nbsp;揭啰诃羯蓝。 &nbsp;&nbsp;&nbsp;&nbsp;羯拏输蓝。惮多输蓝。迄唎夜输蓝。 &nbsp;&nbsp;&nbsp;&nbsp;末么输蓝。跋唎室婆输蓝。毖栗瑟咤输蓝。 &nbsp;&nbsp;&nbsp;&nbsp;乌陀啰输蓝。羯知输蓝。跋悉帝输蓝。 &nbsp;&nbsp;&nbsp;&nbsp;邬嚧输蓝。常伽输蓝。喝悉多输蓝。跋陀输蓝。 &nbsp;&nbsp;&nbsp;&nbsp;娑房盎伽，般啰丈伽输蓝。 &nbsp;&nbsp;&nbsp;&nbsp;部多毖哆茶。茶耆尼，什婆啰。陀突嚧迦，建咄嚧吉知，婆路多毗。 &nbsp;&nbsp;&nbsp;&nbsp;萨般嚧，诃凌伽。输沙怛啰，娑那羯啰。 &nbsp;&nbsp;&nbsp;&nbsp;毗沙喻迦。阿耆尼，乌陀迦。 &nbsp;&nbsp;&nbsp;&nbsp;末啰鞞啰，建跢啰。阿迦啰，密唎咄，怛敛部迦。 &nbsp;&nbsp;&nbsp;&nbsp;地栗剌咤。毖唎瑟质迦。萨婆那俱啰。 &nbsp;&nbsp;&nbsp;&nbsp;肆引伽弊，揭啰唎药叉，怛啰刍。末啰视，吠帝钐，娑鞞钐。 &nbsp;&nbsp;&nbsp;&nbsp;悉怛多钵怛啰。摩诃跋阇嚧，瑟尼钐。 &nbsp;&nbsp;&nbsp;&nbsp;摩诃般赖丈耆蓝。夜波突陀，舍喻阇那。辫怛口隶拏。　 &nbsp;&nbsp;&nbsp;&nbsp;毗陀耶，盘昙迦嚧弥。 &nbsp;&nbsp;&nbsp;&nbsp;帝殊，盘昙迦嚧弥。 &nbsp;&nbsp;&nbsp;&nbsp;般啰毘陀，盘昙迦嚧弥。 &nbsp;&nbsp;&nbsp;&nbsp;哆侄他。唵。阿那口隶。 &nbsp;&nbsp;&nbsp;&nbsp;毗舍提。鞞啰跋阇啰陀唎。盘陀盘陀你。 &nbsp;&nbsp;&nbsp;&nbsp;跋阇啰，谤尼泮。虎合牛l都嚧瓮泮。 莎婆诃。 &nbsp;&nbsp;&nbsp;&nbsp;制作者：郭振波', '2020_02_14_10_49_43_043_948_29.mp3', '2020-02-14 10:49:44', '442853545'),
(93, 'The Tracks', 12, '2020_02_14_10_49_44_044_50_172.jpg', 'Bruno Coulais', '暂无歌词', '2020_02_14_10_49_45_045_131_613.mp3', '2020-02-14 10:49:45', '1086898'),
(94, 'Trampoline', 13, '2020_02_14_10_49_48_048_732_465.jpg', 'Shaed', 'by小陀螺Tony&nbsp;&nbsp;&nbsp;&nbsp;I\'ve been havin deams\r&nbsp;&nbsp;&nbsp;&nbsp;Jumpin on a tampoline\r&nbsp;&nbsp;&nbsp;&nbsp;Flippin in the ai\r&nbsp;&nbsp;&nbsp;&nbsp;I neve land just float thee\r&nbsp;&nbsp;&nbsp;&nbsp;As I\'m looking up\r&nbsp;&nbsp;&nbsp;&nbsp;Suddenly the sky eupts\r&nbsp;&nbsp;&nbsp;&nbsp;Flames alight the tees\r&nbsp;&nbsp;&nbsp;&nbsp;Spead to fallin leaves\r&nbsp;&nbsp;&nbsp;&nbsp;Now they\'e ight upon me\r&nbsp;&nbsp;&nbsp;&nbsp;\r&nbsp;&nbsp;&nbsp;&nbsp;Wait if I\'m on fie\r&nbsp;&nbsp;&nbsp;&nbsp;How am I so deep in love\r&nbsp;&nbsp;&nbsp;&nbsp;When I deam of dying\r&nbsp;&nbsp;&nbsp;&nbsp;I neve feel so loved\r&nbsp;&nbsp;&nbsp;&nbsp;\r&nbsp;&nbsp;&nbsp;&nbsp;I\'ve been having deams\r&nbsp;&nbsp;&nbsp;&nbsp;Splashin in a summe steam\r&nbsp;&nbsp;&nbsp;&nbsp;Tip and I fall in\r&nbsp;&nbsp;&nbsp;&nbsp;I wanted it to happen\r&nbsp;&nbsp;&nbsp;&nbsp;My body tuns to ice\r&nbsp;&nbsp;&nbsp;&nbsp;Cushin weight of paadise\r&nbsp;&nbsp;&nbsp;&nbsp;Solid block of gold\r&nbsp;&nbsp;&nbsp;&nbsp;Lying in the cold\r&nbsp;&nbsp;&nbsp;&nbsp;I feel ight at home\r&nbsp;&nbsp;&nbsp;&nbsp;\r&nbsp;&nbsp;&nbsp;&nbsp;Wait if I\'m on fie\r&nbsp;&nbsp;&nbsp;&nbsp;How am I so deep in love\r&nbsp;&nbsp;&nbsp;&nbsp;When I deam of dying\r&nbsp;&nbsp;&nbsp;&nbsp;I neve feel so loved\r&nbsp;&nbsp;&nbsp;&nbsp;Wait if I\'m on fie\r&nbsp;&nbsp;&nbsp;&nbsp;How am I so deep in love\r&nbsp;&nbsp;&nbsp;&nbsp;When I deam of dying\r&nbsp;&nbsp;&nbsp;&nbsp;I neve feel so loved\r&nbsp;&nbsp;&nbsp;&nbsp;I neve feel so loved\r&nbsp;&nbsp;&nbsp;&nbsp;\r&nbsp;&nbsp;&nbsp;&nbsp;Wait if I\'m on fie\r&nbsp;&nbsp;&nbsp;&nbsp;How am I so deep in love\r&nbsp;&nbsp;&nbsp;&nbsp;When I deam of dying\r&nbsp;&nbsp;&nbsp;&nbsp;I neve feel so loved\r&nbsp;&nbsp;&nbsp;&nbsp;Wait if I\'m on fie\r&nbsp;&nbsp;&nbsp;&nbsp;How am I so deep in love\r&nbsp;&nbsp;&nbsp;&nbsp;When I deam of dying\r&nbsp;&nbsp;&nbsp;&nbsp;I neve feel so loved', '2020_02_14_10_49_48_048_929_434.mp3', '2020-02-14 10:49:48', '563733742'),
(95, 'she\'s all yours', 13, '2020_02_14_10_49_48_048_625_978.jpg', 'Loote', 'byTap_Gil&nbsp;&nbsp;&nbsp;&nbsp;Head you\'ve got a gil&nbsp;&nbsp;&nbsp;&nbsp;And she’s so beautiful&nbsp;&nbsp;&nbsp;&nbsp;And you still hit my phone&nbsp;&nbsp;&nbsp;&nbsp;When you should be moving on&nbsp;&nbsp;&nbsp;&nbsp;She can\'t do what I can&nbsp;&nbsp;&nbsp;&nbsp;\'Cause she don’t undestand&nbsp;&nbsp;&nbsp;&nbsp;\'Cause she don\'t like the bands&nbsp;&nbsp;&nbsp;&nbsp;No, she don\'t like the bands you gew up on&nbsp;&nbsp;&nbsp;&nbsp;You\'ve got my numbe saved&nbsp;&nbsp;&nbsp;&nbsp;Unde you bothe\'s name&nbsp;&nbsp;&nbsp;&nbsp;You\'ve got my numbe saved&nbsp;&nbsp;&nbsp;&nbsp;\'Cause you still talk to me&nbsp;&nbsp;&nbsp;&nbsp;But you think she don\'t know&nbsp;&nbsp;&nbsp;&nbsp;You got a gil with a body&nbsp;&nbsp;&nbsp;&nbsp;Why you even want me&nbsp;&nbsp;&nbsp;&nbsp;Why you even want me, love&nbsp;&nbsp;&nbsp;&nbsp;You got a gil with a body&nbsp;&nbsp;&nbsp;&nbsp;Why you even on me&nbsp;&nbsp;&nbsp;&nbsp;Why you even calling me, love&nbsp;&nbsp;&nbsp;&nbsp;She’s  beautiful&nbsp;&nbsp;&nbsp;&nbsp;So  beautiful&nbsp;&nbsp;&nbsp;&nbsp;So why you still calling me up&nbsp;&nbsp;&nbsp;&nbsp;Why you still call&nbsp;&nbsp;&nbsp;&nbsp;If you baby knew&nbsp;&nbsp;&nbsp;&nbsp;What do you think she would do&nbsp;&nbsp;&nbsp;&nbsp;You  up me and you&nbsp;&nbsp;&nbsp;&nbsp;Don’t you  up this too&nbsp;&nbsp;&nbsp;&nbsp;\'Cause if you think about it&nbsp;&nbsp;&nbsp;&nbsp;You should know I’m not about it&nbsp;&nbsp;&nbsp;&nbsp;That I\'m still not about it&nbsp;&nbsp;&nbsp;&nbsp;You should go, goddamn&nbsp;&nbsp;&nbsp;&nbsp;You got a gil with a body&nbsp;&nbsp;&nbsp;&nbsp;Why you even want me&nbsp;&nbsp;&nbsp;&nbsp;Why you even want me, love&nbsp;&nbsp;&nbsp;&nbsp;You got a gil with a body&nbsp;&nbsp;&nbsp;&nbsp;Why you even on me&nbsp;&nbsp;&nbsp;&nbsp;Why you even calling me, love&nbsp;&nbsp;&nbsp;&nbsp;She\'s  beautiful&nbsp;&nbsp;&nbsp;&nbsp;So  beautiful&nbsp;&nbsp;&nbsp;&nbsp;So why you still calling me up&nbsp;&nbsp;&nbsp;&nbsp;Why you still call&nbsp;&nbsp;&nbsp;&nbsp;If you think about it you should know&nbsp;&nbsp;&nbsp;&nbsp;That I\'m still not about it&nbsp;&nbsp;&nbsp;&nbsp;You should go, yeah&nbsp;&nbsp;&nbsp;&nbsp;She’s  beautiful&nbsp;&nbsp;&nbsp;&nbsp;So  beautiful&nbsp;&nbsp;&nbsp;&nbsp;You say she doesn\'t mind&nbsp;&nbsp;&nbsp;&nbsp;\'Cause you got a gil You got a gil with a body&nbsp;&nbsp;&nbsp;&nbsp;Why you even on me Why you even on me, love&nbsp;&nbsp;&nbsp;&nbsp;You got a gil with a body&nbsp;&nbsp;&nbsp;&nbsp;Why you even on me&nbsp;&nbsp;&nbsp;&nbsp;Why you even calling me, love&nbsp;&nbsp;&nbsp;&nbsp;She\'s  beautiful&nbsp;&nbsp;&nbsp;&nbsp;So  beautiful&nbsp;&nbsp;&nbsp;&nbsp;So why you still calling me up&nbsp;&nbsp;&nbsp;&nbsp;Why you still call&nbsp;&nbsp;&nbsp;&nbsp;\'Cause if you think about it&nbsp;&nbsp;&nbsp;&nbsp;You should know I\'m not about it&nbsp;&nbsp;&nbsp;&nbsp;That I\'m still not about it&nbsp;&nbsp;&nbsp;&nbsp;You should go, goddamn&nbsp;&nbsp;&nbsp;&nbsp;', '2020_02_14_10_49_49_049_148_662.mp3', '2020-02-14 10:49:49', '1371714110'),
(96, 'Cooler Than Me (Radio Edit)', 13, '2020_02_14_10_49_49_049_988_878.jpg', 'Lucky Luke', 'byCicle_Wild&nbsp;&nbsp;&nbsp;&nbsp;If I could wite you a song and make you fall in love&nbsp;&nbsp;&nbsp;&nbsp;I would aleady have you up unde my am&nbsp;&nbsp;&nbsp;&nbsp;I used up all of my ticks, I hope that you like this&nbsp;&nbsp;&nbsp;&nbsp;But, you pobably won\'t, you think you\'e coole than me&nbsp;&nbsp;&nbsp;&nbsp;You got designe shades just to hide you face&nbsp;&nbsp;&nbsp;&nbsp;And you wea \'em aound like you\'e coole than me&nbsp;&nbsp;&nbsp;&nbsp;And you neve say \"hey\" o emembe my name&nbsp;&nbsp;&nbsp;&nbsp;And it\'s pobably \'cause you think you\'e coole than me…&nbsp;&nbsp;&nbsp;&nbsp;Coole than me…&nbsp;&nbsp;&nbsp;&nbsp;Coole than me…&nbsp;&nbsp;&nbsp;&nbsp;You got you high bow, shoes on you feet&nbsp;&nbsp;&nbsp;&nbsp; And you wea them aound like they ain\'t  &nbsp;&nbsp;&nbsp;&nbsp;But you don\'t know the way that you look&nbsp;&nbsp;&nbsp;&nbsp;When you steps make that much noise&nbsp;&nbsp;&nbsp;&nbsp;Shh&nbsp;&nbsp;&nbsp;&nbsp;I got you all figued out &nbsp;&nbsp;&nbsp;&nbsp;You need eveyone\'s eyes just to feel seen&nbsp;&nbsp;&nbsp;&nbsp;Behind you make up nobody knows who you even ae&nbsp;&nbsp;&nbsp;&nbsp;Who do you think that you ae&nbsp;&nbsp;&nbsp;&nbsp;If I could wite you a song and make you fall in love&nbsp;&nbsp;&nbsp;&nbsp;I would aleady have you up unde my am&nbsp;&nbsp;&nbsp;&nbsp;I used up all of my ticks, I hope that you like this&nbsp;&nbsp;&nbsp;&nbsp;But, you pobably won\'t, you think you\'e coole than me&nbsp;&nbsp;&nbsp;&nbsp;You got designe shades just to hide you face&nbsp;&nbsp;&nbsp;&nbsp;And you wea \'em aound like you\'e coole than me&nbsp;&nbsp;&nbsp;&nbsp;And you neve say \"hey\" o emembe my name&nbsp;&nbsp;&nbsp;&nbsp;And it\'s pobably \'cause you think you\'e coole than me&nbsp;&nbsp;&nbsp;&nbsp;If I could wite you a song and make you fall in love&nbsp;&nbsp;&nbsp;&nbsp;I would aleady have you up unde my am&nbsp;&nbsp;&nbsp;&nbsp;I used up all of my ticks, I hope that you like this&nbsp;&nbsp;&nbsp;&nbsp;But, you pobably won\'t, you think you\'e coole than me&nbsp;&nbsp;&nbsp;&nbsp;You got designe shades just to hide you face&nbsp;&nbsp;&nbsp;&nbsp;And you wea \'em aound like you\'e coole than me&nbsp;&nbsp;&nbsp;&nbsp;And you neve say \"hey\" o emembe my name&nbsp;&nbsp;&nbsp;&nbsp;And it\'s pobably \'cause you think you\'e coole than me', '2020_02_14_10_49_49_049_942_234.mp3', '2020-02-14 10:49:50', '1365398014'),
(97, 'Rebels', 13, '2020_02_14_10_49_50_050_567_344.jpg', 'Ivy Adara', 'by梌椋&nbsp;&nbsp;&nbsp;&nbsp;Two, thee, fou, five\r&nbsp;&nbsp;&nbsp;&nbsp;Just a couple lonely kids\r&nbsp;&nbsp;&nbsp;&nbsp;Tyna find a cown that fits\r&nbsp;&nbsp;&nbsp;&nbsp;Call us the kings and the queens of the dead end steets\r&nbsp;&nbsp;&nbsp;&nbsp;Just a couple kids\r&nbsp;&nbsp;&nbsp;&nbsp;We\'ve got no plans\r&nbsp;&nbsp;&nbsp;&nbsp;Recklessly follow the sunset deaming\r&nbsp;&nbsp;&nbsp;&nbsp;Give me tomoow and I\'ll take you hand\r&nbsp;&nbsp;&nbsp;&nbsp;Two ebels, ide o die\r&nbsp;&nbsp;&nbsp;&nbsp;Two ebels, you and I\r&nbsp;&nbsp;&nbsp;&nbsp;We\'ve got no plans\r&nbsp;&nbsp;&nbsp;&nbsp;Recklessly follow the sunset deaming\r&nbsp;&nbsp;&nbsp;&nbsp;Give me tomoow and I\'ll take you hand\r&nbsp;&nbsp;&nbsp;&nbsp;Two ebels, ide o die\r&nbsp;&nbsp;&nbsp;&nbsp;Two ebels, you and I\r&nbsp;&nbsp;&nbsp;&nbsp;Just a couple midnight ides\r&nbsp;&nbsp;&nbsp;&nbsp;Steetlamps ae ou kingdom lights\r&nbsp;&nbsp;&nbsp;&nbsp;Ain\'t nobody need to know\r&nbsp;&nbsp;&nbsp;&nbsp;We\'ll sneak the cads\r&nbsp;&nbsp;&nbsp;&nbsp;You must dive and wee ight\r&nbsp;&nbsp;&nbsp;&nbsp;We\'ve got no plans\r&nbsp;&nbsp;&nbsp;&nbsp;Recklessly follow the sunset deaming\r&nbsp;&nbsp;&nbsp;&nbsp;Give me tomoow and I\'ll take you hand\r&nbsp;&nbsp;&nbsp;&nbsp;Two ebels, ide o die\r&nbsp;&nbsp;&nbsp;&nbsp;Two ebels, you and I\r&nbsp;&nbsp;&nbsp;&nbsp;\'Cause those nights well diving\r&nbsp;&nbsp;&nbsp;&nbsp;At night we wee diving\r&nbsp;&nbsp;&nbsp;&nbsp;Though GPS, stae at the sca on my ight knee\r&nbsp;&nbsp;&nbsp;&nbsp;It was kama I guess, I\'m a beautiful mess\r&nbsp;&nbsp;&nbsp;&nbsp;All of those times we would sneak\r&nbsp;&nbsp;&nbsp;&nbsp;In the moonlight we speak\r&nbsp;&nbsp;&nbsp;&nbsp;And my mama, I\'m soy, you thought I was sleeping\r&nbsp;&nbsp;&nbsp;&nbsp;All the time that we spent, I would do it again\r&nbsp;&nbsp;&nbsp;&nbsp;We\'ve got no plans\r&nbsp;&nbsp;&nbsp;&nbsp;Recklessly follow the sunset deaming\r&nbsp;&nbsp;&nbsp;&nbsp;Give me tomoow and I\'ll take you hand\r&nbsp;&nbsp;&nbsp;&nbsp;Two ebels, ide o die\r&nbsp;&nbsp;&nbsp;&nbsp;Two ebels, you and I\r&nbsp;&nbsp;&nbsp;&nbsp;We\'ve got no plans\r&nbsp;&nbsp;&nbsp;&nbsp;Recklessly follow the sunset deaming\r&nbsp;&nbsp;&nbsp;&nbsp;Give me tomoow and I\'ll take you hand\r&nbsp;&nbsp;&nbsp;&nbsp;Two ebels, ide o die\r&nbsp;&nbsp;&nbsp;&nbsp;Two ebels, you and I\r&nbsp;&nbsp;&nbsp;&nbsp;Ah We\'ve got no plans\r&nbsp;&nbsp;&nbsp;&nbsp;Ah Recklessly follow the sunset deaming\r&nbsp;&nbsp;&nbsp;&nbsp;Ah Give me tomoow and I\'ll take you hand\r&nbsp;&nbsp;&nbsp;&nbsp;Two ebels, ide o die\r&nbsp;&nbsp;&nbsp;&nbsp;Two ebels, you and I', '2020_02_14_10_49_50_050_437_336.mp3', '2020-02-14 10:49:51', '1299871688'),
(98, 'Hedwig\'s Theme (Reprise) (composed by John Williams)', 13, '2020_02_14_10_49_53_053_361_374.jpg', 'The City of Prague Philharmonic Orchestra', '暂无歌词', '2020_02_14_10_49_53_053_355_164.mp3', '2020-02-14 10:49:54', '3992451'),
(99, 'Prologue', 13, '2020_02_14_10_49_54_054_302_684.jpg', 'John Williams', '暂无歌词', '2020_02_14_10_49_54_054_845_701.mp3', '2020-02-14 10:49:54', '1486430'),
(100, 'Harry\'s Wondrous World', 13, '2020_02_14_10_49_54_054_678_852.jpg', 'John Williams', '暂无歌词', '2020_02_14_10_49_54_054_439_741.mp3', '2020-02-14 10:49:54', '1486433'),
(101, 'The Arrival of Baby Harry', 13, '2020_02_14_10_49_54_054_792_352.jpg', 'John Williams', '暂无歌词', '2020_02_14_10_49_54_054_901_736.mp3', '2020-02-14 10:49:54', '1486434'),
(102, 'Tuesday (Original Mix)', 14, '2020_02_14_10_49_56_056_994_8.jpg', 'Burak Yeter', 'by昊梨&nbsp;&nbsp;&nbsp;&nbsp; Got the club going up, on a Tuesday\r&nbsp;&nbsp;&nbsp;&nbsp; Got you gil in the cut, and she ain\'t choosey\r&nbsp;&nbsp;&nbsp;&nbsp; Club goin up, on a Tuesday\r&nbsp;&nbsp;&nbsp;&nbsp; Got you gil in the cut, and she ain\'t choosey\r&nbsp;&nbsp;&nbsp;&nbsp; Club goin up, on a Tuesday\r&nbsp;&nbsp;&nbsp;&nbsp; Got you gil in the cut, and she ain\'t choosey\r&nbsp;&nbsp;&nbsp;&nbsp; Club goin up, on a Tuesday\r&nbsp;&nbsp;&nbsp;&nbsp; Got you gil in the cut, and she ain\'t choosey\r&nbsp;&nbsp;&nbsp;&nbsp; Club goin up\r&nbsp;&nbsp;&nbsp;&nbsp; \r&nbsp;&nbsp;&nbsp;&nbsp; Got the club going up\r&nbsp;&nbsp;&nbsp;&nbsp; Got the club going up\r&nbsp;&nbsp;&nbsp;&nbsp; Got the club going up\r&nbsp;&nbsp;&nbsp;&nbsp; \r&nbsp;&nbsp;&nbsp;&nbsp; Got the club going up, on a Tuesday\r&nbsp;&nbsp;&nbsp;&nbsp; Got you gil in the cut, and she ain\'t choosey\r&nbsp;&nbsp;&nbsp;&nbsp; Club goin up, on a Tuesday\r&nbsp;&nbsp;&nbsp;&nbsp; Got you gil in the cut, and she ain\'t choosey\r&nbsp;&nbsp;&nbsp;&nbsp; Club goin up, on a Tuesday\r&nbsp;&nbsp;&nbsp;&nbsp; Got you gil in the cut, and she ain\'t choosey\r&nbsp;&nbsp;&nbsp;&nbsp; Club goin up, on a Tuesday\r&nbsp;&nbsp;&nbsp;&nbsp; Got you gil in the cut, and she ain\'t choosey\r&nbsp;&nbsp;&nbsp;&nbsp; Club goin up\r&nbsp;&nbsp;&nbsp;&nbsp; \r&nbsp;&nbsp;&nbsp;&nbsp; Got the club going up\r&nbsp;&nbsp;&nbsp;&nbsp; Got the club going up\r&nbsp;&nbsp;&nbsp;&nbsp; Got the club going up\r&nbsp;&nbsp;&nbsp;&nbsp; \r&nbsp;&nbsp;&nbsp;&nbsp; Always wokin\' OT, ovetime and outta town\r&nbsp;&nbsp;&nbsp;&nbsp; Things is cazy back home, it kills me that I\'m not aound\r&nbsp;&nbsp;&nbsp;&nbsp; I think we gettin\' too deep, ain\'t no paty on the weekend\r&nbsp;&nbsp;&nbsp;&nbsp; Upstais I got Xans in an Advil bottle, I don\'t take them shits\r&nbsp;&nbsp;&nbsp;&nbsp; But you do, so I got ‘em\r&nbsp;&nbsp;&nbsp;&nbsp; \r&nbsp;&nbsp;&nbsp;&nbsp; Got the club going up, on a Tuesday\r&nbsp;&nbsp;&nbsp;&nbsp; Got you gil in the cut, and she ain\'t choosey\r&nbsp;&nbsp;&nbsp;&nbsp; Club goin up, on a Tuesday\r&nbsp;&nbsp;&nbsp;&nbsp; Got you gil in the cut, and she ain\'t choosey\r&nbsp;&nbsp;&nbsp;&nbsp; Club goin up, on a Tuesday\r&nbsp;&nbsp;&nbsp;&nbsp; Got you gil in the cut, and she ain\'t choosey\r&nbsp;&nbsp;&nbsp;&nbsp; Club goin up, on a Tuesday\r&nbsp;&nbsp;&nbsp;&nbsp; Got you gil in the cut, and she ain\'t choosey\r&nbsp;&nbsp;&nbsp;&nbsp; Club going up, on a Tuesday\r&nbsp;&nbsp;&nbsp;&nbsp; Got you gil in the cut, and she ain\'t choosey\r&nbsp;&nbsp;&nbsp;&nbsp; Club goin up, on a Tuesday\r&nbsp;&nbsp;&nbsp;&nbsp; Got you gil in the cut, and she ain\'t choosey\r&nbsp;&nbsp;&nbsp;&nbsp; Club goin up, on a Tuesday\r&nbsp;&nbsp;&nbsp;&nbsp; Got you gil in the cut, and she ain\'t choosey\r&nbsp;&nbsp;&nbsp;&nbsp; Club goin up, on a Tuesday\r&nbsp;&nbsp;&nbsp;&nbsp; Got you gil in the cut, and she ain\'t choosey\r&nbsp;&nbsp;&nbsp;&nbsp; Club goin up\r&nbsp;&nbsp;&nbsp;&nbsp; \r&nbsp;&nbsp;&nbsp;&nbsp; Got the club going up\r&nbsp;&nbsp;&nbsp;&nbsp; Got the club going up\r&nbsp;&nbsp;&nbsp;&nbsp;', '2020_02_14_10_49_56_056_87_240.mp3', '2020-02-14 10:49:57', '506726178'),
(103, 'Rezz-Lost Mixing female（DruGTRaffickerS remix）', 14, '2020_02_14_10_49_57_057_419_826.jpg', 'DruGTRaffickerS', 'byFankie阿祖&nbsp;&nbsp;&nbsp;&nbsp;What a beautiful wold\r&nbsp;&nbsp;&nbsp;&nbsp;To be anything but alone\r&nbsp;&nbsp;&nbsp;&nbsp;I can\'t find a cue\r&nbsp;&nbsp;&nbsp;&nbsp;I\'m slowly losing contol\r&nbsp;&nbsp;&nbsp;&nbsp;How am I suppose to feel\r&nbsp;&nbsp;&nbsp;&nbsp;When nothing seems eal\r&nbsp;&nbsp;&nbsp;&nbsp;Who am I suppose to be\r&nbsp;&nbsp;&nbsp;&nbsp;When eveything I love falls away fom me\r&nbsp;&nbsp;&nbsp;&nbsp;Soften me once moe\r&nbsp;&nbsp;&nbsp;&nbsp;With those mesmoizing eyes\r&nbsp;&nbsp;&nbsp;&nbsp;Twist aound you tongue\r&nbsp;&nbsp;&nbsp;&nbsp;Clauden me with lies\r&nbsp;&nbsp;&nbsp;&nbsp;I cut myself open\r&nbsp;&nbsp;&nbsp;&nbsp;To give it all to you\r&nbsp;&nbsp;&nbsp;&nbsp;Let you poison un though me\r&nbsp;&nbsp;&nbsp;&nbsp;And you love it I know you do\r&nbsp;&nbsp;&nbsp;&nbsp;Soften me once moe\r&nbsp;&nbsp;&nbsp;&nbsp;With those mesmoizing eyes\r&nbsp;&nbsp;&nbsp;&nbsp;Twist aound you tongue\r&nbsp;&nbsp;&nbsp;&nbsp;Clauden me with lies\r&nbsp;&nbsp;&nbsp;&nbsp;', '2020_02_14_10_49_57_057_135_718.mp3', '2020-02-14 10:49:58', '1333940962'),
(104, 'Hey Hey Hey (Original Mix)', 14, '2020_02_14_10_49_58_058_619_529.jpg', 'Chemical Surf', 'bycm&nbsp;&nbsp;&nbsp;&nbsp;ti&nbsp;&nbsp;&nbsp;&nbsp;aL&nbsp;&nbsp;&nbsp;&nbsp;al&nbsp;&nbsp;&nbsp;&nbsp;by九九Lc歌词网～wwwLcnet&nbsp;&nbsp;&nbsp;&nbsp;Lovely people &nbsp;&nbsp;&nbsp;&nbsp;All you people in the house &nbsp;&nbsp;&nbsp;&nbsp;Get up and sceaming shout&nbsp;&nbsp;&nbsp;&nbsp;Say Hey Hey Hey&nbsp;&nbsp;&nbsp;&nbsp;Hey Hey Hey&nbsp;&nbsp;&nbsp;&nbsp;All you people in the house&nbsp;&nbsp;&nbsp;&nbsp;Lovely people&nbsp;&nbsp;&nbsp;&nbsp;All you&nbsp;&nbsp;&nbsp;&nbsp;All you people in the house&nbsp;&nbsp;&nbsp;&nbsp;Get up and sceaming shout&nbsp;&nbsp;&nbsp;&nbsp;Say Hey Hey Hey&nbsp;&nbsp;&nbsp;&nbsp;Hey Hey Hey', '2020_02_14_10_49_58_058_914_302.mp3', '2020-02-14 10:49:59', '488256357'),
(105, 'Drown', 14, '2020_02_14_10_49_59_059_433_966.jpg', 'ZABO', '暂无歌词', '2020_02_14_10_49_59_059_870_82.mp3', '2020-02-14 10:50:00', '517542039'),
(106, 'Frontier (Cargo Remix)', 14, '2020_02_14_10_50_03_003_52_628.jpg', 'Cargo', '暂无歌词', '2020_02_14_10_50_03_003_559_635.mp3', '2020-02-14 10:50:03', '399552364'),
(107, '浮空', 14, '2020_02_14_10_50_03_003_545_617.jpg', 'AJonnyCool', '暂无歌词', '2020_02_14_10_50_03_003_759_237.mp3', '2020-02-14 10:50:04', '1319880628'),
(108, 'Road So Fars （Remix）', 14, '2020_02_14_10_50_04_004_400_800.jpg', '九书', '暂无歌词', '2020_02_14_10_50_04_004_525_407.mp3', '2020-02-14 10:50:05', '1305629271'),
(109, 'Boomerang', 14, '2020_02_14_10_50_05_005_913_597.jpg', 'Brooks', '暂无歌词', '2020_02_14_10_50_05_005_899_18.mp3', '2020-02-14 10:50:05', '512358366'),
(110, 'Lady of Clockwork', 15, '2020_02_14_10_50_06_006_675_333.jpg', 'Krale', 'by略略略小笨蛋啊&nbsp;&nbsp;&nbsp;&nbsp;RAVAGE\r&nbsp;&nbsp;&nbsp;&nbsp;RAVAGE\r&nbsp;&nbsp;&nbsp;&nbsp;RAVAGE\r&nbsp;&nbsp;&nbsp;&nbsp;RAVAGE', '2020_02_14_10_50_06_006_566_395.mp3', '2020-02-14 10:50:07', '406316284'),
(111, 'Shake That', 15, '2020_02_14_10_50_07_007_430_880.jpg', 'Eminem', 'Shady, Aftemath&nbsp;&nbsp;&nbsp;&nbsp;Thee she goes shaking that ass on the floo&nbsp;&nbsp;&nbsp;&nbsp;Bumpin and gindin that pole&nbsp;&nbsp;&nbsp;&nbsp;The way she\'s gindin that pole&nbsp;&nbsp;&nbsp;&nbsp;I think I\'m losing contol&nbsp;&nbsp;&nbsp;&nbsp;&nbsp;&nbsp;&nbsp;&nbsp;Get buzzed, get dunk, get cunked, get fuucked up&nbsp;&nbsp;&nbsp;&nbsp;Hit the stip club don\'t foget once get you  ubbed&nbsp;&nbsp;&nbsp;&nbsp;Get fd, get sucked, get wasted, sit faceted&nbsp;&nbsp;&nbsp;&nbsp;Pasted, blasted, puke dink up, get a new dink&nbsp;&nbsp;&nbsp;&nbsp;Hit the bathoom sink, thow up&nbsp;&nbsp;&nbsp;&nbsp;Wipe you shoe clean, got a outine&nbsp;&nbsp;&nbsp;&nbsp;Knowin still got a few chunks on you shoesting&nbsp;&nbsp;&nbsp;&nbsp;Knowin I was dehydated till the beat vibated&nbsp;&nbsp;&nbsp;&nbsp;I was evibed as soon as this  is gyated&nbsp;&nbsp;&nbsp;&nbsp;And hips and licked them lips and that was it&nbsp;&nbsp;&nbsp;&nbsp;I had to get Nate Dogg and his sing some sit&nbsp;&nbsp;&nbsp;&nbsp;&nbsp;&nbsp;&nbsp;&nbsp;Two to the one fom the one to the thee&nbsp;&nbsp;&nbsp;&nbsp;I like good  and I like good tees&nbsp;&nbsp;&nbsp;&nbsp;Smoke so much  you wouldn\'t believe&nbsp;&nbsp;&nbsp;&nbsp;And I get moe ass than a toilet seat&nbsp;&nbsp;&nbsp;&nbsp;Thee to the one fom the one to the thee&nbsp;&nbsp;&nbsp;&nbsp;I met a bad  last night in the D&nbsp;&nbsp;&nbsp;&nbsp;Let me tell you how I made he leave with me&nbsp;&nbsp;&nbsp;&nbsp;Convesation and Hennessey&nbsp;&nbsp;&nbsp;&nbsp;I\'ve been to the muthafn mountain top&nbsp;&nbsp;&nbsp;&nbsp;Head muthafs talk, seen and dopped&nbsp;&nbsp;&nbsp;&nbsp;If I ain\'t got a weapon I\'ma pick up a ock&nbsp;&nbsp;&nbsp;&nbsp;And when I bust yo ass I\'ma continue to ock&nbsp;&nbsp;&nbsp;&nbsp;Getcha ass of the wall with you two left feet&nbsp;&nbsp;&nbsp;&nbsp;It\'s eal easy just follow the beat&nbsp;&nbsp;&nbsp;&nbsp;Don\'t let that fine gil pass you byye&nbsp;&nbsp;&nbsp;&nbsp;Look eal close cause stobe lights blind&nbsp;&nbsp;&nbsp;&nbsp;&nbsp;&nbsp;&nbsp;&nbsp;We bout to have a paty tun the music up&nbsp;&nbsp;&nbsp;&nbsp;Let\'s get it stated Go head shake you butt&nbsp;&nbsp;&nbsp;&nbsp;I\'m lookin fo a gil with a body and a y stut&nbsp;&nbsp;&nbsp;&nbsp;Wanna get it poppin baby step ight up&nbsp;&nbsp;&nbsp;&nbsp;Some gils they act etaded&nbsp;&nbsp;&nbsp;&nbsp;Some gils ae bout it bout it&nbsp;&nbsp;&nbsp;&nbsp;I\'m lookin fo a gil that will do whateve the &nbsp;&nbsp;&nbsp;&nbsp;I say eveday she be givin it up&nbsp;&nbsp;&nbsp;&nbsp;&nbsp;&nbsp;&nbsp;&nbsp;Shake that ass fo me, shake that ass fo me&nbsp;&nbsp;&nbsp;&nbsp;Come on gil, shake that ass fo me, shake that ass fo me&nbsp;&nbsp;&nbsp;&nbsp;Ohh gil, shake that ass fo me, shake that ass fo me&nbsp;&nbsp;&nbsp;&nbsp;Come on gil, shake that ass fo me, shake that ass fo me&nbsp;&nbsp;&nbsp;&nbsp;&nbsp;&nbsp;&nbsp;&nbsp;I\'m a menace, a dentist, an oal hygentist&nbsp;&nbsp;&nbsp;&nbsp;Open you mouth fo about fou o five minutes&nbsp;&nbsp;&nbsp;&nbsp;Take a little bit of this flouide&nbsp;&nbsp;&nbsp;&nbsp;Swish but don\'t spit it, swallow and I\'ll finish&nbsp;&nbsp;&nbsp;&nbsp;Yeah me and Nate d-o double g&nbsp;&nbsp;&nbsp;&nbsp;Looking fo a couple bs with some double d\'s&nbsp;&nbsp;&nbsp;&nbsp;Pop a little champagne and a couple E\'s&nbsp;&nbsp;&nbsp;&nbsp;Slip it in he bubbuly, we finna finna have a paty&nbsp;&nbsp;&nbsp;&nbsp;&nbsp;&nbsp;&nbsp;&nbsp;Have a paty tun the music up&nbsp;&nbsp;&nbsp;&nbsp;Let\'s get it stated Go head shake you butt&nbsp;&nbsp;&nbsp;&nbsp;I\'m lookin fo a gil I can  in my humme tuck&nbsp;&nbsp;&nbsp;&nbsp;Apple Bottom jeans and a big ol suck&nbsp;&nbsp;&nbsp;&nbsp;Some gils they act etaded&nbsp;&nbsp;&nbsp;&nbsp;Some gils ae bout it bout it&nbsp;&nbsp;&nbsp;&nbsp;I want a  that sit at the cib with no panties on&nbsp;&nbsp;&nbsp;&nbsp;Knows that she can\'t but she won\'t say no&nbsp;&nbsp;&nbsp;&nbsp;Now look at this lady all in font of me, y as can be&nbsp;&nbsp;&nbsp;&nbsp;Tonight I want a slut, will you be mine&nbsp;&nbsp;&nbsp;&nbsp;I head you was feaky fom a fiend of mine&nbsp;&nbsp;&nbsp;&nbsp;&nbsp;&nbsp;&nbsp;&nbsp;I\'ma hope you don\'t get mad at me&nbsp;&nbsp;&nbsp;&nbsp;But I told Nate you was a feak&nbsp;&nbsp;&nbsp;&nbsp;He said he wants a slut, hope you don\'t mind&nbsp;&nbsp;&nbsp;&nbsp;I told him that you like it fom behind&nbsp;&nbsp;&nbsp;&nbsp;&nbsp;&nbsp;&nbsp;&nbsp;Shake that ass fo me, shake that ass fo me&nbsp;&nbsp;&nbsp;&nbsp;Come on  gil, shake that ass fo me, shake that ass fo me&nbsp;&nbsp;&nbsp;&nbsp;Ohh gil, shake that ass fo me, shake that ass fo me&nbsp;&nbsp;&nbsp;&nbsp;Come on  gil, shake that ass fo me, shake that ass fo me&nbsp;&nbsp;&nbsp;&nbsp;We bout\' to have a paty tun the music up&nbsp;&nbsp;&nbsp;&nbsp;Let\'s get it stated go ahead shake that butt&nbsp;&nbsp;&nbsp;&nbsp;I\'m lookin fo a gil with a body and a y stut&nbsp;&nbsp;&nbsp;&nbsp;Wanna get it poppin baby step ight up&nbsp;&nbsp;&nbsp;&nbsp;Some gils they act etaded&nbsp;&nbsp;&nbsp;&nbsp;Some gils ae bout it bout it&nbsp;&nbsp;&nbsp;&nbsp;I\'m lookin fo a gil that will do whateve the &nbsp;&nbsp;&nbsp;&nbsp;I say eveday she be givin it up&nbsp;&nbsp;&nbsp;&nbsp;Thee she goes, shaking that ass on the floo&nbsp;&nbsp;&nbsp;&nbsp;&nbsp;&nbsp;&nbsp;&nbsp;Bumpin and gindin that pole&nbsp;&nbsp;&nbsp;&nbsp;The way she\'s gindin that pole&nbsp;&nbsp;&nbsp;&nbsp;I think I\'m losing contol&nbsp;&nbsp;&nbsp;&nbsp;God, come one&nbsp;&nbsp;&nbsp;&nbsp;&nbsp;&nbsp;&nbsp;&nbsp;I ain\'t leavin\' without you &nbsp;&nbsp;&nbsp;&nbsp;Come hee home with me&nbsp;&nbsp;&nbsp;&nbsp;Ample boy, and his boy, and this boy, and this gil&nbsp;&nbsp;&nbsp;&nbsp;haha, they call&nbsp;&nbsp;&nbsp;&nbsp;&nbsp;&nbsp;&nbsp;&nbsp;', '2020_02_14_10_50_07_007_474_667.mp3', '2020-02-14 10:50:08', '17572536'),
(112, 'Burn the House Down', 15, '2020_02_14_10_50_08_008_708_151.jpg', 'AJR', 'bypvsssy&nbsp;&nbsp;&nbsp;&nbsp;Used to keep it cool\r&nbsp;&nbsp;&nbsp;&nbsp;Used to be a fool\r&nbsp;&nbsp;&nbsp;&nbsp;All about the bounce in my step\r&nbsp;&nbsp;&nbsp;&nbsp;Watch it on the news\r&nbsp;&nbsp;&nbsp;&nbsp;Whatcha gonna do\r&nbsp;&nbsp;&nbsp;&nbsp;I could hit efesh and foget\r&nbsp;&nbsp;&nbsp;&nbsp;Used to keep it cool\r&nbsp;&nbsp;&nbsp;&nbsp;Should I keep it light\r&nbsp;&nbsp;&nbsp;&nbsp;Stay out of the fight\r&nbsp;&nbsp;&nbsp;&nbsp;No one’s gonna listen to me\r&nbsp;&nbsp;&nbsp;&nbsp;If I wite a song\r&nbsp;&nbsp;&nbsp;&nbsp;Peaching what is wong\r&nbsp;&nbsp;&nbsp;&nbsp;Will they let me sing on TV\r&nbsp;&nbsp;&nbsp;&nbsp;Should I keep it light\r&nbsp;&nbsp;&nbsp;&nbsp;Is that ight\r&nbsp;&nbsp;&nbsp;&nbsp;Is that ight\r&nbsp;&nbsp;&nbsp;&nbsp;Way up way up we go\r&nbsp;&nbsp;&nbsp;&nbsp;Been up and down that oad\r&nbsp;&nbsp;&nbsp;&nbsp;Way up way up, oh no\r&nbsp;&nbsp;&nbsp;&nbsp;We gon’ bun the whole house down\r&nbsp;&nbsp;&nbsp;&nbsp;Watch me stand in the line\r&nbsp;&nbsp;&nbsp;&nbsp;You’e only seving lies\r&nbsp;&nbsp;&nbsp;&nbsp;You’ve got something to hide\r&nbsp;&nbsp;&nbsp;&nbsp;We gon’ bun the whole house down\r&nbsp;&nbsp;&nbsp;&nbsp;We gon’ bun the whole house down\r&nbsp;&nbsp;&nbsp;&nbsp;Yeah\r&nbsp;&nbsp;&nbsp;&nbsp;Used to let it go\r&nbsp;&nbsp;&nbsp;&nbsp;Walk into the show\r&nbsp;&nbsp;&nbsp;&nbsp;Gawking at the ticks up you sleeve\r&nbsp;&nbsp;&nbsp;&nbsp;Too good to be tue\r&nbsp;&nbsp;&nbsp;&nbsp;But I’m in a oom\r&nbsp;&nbsp;&nbsp;&nbsp;Full of entetaines and thieves\r&nbsp;&nbsp;&nbsp;&nbsp;Used to let it go\r&nbsp;&nbsp;&nbsp;&nbsp;Woah, oh no\r&nbsp;&nbsp;&nbsp;&nbsp;Whoa, oh no\r&nbsp;&nbsp;&nbsp;&nbsp;Way up way up we go\r&nbsp;&nbsp;&nbsp;&nbsp;Been up and down that oad\r&nbsp;&nbsp;&nbsp;&nbsp;Way up way up, oh no\r&nbsp;&nbsp;&nbsp;&nbsp;We gon’ bun the whole house down\r&nbsp;&nbsp;&nbsp;&nbsp;Watch me stand in the line\r&nbsp;&nbsp;&nbsp;&nbsp;You’e only seving lies\r&nbsp;&nbsp;&nbsp;&nbsp;You’ve got something to hide\r&nbsp;&nbsp;&nbsp;&nbsp;We gon’ bun the whole house down\r&nbsp;&nbsp;&nbsp;&nbsp;We gon’ bun the whole house down\r&nbsp;&nbsp;&nbsp;&nbsp;We gon’ bun the whole house down\r&nbsp;&nbsp;&nbsp;&nbsp;Should I hang my head low\r&nbsp;&nbsp;&nbsp;&nbsp;Should I bite my tongue\r&nbsp;&nbsp;&nbsp;&nbsp;O should I mach with evey stange fom Twitte to get s done\r&nbsp;&nbsp;&nbsp;&nbsp;Used to hang my head low\r&nbsp;&nbsp;&nbsp;&nbsp;Now I hea it loud\r&nbsp;&nbsp;&nbsp;&nbsp;Evey stange fom Twitte is gonna bun this down\r&nbsp;&nbsp;&nbsp;&nbsp;Way up way up we go\r&nbsp;&nbsp;&nbsp;&nbsp;Been up and down that oad\r&nbsp;&nbsp;&nbsp;&nbsp;Way up way up, oh no\r&nbsp;&nbsp;&nbsp;&nbsp;We gon’ bun the whole house down\r&nbsp;&nbsp;&nbsp;&nbsp;Watch me stand in the line, whoa oh\r&nbsp;&nbsp;&nbsp;&nbsp;You’e only seving lies, yeah\r&nbsp;&nbsp;&nbsp;&nbsp;You’ve got something to hide\r&nbsp;&nbsp;&nbsp;&nbsp;We gon’ bun the whole house down\r&nbsp;&nbsp;&nbsp;&nbsp;Whoa oh, yeah\r&nbsp;&nbsp;&nbsp;&nbsp;We gon’ bun the whole house down\r&nbsp;&nbsp;&nbsp;&nbsp;We bun it down, we bun it down\r&nbsp;&nbsp;&nbsp;&nbsp;We gon’ bun the whole house down\r&nbsp;&nbsp;&nbsp;&nbsp;\r&nbsp;&nbsp;&nbsp;&nbsp;', '2020_02_14_10_50_08_008_749_24.mp3', '2020-02-14 10:50:09', '545655045'),
(113, 'Yes & No', 15, '2020_02_14_10_50_09_009_636_800.jpg', 'XYLØ', 'by岸边吃伴&nbsp;&nbsp;&nbsp;&nbsp;People say I\'m indecisive I am, I am&nbsp;&nbsp;&nbsp;&nbsp;If one day I hate it, then the next I\'ll pobably like it&nbsp;&nbsp;&nbsp;&nbsp;Do I feel like being alone, o with all of my fiends&nbsp;&nbsp;&nbsp;&nbsp;, I don\'t know if I should stay o if I should go&nbsp;&nbsp;&nbsp;&nbsp;&nbsp;&nbsp;&nbsp;&nbsp;I don\'t have the answes you need&nbsp;&nbsp;&nbsp;&nbsp;\'Cause I live in the in-between&nbsp;&nbsp;&nbsp;&nbsp;So if you put you bets on me&nbsp;&nbsp;&nbsp;&nbsp;You bette be down fo anything&nbsp;&nbsp;&nbsp;&nbsp;&nbsp;&nbsp;&nbsp;&nbsp;\'Cause I\'m like yes and no&nbsp;&nbsp;&nbsp;&nbsp;Wait, I don\'t know&nbsp;&nbsp;&nbsp;&nbsp;I think I\'m dyin\'&nbsp;&nbsp;&nbsp;&nbsp;Hold up, I\'m invincible&nbsp;&nbsp;&nbsp;&nbsp;Yeah, I\'m like yes Yes and no No&nbsp;&nbsp;&nbsp;&nbsp;Wait, I don\'t know&nbsp;&nbsp;&nbsp;&nbsp;I\'ll pull you close into me&nbsp;&nbsp;&nbsp;&nbsp;And I\'m pushin\' you away&nbsp;&nbsp;&nbsp;&nbsp;\'Cause I\'m like yes and no&nbsp;&nbsp;&nbsp;&nbsp;Wait, I don\'t know I don\'t know&nbsp;&nbsp;&nbsp;&nbsp;I think I\'m dyin\'&nbsp;&nbsp;&nbsp;&nbsp;Hold up, I\'m invincible That\'s ight&nbsp;&nbsp;&nbsp;&nbsp;Yeah, I\'m like yes Yes and no No&nbsp;&nbsp;&nbsp;&nbsp;Wait, I don\'t know&nbsp;&nbsp;&nbsp;&nbsp;I\'ll pull you close into me&nbsp;&nbsp;&nbsp;&nbsp;And I\'m pushin\' you away&nbsp;&nbsp;&nbsp;&nbsp;&nbsp;&nbsp;&nbsp;&nbsp;Don\'t know if I\'m feeling happy No&nbsp;&nbsp;&nbsp;&nbsp;I\'m kinda confused, I\'m not in the mood to ty and fix me Uh&nbsp;&nbsp;&nbsp;&nbsp;Do I feel like being alone, o with all of my fiends&nbsp;&nbsp;&nbsp;&nbsp;, I don\'t know if I should stay o if I should go&nbsp;&nbsp;&nbsp;&nbsp;&nbsp;&nbsp;&nbsp;&nbsp;I don\'t have the answes you need&nbsp;&nbsp;&nbsp;&nbsp;\'Cause I live in the in-between&nbsp;&nbsp;&nbsp;&nbsp;Ah&nbsp;&nbsp;&nbsp;&nbsp;&nbsp;&nbsp;&nbsp;&nbsp;\'Cause I\'m like yes and no&nbsp;&nbsp;&nbsp;&nbsp;Wait, I don\'t know&nbsp;&nbsp;&nbsp;&nbsp;I think I\'m dyin\'&nbsp;&nbsp;&nbsp;&nbsp;Hold up, I\'m invincible&nbsp;&nbsp;&nbsp;&nbsp;Yeah, I\'m like yes Yes and no No&nbsp;&nbsp;&nbsp;&nbsp;Wait, I don\'t know&nbsp;&nbsp;&nbsp;&nbsp;I\'ll pull you close into me&nbsp;&nbsp;&nbsp;&nbsp;And I\'m pushin\' you away&nbsp;&nbsp;&nbsp;&nbsp;\'Cause I\'m like yes and no&nbsp;&nbsp;&nbsp;&nbsp;Wait, I don\'t know I don\'t know&nbsp;&nbsp;&nbsp;&nbsp;I think I\'m dyin\'&nbsp;&nbsp;&nbsp;&nbsp;Hold up, I\'m invincible That\'s ight&nbsp;&nbsp;&nbsp;&nbsp;Yeah, I\'m like yes Yes and no No&nbsp;&nbsp;&nbsp;&nbsp;Wait, I don\'t know&nbsp;&nbsp;&nbsp;&nbsp;I\'ll pull you close into me&nbsp;&nbsp;&nbsp;&nbsp;And I\'m pushin\' you away&nbsp;&nbsp;&nbsp;&nbsp;&nbsp;&nbsp;&nbsp;&nbsp;Hi Paige, this is Liz&nbsp;&nbsp;&nbsp;&nbsp;Would you give me a call, please&nbsp;&nbsp;&nbsp;&nbsp;Thank you&nbsp;&nbsp;&nbsp;&nbsp;&nbsp;&nbsp;&nbsp;&nbsp;I think I\'m dyin\'&nbsp;&nbsp;&nbsp;&nbsp;Hold up, I\'m invincible&nbsp;&nbsp;&nbsp;&nbsp;Yes, no&nbsp;&nbsp;&nbsp;&nbsp;I\'ll pull you close into me&nbsp;&nbsp;&nbsp;&nbsp;And I\'m pushin\' you away&nbsp;&nbsp;&nbsp;&nbsp;&nbsp;&nbsp;&nbsp;&nbsp;\'Cause I\'m like yes Yes and no No&nbsp;&nbsp;&nbsp;&nbsp;Wait, I don\'t know I don\'t know&nbsp;&nbsp;&nbsp;&nbsp;I think I\'m dyin\'&nbsp;&nbsp;&nbsp;&nbsp;Hold up, I\'m invincible That\'s ight&nbsp;&nbsp;&nbsp;&nbsp;Yeah, I\'m like yes Yes and no No&nbsp;&nbsp;&nbsp;&nbsp;Wait, I don\'t know&nbsp;&nbsp;&nbsp;&nbsp;I\'ll pull you close into me&nbsp;&nbsp;&nbsp;&nbsp;And I\'m pushin\' you away&nbsp;&nbsp;&nbsp;&nbsp;&nbsp;&nbsp;&nbsp;&nbsp;Paige L Duddy&nbsp;&nbsp;&nbsp;&nbsp;', '2020_02_14_10_50_09_009_101_55.mp3', '2020-02-14 10:50:09', '1370901308'),
(114, '一程欢喜——罗再说《差三岁》行骋×宁玺同人曲', 15, '2020_02_14_10_50_10_010_849_115.jpg', '杏漪', '一程欢喜&nbsp;&nbsp;&nbsp;&nbsp;——罗再说《差三岁》行骋×宁玺同人&nbsp;&nbsp;&nbsp;&nbsp;原著：罗再说《差三岁》&nbsp;&nbsp;&nbsp;&nbsp;策划：超心塞【一闻不鸣原创团队】&nbsp;&nbsp;&nbsp;&nbsp;作词：杏漪【一闻不鸣原创团队】&nbsp;&nbsp;&nbsp;&nbsp;作编曲：西诺风&nbsp;&nbsp;&nbsp;&nbsp;演唱：行骋-畅畅酱 宁玺-文君也&nbsp;&nbsp;&nbsp;&nbsp;混音：小敏&nbsp;&nbsp;&nbsp;&nbsp;曲绘：VON&nbsp;&nbsp;&nbsp;&nbsp;PV：长安&nbsp;&nbsp;&nbsp;&nbsp;出品：一闻不鸣原创团队&nbsp;&nbsp;&nbsp;&nbsp;【行骋】&nbsp;&nbsp;&nbsp;&nbsp;具体我也记不清&nbsp;&nbsp;&nbsp;&nbsp;是从何时起 偶然见到的云&nbsp;&nbsp;&nbsp;&nbsp;拧开汽水的声音 和淋过的雨&nbsp;&nbsp;&nbsp;&nbsp;都与你相关 与你联系紧密&nbsp;&nbsp;&nbsp;&nbsp;连带着无数回忆都染上你的气息&nbsp;&nbsp;&nbsp;&nbsp;无一不是你&nbsp;&nbsp;&nbsp;&nbsp;【宁玺】&nbsp;&nbsp;&nbsp;&nbsp;你是于我另一个家&nbsp;&nbsp;&nbsp;&nbsp;补上空缺多年的差&nbsp;&nbsp;&nbsp;&nbsp;是我原本无趣的年华&nbsp;&nbsp;&nbsp;&nbsp;还能说是生动鲜活唯一表达&nbsp;&nbsp;&nbsp;&nbsp;&nbsp;&nbsp;&nbsp;&nbsp;【行骋】&nbsp;&nbsp;&nbsp;&nbsp;你是需谨记虔诚教义&nbsp;&nbsp;&nbsp;&nbsp;【宁玺】&nbsp;&nbsp;&nbsp;&nbsp;你是盛夏里晴朗天气&nbsp;&nbsp;&nbsp;&nbsp;【合】&nbsp;&nbsp;&nbsp;&nbsp;是独属于我的青春&nbsp;&nbsp;&nbsp;&nbsp;是我对生活的期许&nbsp;&nbsp;&nbsp;&nbsp;和未来的坚定&nbsp;&nbsp;&nbsp;&nbsp;【宁玺】&nbsp;&nbsp;&nbsp;&nbsp;我记下你的身影&nbsp;&nbsp;&nbsp;&nbsp;划过我眼睛的每一缕痕印&nbsp;&nbsp;&nbsp;&nbsp;记下你给的欢喜和心动轨迹&nbsp;&nbsp;&nbsp;&nbsp;我时常温习 在无数日子里&nbsp;&nbsp;&nbsp;&nbsp;悄悄攥紧 让这份炽烈逗留掌心&nbsp;&nbsp;&nbsp;&nbsp;来捱过冷清&nbsp;&nbsp;&nbsp;&nbsp;【行骋】&nbsp;&nbsp;&nbsp;&nbsp;你是落款为我的信&nbsp;&nbsp;&nbsp;&nbsp;灯下铺陈行间字里&nbsp;&nbsp;&nbsp;&nbsp;难以列出严谨的数据&nbsp;&nbsp;&nbsp;&nbsp;却一横一撇都在为我说爱你&nbsp;&nbsp;&nbsp;&nbsp;【宁玺】&nbsp;&nbsp;&nbsp;&nbsp;你是最心切归程千里&nbsp;&nbsp;&nbsp;&nbsp;【行骋】&nbsp;&nbsp;&nbsp;&nbsp;你是最温柔绵长呼吸&nbsp;&nbsp;&nbsp;&nbsp;【合】&nbsp;&nbsp;&nbsp;&nbsp;在空荡荡的房间里&nbsp;&nbsp;&nbsp;&nbsp;你用怀抱构建天地&nbsp;&nbsp;&nbsp;&nbsp;所以孤寂再也无法紧逼&nbsp;&nbsp;&nbsp;&nbsp;【行骋】&nbsp;&nbsp;&nbsp;&nbsp;你是难藏匿&nbsp;&nbsp;&nbsp;&nbsp;是我昭告天下的野心&nbsp;&nbsp;&nbsp;&nbsp;【宁玺】&nbsp;&nbsp;&nbsp;&nbsp;你是灿烂也是隐秘&nbsp;&nbsp;&nbsp;&nbsp;【合】&nbsp;&nbsp;&nbsp;&nbsp;你是我积攒的运气&nbsp;&nbsp;&nbsp;&nbsp;豪掷在童话的结局&nbsp;&nbsp;&nbsp;&nbsp;【合】&nbsp;&nbsp;&nbsp;&nbsp;你是我要奔去拥抱的无惧&nbsp;&nbsp;&nbsp;&nbsp;你是我要努力爱自己的意义&nbsp;&nbsp;&nbsp;&nbsp;你是走过一程的欢喜&nbsp;&nbsp;&nbsp;&nbsp;一程是从城市&nbsp;&nbsp;&nbsp;&nbsp;到四季、一生的距离', '2020_02_14_10_50_10_010_725_867.mp3', '2020-02-14 10:50:11', '1421710893'),
(115, '干杯（Cover 五月天）', 15, '2020_02_14_10_50_11_011_419_402.jpg', '龚林naoki', 'bychanhousang&nbsp;&nbsp;&nbsp;&nbsp;&nbsp;&nbsp;&nbsp;&nbsp;会不会 有一天 时间真的能倒退&nbsp;&nbsp;&nbsp;&nbsp;退回 你的我的 回不去 的悠悠的岁月&nbsp;&nbsp;&nbsp;&nbsp;也许会 有一天 世界真的有终点&nbsp;&nbsp;&nbsp;&nbsp;也要和你举起回忆酿的甜 和你再干一杯&nbsp;&nbsp;&nbsp;&nbsp;&nbsp;&nbsp;&nbsp;&nbsp;如果说 要我选出 代表青春 那个画面&nbsp;&nbsp;&nbsp;&nbsp;浮现了 那滴眼泪 那片蓝天 那年毕业&nbsp;&nbsp;&nbsp;&nbsp;那一张 边哭边笑 还要拥抱 是你的脸&nbsp;&nbsp;&nbsp;&nbsp;想起来 可爱可怜 可歌可泣 可是多怀念&nbsp;&nbsp;&nbsp;&nbsp;怀念总是 突然怀念 不谈条件&nbsp;&nbsp;&nbsp;&nbsp;当回忆 冲破考卷 冲出岁月 在我眼前&nbsp;&nbsp;&nbsp;&nbsp;我和你 留着汗水 喝着汽水 在操场边&nbsp;&nbsp;&nbsp;&nbsp;说好了 无论如何 一起走到 未来的世界&nbsp;&nbsp;&nbsp;&nbsp;现在就是 那个未来 那个世界&nbsp;&nbsp;&nbsp;&nbsp;为什么 你的身边 我的身边 不是同一边&nbsp;&nbsp;&nbsp;&nbsp;友情曾像 诺亚方舟 坚强誓言&nbsp;&nbsp;&nbsp;&nbsp;只是我 望着海面 等着永远 模糊了视线&nbsp;&nbsp;&nbsp;&nbsp;会不会 有一天 时间真的能倒退&nbsp;&nbsp;&nbsp;&nbsp;退回 你的我的 回不去的 悠悠的岁月&nbsp;&nbsp;&nbsp;&nbsp;也许会 有一天 世界真的有终点&nbsp;&nbsp;&nbsp;&nbsp;也要和你举起回忆酿的甜 和你再干一杯&nbsp;&nbsp;&nbsp;&nbsp;&nbsp;&nbsp;&nbsp;&nbsp;这些年 买了四轮 买了手表 买了单眼&nbsp;&nbsp;&nbsp;&nbsp;却发现 追不到的 停不了的 还是那些&nbsp;&nbsp;&nbsp;&nbsp;人生是 只有认命 只能宿命 只好宿醉&nbsp;&nbsp;&nbsp;&nbsp;只剩下 高的笑点 低的哭点 却没成熟点&nbsp;&nbsp;&nbsp;&nbsp;成熟就是 幻想幻灭 一场磨练&nbsp;&nbsp;&nbsp;&nbsp;为什么 只有梦想 越磨越小 小到不见&nbsp;&nbsp;&nbsp;&nbsp;有时候 好想流泪 好想流泪 却没眼泪&nbsp;&nbsp;&nbsp;&nbsp;期待会 你会不会 他会不会 开个同学会&nbsp;&nbsp;&nbsp;&nbsp;他在等你 你在等我 我在等谁&nbsp;&nbsp;&nbsp;&nbsp;又是谁 孩子没睡 电话没电 心情没准备&nbsp;&nbsp;&nbsp;&nbsp;天空不断 黑了又亮 亮了又黑&nbsp;&nbsp;&nbsp;&nbsp;那光阴 沧海桑田 远走高飞 再没力气追&nbsp;&nbsp;&nbsp;&nbsp;会不会 有一天 时间真的能倒退&nbsp;&nbsp;&nbsp;&nbsp;退回 你的我的 回不去的 悠悠的岁月&nbsp;&nbsp;&nbsp;&nbsp;也许会 有一天 世界真的有终点&nbsp;&nbsp;&nbsp;&nbsp;也要和你举起回忆酿的甜 和你再干一杯&nbsp;&nbsp;&nbsp;&nbsp;&nbsp;&nbsp;&nbsp;&nbsp;会不会 有一天 时间真的能倒退&nbsp;&nbsp;&nbsp;&nbsp;退回 你的我的 回不去的 悠悠的岁月&nbsp;&nbsp;&nbsp;&nbsp;也许会 有一天 世界真的有终点&nbsp;&nbsp;&nbsp;&nbsp;也要和你举起回忆酿的甜 和你再干一杯&nbsp;&nbsp;&nbsp;&nbsp;终究会 有一天 我们都变成昨天&nbsp;&nbsp;&nbsp;&nbsp;是你 陪我走过 一生一回 匆匆的人间&nbsp;&nbsp;&nbsp;&nbsp;有一天 就是今天 今天就是有一天&nbsp;&nbsp;&nbsp;&nbsp;说出一直没说 对你的感谢 和你再干一杯&nbsp;&nbsp;&nbsp;&nbsp;再干一杯永远 喝了就能万岁 岁岁和年年&nbsp;&nbsp;&nbsp;&nbsp;时间都停了 他们都回来了&nbsp;&nbsp;&nbsp;&nbsp;怀念的人啊 等你的来到&nbsp;&nbsp;&nbsp;&nbsp;时间都停了 他们都回来了&nbsp;&nbsp;&nbsp;&nbsp;怀念的人啊 等你的来到&nbsp;&nbsp;&nbsp;&nbsp;&nbsp;&nbsp;&nbsp;&nbsp;', '2020_02_14_10_50_11_011_123_920.mp3', '2020-02-14 10:50:11', '489927742'),
(116, '成都（指弹吉他版）', 15, '2020_02_14_10_50_11_011_917_186.jpg', '杨昊昆', '暂无歌词', '2020_02_14_10_50_11_011_361_338.mp3', '2020-02-14 10:50:11', '459227467'),
(117, '你曾是少年（Cover SHE）', 15, '2020_02_14_10_50_12_012_584_676.jpg', '贺铭洋&富江', 'by他说他是太阳&nbsp;&nbsp;&nbsp;&nbsp;ti你曾是少年（Cove SHE）\r&nbsp;&nbsp;&nbsp;&nbsp;a贺铭洋&富江\r&nbsp;&nbsp;&nbsp;&nbsp;al你曾是少年（Cove SHE）\r&nbsp;&nbsp;&nbsp;&nbsp;by他叫小太阳\r&nbsp;&nbsp;&nbsp;&nbsp;有些时候 你怀念从前日子\r&nbsp;&nbsp;&nbsp;&nbsp;\r&nbsp;&nbsp;&nbsp;&nbsp;可天真离开时 你却没说一个字\r&nbsp;&nbsp;&nbsp;&nbsp;\r&nbsp;&nbsp;&nbsp;&nbsp;你只是挥一挥手 像扔掉废纸\r&nbsp;&nbsp;&nbsp;&nbsp;\r&nbsp;&nbsp;&nbsp;&nbsp;说是人生必经的事\r&nbsp;&nbsp;&nbsp;&nbsp;\r&nbsp;&nbsp;&nbsp;&nbsp;酒喝到七分 却又感觉怅然若失\r&nbsp;&nbsp;&nbsp;&nbsp;\r&nbsp;&nbsp;&nbsp;&nbsp;镜子里面 像看到人生终点\r&nbsp;&nbsp;&nbsp;&nbsp;\r&nbsp;&nbsp;&nbsp;&nbsp;或许再过上几年 你也有张虚伪的脸\r&nbsp;&nbsp;&nbsp;&nbsp;\r&nbsp;&nbsp;&nbsp;&nbsp;难道我们 是为了这样 才来到这世上\r&nbsp;&nbsp;&nbsp;&nbsp;\r&nbsp;&nbsp;&nbsp;&nbsp;这问题来不及想\r&nbsp;&nbsp;&nbsp;&nbsp;\r&nbsp;&nbsp;&nbsp;&nbsp;每一天一年 总是匆匆忙忙\r&nbsp;&nbsp;&nbsp;&nbsp;\r&nbsp;&nbsp;&nbsp;&nbsp;你我来自湖北四川广西宁夏河南山东贵州云南的小镇乡村\r&nbsp;&nbsp;&nbsp;&nbsp;\r&nbsp;&nbsp;&nbsp;&nbsp;曾经发誓 要做了不起的人\r&nbsp;&nbsp;&nbsp;&nbsp;\r&nbsp;&nbsp;&nbsp;&nbsp;却在北京上海广州深圳某天夜半忽然醒来 站在寂寞的阳台\r&nbsp;&nbsp;&nbsp;&nbsp;\r&nbsp;&nbsp;&nbsp;&nbsp;只想从这无边的寂寞中逃出来\r&nbsp;&nbsp;&nbsp;&nbsp;\r&nbsp;&nbsp;&nbsp;&nbsp;许多年前 你有一双清澈的双眼\r&nbsp;&nbsp;&nbsp;&nbsp;\r&nbsp;&nbsp;&nbsp;&nbsp;奔跑起来 像是一道春天的闪电\r&nbsp;&nbsp;&nbsp;&nbsp;\r&nbsp;&nbsp;&nbsp;&nbsp;想看遍这世界 去最遥远的远方\r&nbsp;&nbsp;&nbsp;&nbsp;\r&nbsp;&nbsp;&nbsp;&nbsp;感觉有双翅膀 能飞越高山和海洋\r&nbsp;&nbsp;&nbsp;&nbsp;\r&nbsp;&nbsp;&nbsp;&nbsp;许多年前 你曾是个朴素的少年\r&nbsp;&nbsp;&nbsp;&nbsp;\r&nbsp;&nbsp;&nbsp;&nbsp;爱上一个人 就不怕付出自己一生\r&nbsp;&nbsp;&nbsp;&nbsp;\r&nbsp;&nbsp;&nbsp;&nbsp;相信爱会永恒 相信每个陌生人\r&nbsp;&nbsp;&nbsp;&nbsp;\r&nbsp;&nbsp;&nbsp;&nbsp;相信你会成为最想成为的人\r&nbsp;&nbsp;&nbsp;&nbsp;\r&nbsp;&nbsp;&nbsp;&nbsp;习惯说谎 就是变得成熟了吗\r&nbsp;&nbsp;&nbsp;&nbsp;\r&nbsp;&nbsp;&nbsp;&nbsp;有一套房子之后 才能去爱别人吗\r&nbsp;&nbsp;&nbsp;&nbsp;\r&nbsp;&nbsp;&nbsp;&nbsp;总是以为 成功之后 就能抚平伤痕\r&nbsp;&nbsp;&nbsp;&nbsp;\r&nbsp;&nbsp;&nbsp;&nbsp;欲望边埋着 错过的人\r&nbsp;&nbsp;&nbsp;&nbsp;\r&nbsp;&nbsp;&nbsp;&nbsp;当青春耗尽 只剩面目可憎\r&nbsp;&nbsp;&nbsp;&nbsp;\r&nbsp;&nbsp;&nbsp;&nbsp;你我来自湖北四川广西宁夏河南山东贵州云南的小镇乡村\r&nbsp;&nbsp;&nbsp;&nbsp;\r&nbsp;&nbsp;&nbsp;&nbsp;曾经发誓 要做了不起的人\r&nbsp;&nbsp;&nbsp;&nbsp;\r&nbsp;&nbsp;&nbsp;&nbsp;却在北京上海广州深圳某天夜半忽然醒来 像被命运叫醒了\r&nbsp;&nbsp;&nbsp;&nbsp;\r&nbsp;&nbsp;&nbsp;&nbsp;它说你不能就这样过完一生\r&nbsp;&nbsp;&nbsp;&nbsp;\r&nbsp;&nbsp;&nbsp;&nbsp;许多年前 你有一双清澈的双眼\r&nbsp;&nbsp;&nbsp;&nbsp;\r&nbsp;&nbsp;&nbsp;&nbsp;奔跑起来 像是一道春天的闪电\r&nbsp;&nbsp;&nbsp;&nbsp;\r&nbsp;&nbsp;&nbsp;&nbsp;想看遍这世界 去最遥远的远方\r&nbsp;&nbsp;&nbsp;&nbsp;\r&nbsp;&nbsp;&nbsp;&nbsp;感觉有双翅膀 能飞越高山和海洋\r&nbsp;&nbsp;&nbsp;&nbsp;\r&nbsp;&nbsp;&nbsp;&nbsp;许多年前 我曾是个朴素的少年\r&nbsp;&nbsp;&nbsp;&nbsp;\r&nbsp;&nbsp;&nbsp;&nbsp;爱上一个人 就不怕付出自己一生\r&nbsp;&nbsp;&nbsp;&nbsp;\r&nbsp;&nbsp;&nbsp;&nbsp;相信爱会永恒 相信每个陌生人\r&nbsp;&nbsp;&nbsp;&nbsp;\r&nbsp;&nbsp;&nbsp;&nbsp;相信你会成为最想成为的人\r&nbsp;&nbsp;&nbsp;&nbsp;\r&nbsp;&nbsp;&nbsp;&nbsp;当我和世界初相见 当我曾经是少年\r&nbsp;&nbsp;&nbsp;&nbsp;\r&nbsp;&nbsp;&nbsp;&nbsp;', '2020_02_14_10_50_12_012_344_103.mp3', '2020-02-14 10:50:12', '477653228'),
(118, '我心血来潮你随便听听', 16, '2020_02_14_10_50_13_013_863_721.jpg', '少司命', '我厌学了！', '2020_02_14_10_50_13_013_300_705.mp3', '2020-02-14 10:50:14', '1398981868'),
(119, '春到了', 16, '2020_02_14_10_50_14_014_495_393.jpg', '黄小琥', '屋檐的黑瓦上有睡着了的猫&nbsp;&nbsp;&nbsp;&nbsp;风儿吹过了窗花 跺了一下脚&nbsp;&nbsp;&nbsp;&nbsp;新写的对联墨香飘在门前绕&nbsp;&nbsp;&nbsp;&nbsp;新年到 冬天也就远了&nbsp;&nbsp;&nbsp;&nbsp;&nbsp;&nbsp;&nbsp;&nbsp;早开的烟花尽情在夜空燃烧&nbsp;&nbsp;&nbsp;&nbsp;想家的孩子在归途上摇啊摇&nbsp;&nbsp;&nbsp;&nbsp;下一站过了那山家就在眉梢&nbsp;&nbsp;&nbsp;&nbsp;新年到 春天也就近了&nbsp;&nbsp;&nbsp;&nbsp;&nbsp;&nbsp;&nbsp;&nbsp;就快长一岁 过去的进酒干一杯&nbsp;&nbsp;&nbsp;&nbsp;别怕老一岁 看那朵寒梅多么美&nbsp;&nbsp;&nbsp;&nbsp;&nbsp;&nbsp;&nbsp;&nbsp;谁家的姥姥在炊烟里哼着调&nbsp;&nbsp;&nbsp;&nbsp;围炉的炭火暖了爹娘的微笑&nbsp;&nbsp;&nbsp;&nbsp;走过了千山万水还是家最好&nbsp;&nbsp;&nbsp;&nbsp;新年到 「福」字也倒写了&nbsp;&nbsp;&nbsp;&nbsp;&nbsp;&nbsp;&nbsp;&nbsp;就快长一岁 那压岁的红给了谁&nbsp;&nbsp;&nbsp;&nbsp;别怕老一岁 光阴的滋味更甜美&nbsp;&nbsp;&nbsp;&nbsp;&nbsp;&nbsp;&nbsp;&nbsp;新年好 愿来年天天都好&nbsp;&nbsp;&nbsp;&nbsp;一路上 花开知多少&nbsp;&nbsp;&nbsp;&nbsp;愿幸福既来得早也来得巧&nbsp;&nbsp;&nbsp;&nbsp;阖家人 常聚常欢笑&nbsp;&nbsp;&nbsp;&nbsp;&nbsp;&nbsp;&nbsp;&nbsp;新年好 愿来年步步升高&nbsp;&nbsp;&nbsp;&nbsp;眺望着 朝阳无限好&nbsp;&nbsp;&nbsp;&nbsp;愿上苍 听闻人间每个祝祷&nbsp;&nbsp;&nbsp;&nbsp;春到了 岁岁有今朝&nbsp;&nbsp;&nbsp;&nbsp;&nbsp;&nbsp;&nbsp;&nbsp;庭院的落叶留在台阶上 别扫&nbsp;&nbsp;&nbsp;&nbsp;把福气留在门里 儿孙姻缘好&nbsp;&nbsp;&nbsp;&nbsp;愿游子心里的少年 永远年少&nbsp;&nbsp;&nbsp;&nbsp;新年到 日日春 年年好&nbsp;&nbsp;&nbsp;&nbsp;&nbsp;&nbsp;&nbsp;&nbsp;&nbsp;&nbsp;&nbsp;&nbsp;&nbsp;&nbsp;&nbsp;&nbsp;编曲：周菲比Phebe Chou&nbsp;&nbsp;&nbsp;&nbsp;制作：李正帆 Lee Cheng Fan&nbsp;&nbsp;&nbsp;&nbsp;混音：杨大纬 Dave Yang&nbsp;&nbsp;&nbsp;&nbsp;录音室：彷彿客栈录音室 Asif Recoding Studio&nbsp;&nbsp;&nbsp;&nbsp;混音录音室：杨大纬录音工作室 Dave Yang Recoding Studio', '2020_02_14_10_50_14_014_851_722.mp3', '2020-02-14 10:50:15', '1415327165'),
(120, '卑微', 16, '2020_02_14_10_50_15_015_164_757.jpg', 'Person', '作词作曲 By 庄浩&nbsp;&nbsp;&nbsp;&nbsp;Beat By Edoby&nbsp;&nbsp;&nbsp;&nbsp;和声 By 李焕&nbsp;&nbsp;&nbsp;&nbsp;小提琴 By 黄琪虹&nbsp;&nbsp;&nbsp;&nbsp;封面 By CRI$T&nbsp;&nbsp;&nbsp;&nbsp;Mixed By Agod Studio&nbsp;&nbsp;&nbsp;&nbsp;窗外的风景哪一秒是为我而停&nbsp;&nbsp;&nbsp;&nbsp;失眠的流星划过我拼不起的心&nbsp;&nbsp;&nbsp;&nbsp;没灭的烟蒂燃烧着我们的回忆&nbsp;&nbsp;&nbsp;&nbsp;今天没下雨天空却依旧是多云&nbsp;&nbsp;&nbsp;&nbsp;&nbsp;&nbsp;&nbsp;&nbsp;哦我到底在等什么&nbsp;&nbsp;&nbsp;&nbsp;等到天都黑了天又亮了直到我不记得&nbsp;&nbsp;&nbsp;&nbsp;哦我到底在等什么&nbsp;&nbsp;&nbsp;&nbsp;我把你变成借口充当我失眠的理由&nbsp;&nbsp;&nbsp;&nbsp;就在黑暗中我一直坠落&nbsp;&nbsp;&nbsp;&nbsp;脑海中那深邃又神秘的眼眸&nbsp;&nbsp;&nbsp;&nbsp;&nbsp;&nbsp;&nbsp;&nbsp;我一直流泪却变得卑微&nbsp;&nbsp;&nbsp;&nbsp;恭喜你成功的把我给摧毀&nbsp;&nbsp;&nbsp;&nbsp;但我依然miss you　miss you&nbsp;&nbsp;&nbsp;&nbsp;但我依然miss you　miss you　　&nbsp;&nbsp;&nbsp;&nbsp;&nbsp;&nbsp;&nbsp;&nbsp;在你的心里我到底算不算多余&nbsp;&nbsp;&nbsp;&nbsp;是愉快的回忆还是不精彩的过去&nbsp;&nbsp;&nbsp;&nbsp;每当想起你我总是笑得不经意&nbsp;&nbsp;&nbsp;&nbsp;总抱着希望幻想再一次拥抱你&nbsp;&nbsp;&nbsp;&nbsp;哦我到底在等什么&nbsp;&nbsp;&nbsp;&nbsp;我等到花儿都谢了花又开了直到我不记得&nbsp;&nbsp;&nbsp;&nbsp;哦我到底在等什么&nbsp;&nbsp;&nbsp;&nbsp;我把你变成借口充当我失眠的理由&nbsp;&nbsp;&nbsp;&nbsp;i want you know i miss you miss you&nbsp;&nbsp;&nbsp;&nbsp;i wanna know i miss you miss you&nbsp;&nbsp;&nbsp;&nbsp;i wanna know i miss you miss you&nbsp;&nbsp;&nbsp;&nbsp;i wanna know i miss you miss you&nbsp;&nbsp;&nbsp;&nbsp;&nbsp;&nbsp;&nbsp;&nbsp;&nbsp;&nbsp;&nbsp;&nbsp;滚动by莲花', '2020_02_14_10_50_15_015_525_216.mp3', '2020-02-14 10:50:17', '1398375715');
INSERT INTO `music` (`id`, `musicname`, `typeid`, `image`, `singer`, `lyric`, `url`, `createtime`, `wid`) VALUES
(121, 'Woah x3', 16, '2020_02_14_10_50_17_017_797_190.jpg', 'YOUNG13DBABY', '看到你后&nbsp;&nbsp;&nbsp;&nbsp;我不要走&nbsp;&nbsp;&nbsp;&nbsp;你电话的号码 I wanna know&nbsp;&nbsp;&nbsp;&nbsp;街边雨后&nbsp;&nbsp;&nbsp;&nbsp;牵你的手&nbsp;&nbsp;&nbsp;&nbsp;淋湿的外套里你的宇宙&nbsp;&nbsp;&nbsp;&nbsp;我知道你的所有秘密&nbsp;&nbsp;&nbsp;&nbsp;我在你家楼下等你&nbsp;&nbsp;&nbsp;&nbsp;就算遇到你的爸爸&nbsp;&nbsp;&nbsp;&nbsp;但我还是不想那么快的回去&nbsp;&nbsp;&nbsp;&nbsp;在星期六&nbsp;&nbsp;&nbsp;&nbsp;告白气球&nbsp;&nbsp;&nbsp;&nbsp;偷偷的 躲在你房间里头&nbsp;&nbsp;&nbsp;&nbsp;我知道你爸爸不喜欢我&nbsp;&nbsp;&nbsp;&nbsp;就在六点半以后&nbsp;&nbsp;&nbsp;&nbsp;送你回到家里头&nbsp;&nbsp;&nbsp;&nbsp;我和你逃课在慵懒午后&nbsp;&nbsp;&nbsp;&nbsp;我们才不想以后&nbsp;&nbsp;&nbsp;&nbsp;我要带你一起走&nbsp;&nbsp;&nbsp;&nbsp;Woah Woah Woah&nbsp;&nbsp;&nbsp;&nbsp;就在六点半以后&nbsp;&nbsp;&nbsp;&nbsp;送你回到家里头&nbsp;&nbsp;&nbsp;&nbsp;Woah Woah Woah&nbsp;&nbsp;&nbsp;&nbsp;我们才不想以后&nbsp;&nbsp;&nbsp;&nbsp;我要带你一起走&nbsp;&nbsp;&nbsp;&nbsp;Woah Woah Woah&nbsp;&nbsp;&nbsp;&nbsp;就在六点半以后&nbsp;&nbsp;&nbsp;&nbsp;送你回到家里头&nbsp;&nbsp;&nbsp;&nbsp;Woah Woah Woah&nbsp;&nbsp;&nbsp;&nbsp;我们才不想以后&nbsp;&nbsp;&nbsp;&nbsp;我要带你一起走&nbsp;&nbsp;&nbsp;&nbsp;Du du du du da da Woah woah woah&nbsp;&nbsp;&nbsp;&nbsp;看到你后&nbsp;&nbsp;&nbsp;&nbsp;我不要走&nbsp;&nbsp;&nbsp;&nbsp;你电话的号码 I wanna know&nbsp;&nbsp;&nbsp;&nbsp;街边雨后&nbsp;&nbsp;&nbsp;&nbsp;牵你的手&nbsp;&nbsp;&nbsp;&nbsp;淋湿的外套里你的宇宙&nbsp;&nbsp;&nbsp;&nbsp;我知道你的所有秘密&nbsp;&nbsp;&nbsp;&nbsp;我在你家楼下等你&nbsp;&nbsp;&nbsp;&nbsp;就算遇到你的爸爸&nbsp;&nbsp;&nbsp;&nbsp;但我还是不想那么快的回去&nbsp;&nbsp;&nbsp;&nbsp;在星期六&nbsp;&nbsp;&nbsp;&nbsp;告白气球&nbsp;&nbsp;&nbsp;&nbsp;偷偷的 躲在你房间里头&nbsp;&nbsp;&nbsp;&nbsp;我知道你爸爸不喜欢我&nbsp;&nbsp;&nbsp;&nbsp;就在六点半以后&nbsp;&nbsp;&nbsp;&nbsp;送你回到家里头&nbsp;&nbsp;&nbsp;&nbsp;我和你逃课在慵懒午后&nbsp;&nbsp;&nbsp;&nbsp;我们才不想以后&nbsp;&nbsp;&nbsp;&nbsp;我要带你一起走&nbsp;&nbsp;&nbsp;&nbsp;Woah Woah Woah&nbsp;&nbsp;&nbsp;&nbsp;就在六点半以后&nbsp;&nbsp;&nbsp;&nbsp;送你回到家里头&nbsp;&nbsp;&nbsp;&nbsp;Woah Woah Woah&nbsp;&nbsp;&nbsp;&nbsp;我们才不想以后&nbsp;&nbsp;&nbsp;&nbsp;我要带你一起走&nbsp;&nbsp;&nbsp;&nbsp;Woah Woah Woah&nbsp;&nbsp;&nbsp;&nbsp;就在六点半以后&nbsp;&nbsp;&nbsp;&nbsp;送你回到家里头&nbsp;&nbsp;&nbsp;&nbsp;Woah Woah Woah&nbsp;&nbsp;&nbsp;&nbsp;我们才不想以后&nbsp;&nbsp;&nbsp;&nbsp;我要带你一起走', '2020_02_14_10_50_17_017_535_863.mp3', '2020-02-14 10:50:17', '1404070681'),
(122, 'LEAN BACK', 16, '2020_02_14_10_50_18_018_417_144.jpg', 'SUR', 'by锐椎濂暗墨&nbsp;&nbsp;&nbsp;&nbsp;\r&nbsp;&nbsp;&nbsp;&nbsp;They told me that I need a gun to be a man\r&nbsp;&nbsp;&nbsp;&nbsp; \r&nbsp;&nbsp;&nbsp;&nbsp;But if I hold it in you face \r&nbsp;&nbsp;&nbsp;&nbsp; \r&nbsp;&nbsp;&nbsp;&nbsp;I get the fist that a poo mans cuse\r&nbsp;&nbsp;&nbsp;&nbsp; \r&nbsp;&nbsp;&nbsp;&nbsp;I put my body at the bottom \r&nbsp;&nbsp;&nbsp;&nbsp; \r&nbsp;&nbsp;&nbsp;&nbsp;Of the lake and let it go\r&nbsp;&nbsp;&nbsp;&nbsp; \r&nbsp;&nbsp;&nbsp;&nbsp; I spent all night fishing\r&nbsp;&nbsp;&nbsp;&nbsp; \r&nbsp;&nbsp;&nbsp;&nbsp;Fo a dead mans soul\r&nbsp;&nbsp;&nbsp;&nbsp; \r&nbsp;&nbsp;&nbsp;&nbsp;You\'e execising you beast\r&nbsp;&nbsp;&nbsp;&nbsp; \r&nbsp;&nbsp;&nbsp;&nbsp;While the sunset sinks down below\r&nbsp;&nbsp;&nbsp;&nbsp; \r&nbsp;&nbsp;&nbsp;&nbsp;Just lean back and let it go\r&nbsp;&nbsp;&nbsp;&nbsp; \r&nbsp;&nbsp;&nbsp;&nbsp;Just lean back and let it go\r&nbsp;&nbsp;&nbsp;&nbsp; \r&nbsp;&nbsp;&nbsp;&nbsp;I wanted to take you to the wates edge \r&nbsp;&nbsp;&nbsp;&nbsp; \r&nbsp;&nbsp;&nbsp;&nbsp;To wash away you sins \r&nbsp;&nbsp;&nbsp;&nbsp; \r&nbsp;&nbsp;&nbsp;&nbsp;But you wee sleeping all day \r&nbsp;&nbsp;&nbsp;&nbsp; \r&nbsp;&nbsp;&nbsp;&nbsp;That\'s you favoite wok\r&nbsp;&nbsp;&nbsp;&nbsp; \r&nbsp;&nbsp;&nbsp;&nbsp;I took the devil to the othe side of heaven\r&nbsp;&nbsp;&nbsp;&nbsp; \r&nbsp;&nbsp;&nbsp;&nbsp;Now it all makes sense\r&nbsp;&nbsp;&nbsp;&nbsp; \r&nbsp;&nbsp;&nbsp;&nbsp;Why they make us cawl out head fist\r&nbsp;&nbsp;&nbsp;&nbsp; \r&nbsp;&nbsp;&nbsp;&nbsp;So I\'ve been told\r&nbsp;&nbsp;&nbsp;&nbsp; \r&nbsp;&nbsp;&nbsp;&nbsp;When it all falls down we\'ll know\r&nbsp;&nbsp;&nbsp;&nbsp; \r&nbsp;&nbsp;&nbsp;&nbsp;Just lean back and let it go\r&nbsp;&nbsp;&nbsp;&nbsp; \r&nbsp;&nbsp;&nbsp;&nbsp;Just lean back and let it go\r&nbsp;&nbsp;&nbsp;&nbsp; \r&nbsp;&nbsp;&nbsp;&nbsp;Just lean back and let it go\r&nbsp;&nbsp;&nbsp;&nbsp; \r&nbsp;&nbsp;&nbsp;&nbsp;Just lean back and let it go\r&nbsp;&nbsp;&nbsp;&nbsp; \r&nbsp;&nbsp;&nbsp;&nbsp;Just lean back and let it go\r&nbsp;&nbsp;&nbsp;&nbsp; \r&nbsp;&nbsp;&nbsp;&nbsp;Just lean back and let it go\r&nbsp;&nbsp;&nbsp;&nbsp; \r&nbsp;&nbsp;&nbsp;&nbsp;Just lean back and let it go\r&nbsp;&nbsp;&nbsp;&nbsp; \r&nbsp;&nbsp;&nbsp;&nbsp;Just lean back and let it go\r&nbsp;&nbsp;&nbsp;&nbsp; \r&nbsp;&nbsp;&nbsp;&nbsp;Eveything is safe now\r&nbsp;&nbsp;&nbsp;&nbsp; \r&nbsp;&nbsp;&nbsp;&nbsp;Eveything is safe now \r&nbsp;&nbsp;&nbsp;&nbsp; \r&nbsp;&nbsp;&nbsp;&nbsp;Eveything is safe now\r&nbsp;&nbsp;&nbsp;&nbsp; \r&nbsp;&nbsp;&nbsp;&nbsp;Eveything is safe now\r&nbsp;&nbsp;&nbsp;&nbsp; \r&nbsp;&nbsp;&nbsp;&nbsp;I made my peace with my ghost\r&nbsp;&nbsp;&nbsp;&nbsp; \r&nbsp;&nbsp;&nbsp;&nbsp;Just lean back and let it go\r&nbsp;&nbsp;&nbsp;&nbsp; \r&nbsp;&nbsp;&nbsp;&nbsp;Just lean back and let it go\r&nbsp;&nbsp;&nbsp;&nbsp; \r&nbsp;&nbsp;&nbsp;&nbsp;Just lean back and let it go\r&nbsp;&nbsp;&nbsp;&nbsp; \r&nbsp;&nbsp;&nbsp;&nbsp;Just lean back and let it go\r&nbsp;&nbsp;&nbsp;&nbsp; \r&nbsp;&nbsp;&nbsp;&nbsp;', '2020_02_14_10_50_18_018_719_134.mp3', '2020-02-14 10:50:19', '508052810'),
(123, 'Heroes', 16, '2020_02_14_10_50_19_019_817_695.jpg', 'Zayde Wølf', 'by_huaqing&nbsp;&nbsp;&nbsp;&nbsp;I can hea the lost cying\r&nbsp;&nbsp;&nbsp;&nbsp;I can hea the tuth hiding\r&nbsp;&nbsp;&nbsp;&nbsp;hiding\r&nbsp;&nbsp;&nbsp;&nbsp;Yeah the shadows ae calling us out\r&nbsp;&nbsp;&nbsp;&nbsp;I\'d see the fea ising\r&nbsp;&nbsp;&nbsp;&nbsp;Yeah but my hope is buning\r&nbsp;&nbsp;&nbsp;&nbsp;The shadows ae calling us out\r&nbsp;&nbsp;&nbsp;&nbsp;We ae heoes\r&nbsp;&nbsp;&nbsp;&nbsp;Heoes in the dakest times\r&nbsp;&nbsp;&nbsp;&nbsp;When thee is no light\r&nbsp;&nbsp;&nbsp;&nbsp;oh oh oh\r&nbsp;&nbsp;&nbsp;&nbsp;We ae heoes\r&nbsp;&nbsp;&nbsp;&nbsp;Heoes in the dakest times\r&nbsp;&nbsp;&nbsp;&nbsp;Who will ise above\r&nbsp;&nbsp;&nbsp;&nbsp;oh oh oh\r&nbsp;&nbsp;&nbsp;&nbsp;We ae heoes\r&nbsp;&nbsp;&nbsp;&nbsp;It\'s feeling like the suns hiding\r&nbsp;&nbsp;&nbsp;&nbsp;But we\'e gonna keep moving\r&nbsp;&nbsp;&nbsp;&nbsp;suviving\r&nbsp;&nbsp;&nbsp;&nbsp;No we won\'t go quiet tonight\r&nbsp;&nbsp;&nbsp;&nbsp;Stand up and shout loude\r&nbsp;&nbsp;&nbsp;&nbsp;Oh no, no we won\'t be silent\r&nbsp;&nbsp;&nbsp;&nbsp;shadows ae calling us out\r&nbsp;&nbsp;&nbsp;&nbsp;We ae heoes\r&nbsp;&nbsp;&nbsp;&nbsp;Heoes in the dakest times\r&nbsp;&nbsp;&nbsp;&nbsp;When thee is no light\r&nbsp;&nbsp;&nbsp;&nbsp;oh oh oh\r&nbsp;&nbsp;&nbsp;&nbsp;We ae heoes\r&nbsp;&nbsp;&nbsp;&nbsp;Heoes in the dakest times\r&nbsp;&nbsp;&nbsp;&nbsp;Who will ise above\r&nbsp;&nbsp;&nbsp;&nbsp;oh oh oh\r&nbsp;&nbsp;&nbsp;&nbsp;We ae heoes\r&nbsp;&nbsp;&nbsp;&nbsp;When the night is dakest\r&nbsp;&nbsp;&nbsp;&nbsp;Only we can spak it\r&nbsp;&nbsp;&nbsp;&nbsp;Light it up in the dakness\r&nbsp;&nbsp;&nbsp;&nbsp;oh oh oh\r&nbsp;&nbsp;&nbsp;&nbsp;When the night is dakest\r&nbsp;&nbsp;&nbsp;&nbsp;Only we can spak it\r&nbsp;&nbsp;&nbsp;&nbsp;Light it up in the dakness\r&nbsp;&nbsp;&nbsp;&nbsp;oh oh oh\r&nbsp;&nbsp;&nbsp;&nbsp;We ae heoes\r&nbsp;&nbsp;&nbsp;&nbsp;Heoes in the dakest times\r&nbsp;&nbsp;&nbsp;&nbsp;When thee is no light\r&nbsp;&nbsp;&nbsp;&nbsp;oh oh oh\r&nbsp;&nbsp;&nbsp;&nbsp;We ae heoes\r&nbsp;&nbsp;&nbsp;&nbsp;Heoes in the dakest times\r&nbsp;&nbsp;&nbsp;&nbsp;Who will ise above Who will ise above\r&nbsp;&nbsp;&nbsp;&nbsp;oh oh oh\r&nbsp;&nbsp;&nbsp;&nbsp;We ae heoes\r&nbsp;&nbsp;&nbsp;&nbsp;Heoes in the dakest times\r&nbsp;&nbsp;&nbsp;&nbsp;When thee is no light\r&nbsp;&nbsp;&nbsp;&nbsp;oh oh oh\r&nbsp;&nbsp;&nbsp;&nbsp;We ae heoes\r&nbsp;&nbsp;&nbsp;&nbsp;Heoes in the dakest times\r&nbsp;&nbsp;&nbsp;&nbsp;Who will ise above\r&nbsp;&nbsp;&nbsp;&nbsp;oh oh oh\r&nbsp;&nbsp;&nbsp;&nbsp;We ae heoes\r&nbsp;&nbsp;&nbsp;&nbsp;Ohhh\r&nbsp;&nbsp;&nbsp;&nbsp;We ae heoes\r&nbsp;&nbsp;&nbsp;&nbsp;End', '2020_02_14_10_50_19_019_288_873.mp3', '2020-02-14 10:50:20', '422132114'),
(124, 'Just Watch How I Do It', 16, '2020_02_14_10_50_20_020_51_591.jpg', 'Louis II', '暂无歌词', '2020_02_14_10_50_20_020_658_418.mp3', '2020-02-14 10:50:21', '1378196071'),
(125, 'Sold Out', 16, '2020_02_14_10_50_21_021_847_555.jpg', 'Hawk Nelson', 'by兀术&nbsp;&nbsp;&nbsp;&nbsp;I ain\'t like no one you met befoe\r&nbsp;&nbsp;&nbsp;&nbsp;I\'m unning fo the font\r&nbsp;&nbsp;&nbsp;&nbsp;When they\'e all unning fo the doo\r&nbsp;&nbsp;&nbsp;&nbsp;And I won\'t sit down won\'t back out\r&nbsp;&nbsp;&nbsp;&nbsp;You can\'t eve shut me up\r&nbsp;&nbsp;&nbsp;&nbsp;Cause I\'m on a mission\r&nbsp;&nbsp;&nbsp;&nbsp;And I won\'t quit now\r&nbsp;&nbsp;&nbsp;&nbsp;In a wold full of followes\r&nbsp;&nbsp;&nbsp;&nbsp;I\'ll be a leade\r&nbsp;&nbsp;&nbsp;&nbsp;In a wold full of doubtes\r&nbsp;&nbsp;&nbsp;&nbsp;I\'ll be a believe\r&nbsp;&nbsp;&nbsp;&nbsp;I\'m stepping out without a hesitation\r&nbsp;&nbsp;&nbsp;&nbsp;Because the battle\'s aleady been won\r&nbsp;&nbsp;&nbsp;&nbsp;I\'m sold out\r&nbsp;&nbsp;&nbsp;&nbsp;I\'m no longe living\r&nbsp;&nbsp;&nbsp;&nbsp;Just fo myself\r&nbsp;&nbsp;&nbsp;&nbsp;Running afte Jesus\r&nbsp;&nbsp;&nbsp;&nbsp;With my whole heat\r&nbsp;&nbsp;&nbsp;&nbsp;And now I\'m eady to show\r&nbsp;&nbsp;&nbsp;&nbsp;I am sold out\r&nbsp;&nbsp;&nbsp;&nbsp;I\'m sold out\r&nbsp;&nbsp;&nbsp;&nbsp;With evey single\r&nbsp;&nbsp;&nbsp;&nbsp;Step that I take now\r&nbsp;&nbsp;&nbsp;&nbsp;With evey dop of blood\r&nbsp;&nbsp;&nbsp;&nbsp;Left in my veins\r&nbsp;&nbsp;&nbsp;&nbsp;I\'m gonna be making it count\r&nbsp;&nbsp;&nbsp;&nbsp;I am sold out\r&nbsp;&nbsp;&nbsp;&nbsp;This ain\'t just some tempoay phase\r&nbsp;&nbsp;&nbsp;&nbsp;You can\'t face this kind of gace\r&nbsp;&nbsp;&nbsp;&nbsp;And leave the way you came\r&nbsp;&nbsp;&nbsp;&nbsp;This is pemanent with intent\r&nbsp;&nbsp;&nbsp;&nbsp;And thee won\'t be no stopping it now\r&nbsp;&nbsp;&nbsp;&nbsp;I\'m on a mission and it\'s heaven sent\r&nbsp;&nbsp;&nbsp;&nbsp;In a wold full of followes\r&nbsp;&nbsp;&nbsp;&nbsp;I\'ll be a leade\r&nbsp;&nbsp;&nbsp;&nbsp;In a wold full of doubtes\r&nbsp;&nbsp;&nbsp;&nbsp;I\'ll be a believe\r&nbsp;&nbsp;&nbsp;&nbsp;I\'m stepping out without a hesitation\r&nbsp;&nbsp;&nbsp;&nbsp;Cause my soul is like a stadium\r&nbsp;&nbsp;&nbsp;&nbsp;I\'m sold out\r&nbsp;&nbsp;&nbsp;&nbsp;I\'m no longe living\r&nbsp;&nbsp;&nbsp;&nbsp;Just fo myself\r&nbsp;&nbsp;&nbsp;&nbsp;Running afte Jesus\r&nbsp;&nbsp;&nbsp;&nbsp;With my whole heat\r&nbsp;&nbsp;&nbsp;&nbsp;And now I\'m eady to show\r&nbsp;&nbsp;&nbsp;&nbsp;I am sold out\r&nbsp;&nbsp;&nbsp;&nbsp;I\'m sold out\r&nbsp;&nbsp;&nbsp;&nbsp;With evey single\r&nbsp;&nbsp;&nbsp;&nbsp;Step that I take now\r&nbsp;&nbsp;&nbsp;&nbsp;With evey dop of blood\r&nbsp;&nbsp;&nbsp;&nbsp;Left in my veins\r&nbsp;&nbsp;&nbsp;&nbsp;I\'m gonna be making it count\r&nbsp;&nbsp;&nbsp;&nbsp;I am sold out\r&nbsp;&nbsp;&nbsp;&nbsp;No tials coming against me\r&nbsp;&nbsp;&nbsp;&nbsp;Could put a dent in my passion\r&nbsp;&nbsp;&nbsp;&nbsp;They\'e just an oppotunity\r&nbsp;&nbsp;&nbsp;&nbsp;To put my faith into action\r&nbsp;&nbsp;&nbsp;&nbsp;In a wold full of followes\r&nbsp;&nbsp;&nbsp;&nbsp;I\'ll be a leade\r&nbsp;&nbsp;&nbsp;&nbsp;In a wold full of doubtes\r&nbsp;&nbsp;&nbsp;&nbsp;I\'ll be a believe\r&nbsp;&nbsp;&nbsp;&nbsp;I\'m stepping out without a hesitation\r&nbsp;&nbsp;&nbsp;&nbsp;I ain\'t got nothing left to be afaid\r&nbsp;&nbsp;&nbsp;&nbsp;I\'m sold out\r&nbsp;&nbsp;&nbsp;&nbsp;I\'m no longe living\r&nbsp;&nbsp;&nbsp;&nbsp;Just fo myself\r&nbsp;&nbsp;&nbsp;&nbsp;Running afte Jesus\r&nbsp;&nbsp;&nbsp;&nbsp;With my whole heat\r&nbsp;&nbsp;&nbsp;&nbsp;And now I\'m eady to show\r&nbsp;&nbsp;&nbsp;&nbsp;I am sold out\r&nbsp;&nbsp;&nbsp;&nbsp;I\'m sold out\r&nbsp;&nbsp;&nbsp;&nbsp;With evey single\r&nbsp;&nbsp;&nbsp;&nbsp;Step that I take now\r&nbsp;&nbsp;&nbsp;&nbsp;With evey dop of blood\r&nbsp;&nbsp;&nbsp;&nbsp;Left in my veins\r&nbsp;&nbsp;&nbsp;&nbsp;I\'m gonna be making it count\r&nbsp;&nbsp;&nbsp;&nbsp;I am sold out\r&nbsp;&nbsp;&nbsp;&nbsp;\r&nbsp;&nbsp;&nbsp;&nbsp;', '2020_02_14_10_50_21_021_453_736.mp3', '2020-02-14 10:50:21', '31010566'),
(126, 'Lalala', 17, '2020_02_14_10_50_23_023_935_26.jpg', 'aEZi', 'byliujie_yeah&nbsp;&nbsp;&nbsp;&nbsp;Popped off then you gil gave me，&nbsp;&nbsp;&nbsp;&nbsp;Just a little bit of lockjaw，&nbsp;&nbsp;&nbsp;&nbsp;Baby so cold he fom the noth, he fom the Canada，&nbsp;&nbsp;&nbsp;&nbsp;Bankoll so low I got nothing else that I can withdaw，&nbsp;&nbsp;&nbsp;&nbsp;Ran out the doo，&nbsp;&nbsp;&nbsp;&nbsp;I shine my wist it go like Chachacha, Chashacha，&nbsp;&nbsp;&nbsp;&nbsp;Did I eally just foget that melody&nbsp;&nbsp;&nbsp;&nbsp;Dadadadadada&nbsp;&nbsp;&nbsp;&nbsp;When I popped off then you gil gave me，&nbsp;&nbsp;&nbsp;&nbsp;Just a little bit of lockjaw，&nbsp;&nbsp;&nbsp;&nbsp;Baby so cold he fom the noth, he fom the Canada，&nbsp;&nbsp;&nbsp;&nbsp;Bankoll so low I got nothing else that I can withdaw，&nbsp;&nbsp;&nbsp;&nbsp;Ran out the doo，&nbsp;&nbsp;&nbsp;&nbsp;I shine my wist it go like Chachacha, Chashacha，&nbsp;&nbsp;&nbsp;&nbsp;I got you singing me Lalala, Lalala，&nbsp;&nbsp;&nbsp;&nbsp;I shine my wist it go like Chachacha, Chachacha，&nbsp;&nbsp;&nbsp;&nbsp;I got you bh singing that Lalala, Lalala，&nbsp;&nbsp;&nbsp;&nbsp;How I stide like that&nbsp;&nbsp;&nbsp;&nbsp;Amex no cap, they undescoe，&nbsp;&nbsp;&nbsp;&nbsp;They wonde how, how I guap like that，&nbsp;&nbsp;&nbsp;&nbsp;I wite my lyics when I pefom，&nbsp;&nbsp;&nbsp;&nbsp;They wonde how, how I stide like that，&nbsp;&nbsp;&nbsp;&nbsp;Maied to the gind, I bought my wist，&nbsp;&nbsp;&nbsp;&nbsp;I\'m cony but you gilie want that dk，&nbsp;&nbsp;&nbsp;&nbsp;Modest with my jewels but check the bed，&nbsp;&nbsp;&nbsp;&nbsp;Finally got that money save my things，&nbsp;&nbsp;&nbsp;&nbsp;Dadadadada&nbsp;&nbsp;&nbsp;&nbsp;How I stide like that&nbsp;&nbsp;&nbsp;&nbsp;Hahaha I\'m at the bank again，&nbsp;&nbsp;&nbsp;&nbsp;They wonde how, how I guap like that，&nbsp;&nbsp;&nbsp;&nbsp;Pink whip with flames all on the side，&nbsp;&nbsp;&nbsp;&nbsp;They wonde how, I stide like that，&nbsp;&nbsp;&nbsp;&nbsp;Got that gucci on my body now she tyna pipe me, woo，Gucci&nbsp;&nbsp;&nbsp;&nbsp;Popped a Lucy Loosey Goosey, saucy boy I keep you cool，Copped the pape went to school，&nbsp;&nbsp;&nbsp;&nbsp;Be caeful who you call a fool，&nbsp;&nbsp;&nbsp;&nbsp;Ay, Ha, Ay，&nbsp;&nbsp;&nbsp;&nbsp;When I popped off then you gil gave me，&nbsp;&nbsp;&nbsp;&nbsp;Just a little bit of lockjaw，&nbsp;&nbsp;&nbsp;&nbsp;Baby so cold he fom the noth, he fom the Canada，&nbsp;&nbsp;&nbsp;&nbsp;Bankoll so low I got nothing else that I can withdaw，&nbsp;&nbsp;&nbsp;&nbsp;Ran out the doo，&nbsp;&nbsp;&nbsp;&nbsp;I shine my wist it go like Chachacha, chachacha，&nbsp;&nbsp;&nbsp;&nbsp;I got you bh singing me Lalala, Lalala，&nbsp;&nbsp;&nbsp;&nbsp;I shine my wist it go like Chachacha, chachacha，&nbsp;&nbsp;&nbsp;&nbsp;I got you bh singing that Lalala, Lalala，&nbsp;&nbsp;&nbsp;&nbsp;How I stide like that', '2020_02_14_10_50_23_023_879_709.mp3', '2020-02-14 10:50:23', '1398451663'),
(127, 'Lordly (MDZN Remix)', 17, '2020_02_14_10_50_23_023_413_973.jpg', 'Alex Aiono', 'by浅囍似苍狗&nbsp;&nbsp;&nbsp;&nbsp;I\'m fom that game stong on my face \r&nbsp;&nbsp;&nbsp;&nbsp;I tell\'em don\'t go we love we love that\'s my place \r&nbsp;&nbsp;&nbsp;&nbsp;Thee\'s nothing to do I just do it \r&nbsp;&nbsp;&nbsp;&nbsp;Nothing but love unde the sun \r&nbsp;&nbsp;&nbsp;&nbsp;And once we un the show eveyone will know \r&nbsp;&nbsp;&nbsp;&nbsp;That we will be the ones that hold the highest tuth \r&nbsp;&nbsp;&nbsp;&nbsp;And once we un the show eveyone will know \r&nbsp;&nbsp;&nbsp;&nbsp;That we will be the ones that hold the highest tuth \r&nbsp;&nbsp;&nbsp;&nbsp;That we will be the ones that hold the highest tuth \r&nbsp;&nbsp;&nbsp;&nbsp;And once we un the show eveyone will konw \r&nbsp;&nbsp;&nbsp;&nbsp;That we will be the ones that hold the highest tuth \r&nbsp;&nbsp;&nbsp;&nbsp;And once we un the show eveyone will konw \r&nbsp;&nbsp;&nbsp;&nbsp;That we will be the ones that hold the highest tuth \r&nbsp;&nbsp;&nbsp;&nbsp;And once we un the show eveyone will know \r&nbsp;&nbsp;&nbsp;&nbsp;That we will be the ones that hold the highest tuth\r&nbsp;&nbsp;&nbsp;&nbsp;We will be the ones that hold the highest tuth \r&nbsp;&nbsp;&nbsp;&nbsp;We will be the ones that hold the highest tuth \r&nbsp;&nbsp;&nbsp;&nbsp;We will be the ones that hold the highest tuth \r&nbsp;&nbsp;&nbsp;&nbsp;And once we un the show eveone will know \r&nbsp;&nbsp;&nbsp;&nbsp;That we will be the ones that hold the higheast tuth ', '2020_02_14_10_50_24_024_638_504.mp3', '2020-02-14 10:50:24', '442562232'),
(128, 'DjYaha-Rise And Fall Extended 完整版（DjYaha Remix）', 17, '2020_02_14_10_50_24_024_988_518.jpg', 'DjYaha', 'bymiku&nbsp;&nbsp;&nbsp;&nbsp;tiRise And Fall Extended 完整版（DjYaha Remix）\r&nbsp;&nbsp;&nbsp;&nbsp;aDjYaha\r&nbsp;&nbsp;&nbsp;&nbsp;al\r&nbsp;&nbsp;&nbsp;&nbsp;bymiku\r&nbsp;&nbsp;&nbsp;&nbsp;Oah Oah Rise and Fall\r&nbsp;&nbsp;&nbsp;&nbsp;Oah Oah Rise and Fall\r&nbsp;&nbsp;&nbsp;&nbsp;Oah Oah Rise and Fall\r&nbsp;&nbsp;&nbsp;&nbsp;Oah Oah Rise and Fall\r&nbsp;&nbsp;&nbsp;&nbsp;Oah Oah Rise and Fall\r&nbsp;&nbsp;&nbsp;&nbsp;Oah Oah Rise and Fall\r&nbsp;&nbsp;&nbsp;&nbsp;Oah Oah Rise and Fall\r&nbsp;&nbsp;&nbsp;&nbsp;Oah Oah Rise and Fall\r&nbsp;&nbsp;&nbsp;&nbsp;Oah Oah Rise and Fall\r&nbsp;&nbsp;&nbsp;&nbsp;Oah Oah Rise and Fall\r&nbsp;&nbsp;&nbsp;&nbsp;Oah Oah Rise and Fall\r&nbsp;&nbsp;&nbsp;&nbsp;Oah Oah Rise and Fall\r&nbsp;&nbsp;&nbsp;&nbsp;Oah Oah Rise and Fall\r&nbsp;&nbsp;&nbsp;&nbsp;Oah Oah Rise and Fall\r&nbsp;&nbsp;&nbsp;&nbsp;Oah Oah Rise and Fall\r&nbsp;&nbsp;&nbsp;&nbsp;Oah Oah Rise and Fall\r&nbsp;&nbsp;&nbsp;&nbsp;Rise and Fall\r&nbsp;&nbsp;&nbsp;&nbsp;Rise and Fall\r&nbsp;&nbsp;&nbsp;&nbsp;In the land of the seven hills\r&nbsp;&nbsp;&nbsp;&nbsp;Evey man is woking had\r&nbsp;&nbsp;&nbsp;&nbsp;Childen play with wooden tools\r&nbsp;&nbsp;&nbsp;&nbsp;Women pay fo food\r&nbsp;&nbsp;&nbsp;&nbsp;Suddenly one old man says\r&nbsp;&nbsp;&nbsp;&nbsp;Dak clouds on hoizon\r&nbsp;&nbsp;&nbsp;&nbsp;Evey man five feet tall\r&nbsp;&nbsp;&nbsp;&nbsp;Takes his swod and shield\r&nbsp;&nbsp;&nbsp;&nbsp;Oah Oah Rise and Fall\r&nbsp;&nbsp;&nbsp;&nbsp;No moe teas fo bleeding hose\r&nbsp;&nbsp;&nbsp;&nbsp;Now I will suvive\r&nbsp;&nbsp;&nbsp;&nbsp;Don\'t know whee and don\'t know why\r&nbsp;&nbsp;&nbsp;&nbsp;Oah Oah Rise and Fall\r&nbsp;&nbsp;&nbsp;&nbsp;No moe teas fo bleeding hose\r&nbsp;&nbsp;&nbsp;&nbsp;Now I will suvive\r&nbsp;&nbsp;&nbsp;&nbsp;Don\'t know whee and don\'t know why\r&nbsp;&nbsp;&nbsp;&nbsp;Wu~~~\r&nbsp;&nbsp;&nbsp;&nbsp;Ash of wa on ancient gound\r&nbsp;&nbsp;&nbsp;&nbsp;Dying man on ed blood land\r&nbsp;&nbsp;&nbsp;&nbsp;No moe wa mean no name gave\r&nbsp;&nbsp;&nbsp;&nbsp;Love will not suvive\r&nbsp;&nbsp;&nbsp;&nbsp;Fight fo peace not fo god\r&nbsp;&nbsp;&nbsp;&nbsp;Soul is steel life is gold\r&nbsp;&nbsp;&nbsp;&nbsp;In the land of the seven hills\r&nbsp;&nbsp;&nbsp;&nbsp;Now we est in peace\r&nbsp;&nbsp;&nbsp;&nbsp;Oah Oah Rise and Fall\r&nbsp;&nbsp;&nbsp;&nbsp;Oah Oah Rise and Fall\r&nbsp;&nbsp;&nbsp;&nbsp;Oah Oah Rise and Fall\r&nbsp;&nbsp;&nbsp;&nbsp;Oah Oah Rise and Fall\r&nbsp;&nbsp;&nbsp;&nbsp;Oah Oah Rise and Fall\r&nbsp;&nbsp;&nbsp;&nbsp;Oah Oah Rise and Fall\r&nbsp;&nbsp;&nbsp;&nbsp;Oah Oah Rise and Fall\r&nbsp;&nbsp;&nbsp;&nbsp;Oah Oah Rise and Fall\r&nbsp;&nbsp;&nbsp;&nbsp;Oah Oah Rise and Fall\r&nbsp;&nbsp;&nbsp;&nbsp;Oah Oah Rise and Fall\r&nbsp;&nbsp;&nbsp;&nbsp;Oah Oah Rise and Fall\r&nbsp;&nbsp;&nbsp;&nbsp;Oah Oah Rise and Fall\r&nbsp;&nbsp;&nbsp;&nbsp;', '2020_02_14_10_50_25_025_276_105.mp3', '2020-02-14 10:50:26', '547614214'),
(129, 'Да да да (Jarico Remix)', 17, '2020_02_14_10_50_26_026_546_61.jpg', 'Tanir', 'byMBounce&nbsp;&nbsp;&nbsp;&nbsp; Jaico Music\r&nbsp;&nbsp;&nbsp;&nbsp; Между нами провода Da Da Da, города Da Da Da\r&nbsp;&nbsp;&nbsp;&nbsp; Я сказал - \"иди сюда\" и ты сказала - \"Da Da Da\"\r&nbsp;&nbsp;&nbsp;&nbsp; Между нами провода, города Da Da Da\r&nbsp;&nbsp;&nbsp;&nbsp; Я сказал - \"иди сюда\" и ты сказала - \"Da Da Da\"\r&nbsp;&nbsp;&nbsp;&nbsp; Между нами провода Da Da Da, города Da Da Da\r&nbsp;&nbsp;&nbsp;&nbsp; Я сказал - \"иди сюда\" и ты сказала - \"Da Da Da\"\r&nbsp;&nbsp;&nbsp;&nbsp; Между нами провода, города Da Da Da\r&nbsp;&nbsp;&nbsp;&nbsp; Я сказал - \"иди сюда\" и ты сказала - \"Da Da Da Da Da\"\r&nbsp;&nbsp;&nbsp;&nbsp; Da Da Далеко До до тебя\r&nbsp;&nbsp;&nbsp;&nbsp; Но мы Da Da дали слово, до до доверять\r&nbsp;&nbsp;&nbsp;&nbsp; До до дожидаться нет сил, пальцы номера\r&nbsp;&nbsp;&nbsp;&nbsp; На на набирают, говорю -\r&nbsp;&nbsp;&nbsp;&nbsp; \"иди сюда Da Da Da\", нет нет нет нет\r&nbsp;&nbsp;&nbsp;&nbsp; Не не не задавай вопросов\r&nbsp;&nbsp;&nbsp;&nbsp; не забивай голову проблемами\r&nbsp;&nbsp;&nbsp;&nbsp; Не переживай ни о чем, оставь это мне\r&nbsp;&nbsp;&nbsp;&nbsp; Мами, будь со мной нежной, мами, мы не держим\r&nbsp;&nbsp;&nbsp;&nbsp; Нет никаких секретов между нами, мами\r&nbsp;&nbsp;&nbsp;&nbsp; Между нами провода Da Da Da, города Da Da Da\r&nbsp;&nbsp;&nbsp;&nbsp; Я сказал - \"иди сюда\" и ты сказала - \"Da Da Da\"\r&nbsp;&nbsp;&nbsp;&nbsp; Между нами провода, города Da Da Da\r&nbsp;&nbsp;&nbsp;&nbsp; Я сказал - \"иди сюда\" и ты сказала - \"Da Da Da\"\r&nbsp;&nbsp;&nbsp;&nbsp; Между нами провода Da Da Da, города Da Da Da\r&nbsp;&nbsp;&nbsp;&nbsp; Я сказал - \"иди сюда\" и ты сказала - \"Da Da Da\"\r&nbsp;&nbsp;&nbsp;&nbsp; Между нами провода, города Da Da Da\r&nbsp;&nbsp;&nbsp;&nbsp; Я сказал - \"иди сюда\" и ты сказала - \"Da Da Da\"\r&nbsp;&nbsp;&nbsp;&nbsp; Da Da Da далеко, далеко не долетает огонь\r&nbsp;&nbsp;&nbsp;&nbsp; Ты поменяла, мами, мани на билеты на ладонь\r&nbsp;&nbsp;&nbsp;&nbsp; Они тебя пообещали доставить ко мне с утра\r&nbsp;&nbsp;&nbsp;&nbsp; Да, ты долетишь, я тебе повторю, иди сюда Da Da Da\r&nbsp;&nbsp;&nbsp;&nbsp; Вместо тебя никого нет и не буду называть своей\r&nbsp;&nbsp;&nbsp;&nbsp; Я рядом и тебе теперь рад спокойно\r&nbsp;&nbsp;&nbsp;&nbsp; мами, ты можешь стать слабей\r&nbsp;&nbsp;&nbsp;&nbsp; Мами, будь со мной нежной, мами, мы не держим\r&nbsp;&nbsp;&nbsp;&nbsp; Нет никаких секретов между нами, мами\r&nbsp;&nbsp;&nbsp;&nbsp; Между нами провода Da Da Da, города Da Da Da\r&nbsp;&nbsp;&nbsp;&nbsp; Я сказал - \"иди сюда\" и ты сказала - \"Da Da Da\"\r&nbsp;&nbsp;&nbsp;&nbsp; Между нами провода, города Da Da Da\r&nbsp;&nbsp;&nbsp;&nbsp; Я сказал - \"иди сюда\" и ты сказала - \"Da Da Da Da Da\"\r&nbsp;&nbsp;&nbsp;&nbsp; Между нами провода Da Da Da, города Da Da Da\r&nbsp;&nbsp;&nbsp;&nbsp; Я сказал - \"иди сюда\" и ты сказала - \"Da Da Da\"\r&nbsp;&nbsp;&nbsp;&nbsp; Между нами провода, города Da Da Da\r&nbsp;&nbsp;&nbsp;&nbsp; Я сказал - \"иди сюда\" и ты сказала - \"Da Da Da Da Da\"\r&nbsp;&nbsp;&nbsp;&nbsp;', '2020_02_14_10_50_26_026_561_969.mp3', '2020-02-14 10:50:26', '1397021895'),
(130, 'Poppin Bottles (Original Mix)', 17, '2020_02_14_10_50_27_027_48_12.jpg', 'Joey Smith', '暂无歌词', '2020_02_14_10_50_27_027_588_584.mp3', '2020-02-14 10:50:28', '535147191'),
(131, 'Every Body Go', 17, '2020_02_14_10_50_28_028_759_34.jpg', 'GneHHHc', '暂无歌词', '2020_02_14_10_50_28_028_837_535.mp3', '2020-02-14 10:50:29', '1350087091'),
(132, 'For The Music (Original Mix)', 17, '2020_02_14_10_50_29_029_780_4.jpg', 'Tom Gabreel', '暂无歌词', '2020_02_14_10_50_29_029_848_205.mp3', '2020-02-14 10:50:30', '506420751'),
(133, 'Lick (Original Mix)', 17, '2020_02_14_10_50_30_030_538_377.jpg', 'Abraham Ruiz', '暂无歌词', '2020_02_14_10_50_30_030_718_272.mp3', '2020-02-14 10:50:31', '486814188'),
(134, 'Source To Sea', 18, '2020_02_14_10_50_32_032_543_379.jpg', 'Lagoon West', '暂无歌词', '2020_02_14_10_50_32_032_588_505.mp3', '2020-02-14 10:50:33', '4462285'),
(135, '灵气', 18, '2020_02_14_10_50_33_033_308_68.jpg', '风潮唱片', '暂无歌词', '2020_02_14_10_50_34_034_746_695.mp3', '2020-02-14 10:50:35', '5256015'),
(136, 'Rejuvenation', 18, '2020_02_14_10_50_35_035_361_418.jpg', 'Ron Allen', '暂无歌词', '2020_02_14_10_50_36_036_455_781.mp3', '2020-02-14 10:50:37', '1920278'),
(137, 'Part 4: Returning', 18, '2020_02_14_10_50_37_037_36_854.jpg', 'Kevin Kendle', '暂无歌词', '2020_02_14_10_50_38_038_629_722.mp3', '2020-02-14 10:50:39', '1638837'),
(138, 'En La Mar', 18, '2020_02_14_10_50_40_040_477_685.jpg', 'Cecile Corbel', 'by陷韵&nbsp;&nbsp;&nbsp;&nbsp;ti&nbsp;&nbsp;&nbsp;&nbsp;a&nbsp;&nbsp;&nbsp;&nbsp;al&nbsp;&nbsp;&nbsp;&nbsp;by九九Lc歌词网～wwwLcnet&nbsp;&nbsp;&nbsp;&nbsp;En la ma hay una toe&nbsp;&nbsp;&nbsp;&nbsp;En la toe una ventana&nbsp;&nbsp;&nbsp;&nbsp;En la ventana hay una hija&nbsp;&nbsp;&nbsp;&nbsp;Que a los maineos ama&nbsp;&nbsp;&nbsp;&nbsp;Las estellas del cielo una y una se hacen dos&nbsp;&nbsp;&nbsp;&nbsp;Dame tu mano paloma paa subi a tu nido&nbsp;&nbsp;&nbsp;&nbsp;Maldicha que duemes sola&nbsp;&nbsp;&nbsp;&nbsp;Vengo a domi contigo&nbsp;&nbsp;&nbsp;&nbsp;Si la ma ea de leche，los baquitos de canela&nbsp;&nbsp;&nbsp;&nbsp;Pescaia las mis doloes con palabillas de amo&nbsp;&nbsp;&nbsp;&nbsp;Las estellas del cielo una y una se hacen dos&nbsp;&nbsp;&nbsp;&nbsp;Dame tu mano paloma paa subi a tu nido&nbsp;&nbsp;&nbsp;&nbsp;Maldicha que duemes sola&nbsp;&nbsp;&nbsp;&nbsp;Vengo a domi contigo&nbsp;&nbsp;&nbsp;&nbsp;Las estellas del cielo una y una se hacen dos&nbsp;&nbsp;&nbsp;&nbsp;Dame tu mano paloma paa subi a tu nido&nbsp;&nbsp;&nbsp;&nbsp;Maldicha que duemes sola&nbsp;&nbsp;&nbsp;&nbsp;Vengo a domi contigo&nbsp;&nbsp;&nbsp;&nbsp;Dame tu mano paloma paa subi a tu nido&nbsp;&nbsp;&nbsp;&nbsp;Maldicha que duemes sola&nbsp;&nbsp;&nbsp;&nbsp;Vengo a domi contigo', '2020_02_14_10_50_40_040_974_717.mp3', '2020-02-14 10:50:41', '2324651'),
(139, 'Vagabond (Make A Princess Of Me)', 18, '2020_02_14_10_50_41_041_402_571.jpg', 'Blackmore\'s Night', 'Thee’s been many a cooked path&nbsp;&nbsp;&nbsp;&nbsp;That has ended me hee&nbsp;&nbsp;&nbsp;&nbsp;Tied, boken and weaing ags&nbsp;&nbsp;&nbsp;&nbsp;Wild eyed with fea&nbsp;&nbsp;&nbsp;&nbsp;&nbsp;&nbsp;&nbsp;&nbsp;Thee’s much moe to this vagabond&nbsp;&nbsp;&nbsp;&nbsp;Than the eye can see&nbsp;&nbsp;&nbsp;&nbsp;You can see me though diffeent eyes&nbsp;&nbsp;&nbsp;&nbsp;Make a pincess of me&nbsp;&nbsp;&nbsp;&nbsp;&nbsp;&nbsp;&nbsp;&nbsp;Doo to doo with a heavy heat&nbsp;&nbsp;&nbsp;&nbsp;Ty to stave off the cold&nbsp;&nbsp;&nbsp;&nbsp;In the distance a gypsy cat&nbsp;&nbsp;&nbsp;&nbsp;Filled with thieves and ogues&nbsp;&nbsp;&nbsp;&nbsp;&nbsp;&nbsp;&nbsp;&nbsp;Thee’s much moe to this vagabond&nbsp;&nbsp;&nbsp;&nbsp;Than the eye can see&nbsp;&nbsp;&nbsp;&nbsp;You can see me though diffeent eyes&nbsp;&nbsp;&nbsp;&nbsp;Make a pincess of me&nbsp;&nbsp;&nbsp;&nbsp;&nbsp;&nbsp;&nbsp;&nbsp;Sing fo suppe and sing fo pence&nbsp;&nbsp;&nbsp;&nbsp;A song’s all I have to give&nbsp;&nbsp;&nbsp;&nbsp;With a fiddle and with no est&nbsp;&nbsp;&nbsp;&nbsp;Singing only to live&nbsp;&nbsp;&nbsp;&nbsp;&nbsp;&nbsp;&nbsp;&nbsp;Thee’s much moe to this vagabond&nbsp;&nbsp;&nbsp;&nbsp;Than the eye can see&nbsp;&nbsp;&nbsp;&nbsp;You can see me though diffeent eyes&nbsp;&nbsp;&nbsp;&nbsp;Make a pincess of me&nbsp;&nbsp;&nbsp;&nbsp;&nbsp;&nbsp;&nbsp;&nbsp;Though the window a golden glow&nbsp;&nbsp;&nbsp;&nbsp;Families gathe ‘ound&nbsp;&nbsp;&nbsp;&nbsp;Hee outside it stats to snow&nbsp;&nbsp;&nbsp;&nbsp;Silence the only sound&nbsp;&nbsp;&nbsp;&nbsp;&nbsp;&nbsp;&nbsp;&nbsp;Thee’s much moe to this vagabond&nbsp;&nbsp;&nbsp;&nbsp;Than the eye can see&nbsp;&nbsp;&nbsp;&nbsp;You can see me though diffeent eyes&nbsp;&nbsp;&nbsp;&nbsp;Make a pincess of me&nbsp;&nbsp;&nbsp;&nbsp;You can see me though diffeent eyes&nbsp;&nbsp;&nbsp;&nbsp;Make a pincess of me&nbsp;&nbsp;&nbsp;&nbsp;&nbsp;&nbsp;&nbsp;&nbsp;', '2020_02_14_10_50_41_041_948_176.mp3', '2020-02-14 10:50:42', '16866864'),
(140, 'Mary', 18, '2020_02_14_10_50_42_042_74_885.jpg', 'Cecile Corbel', 'byDeUlica&nbsp;&nbsp;&nbsp;&nbsp;May is a sailo &nbsp;&nbsp;&nbsp;&nbsp;Deaming of nothen shoes&nbsp;&nbsp;&nbsp;&nbsp;Lost galleons at the sea&nbsp;&nbsp;&nbsp;&nbsp;May eve on he way &nbsp;&nbsp;&nbsp;&nbsp;O can you sail and come back&nbsp;&nbsp;&nbsp;&nbsp;O can you leave away&nbsp;&nbsp;&nbsp;&nbsp;Temples of gold and hidden lands&nbsp;&nbsp;&nbsp;&nbsp;May, I don\'t want to wait &nbsp;&nbsp;&nbsp;&nbsp;Knocking on the doo, he came by&nbsp;&nbsp;&nbsp;&nbsp;Knocking on the doo, he tied out&nbsp;&nbsp;&nbsp;&nbsp;Knocking on the doo, he tuned back&nbsp;&nbsp;&nbsp;&nbsp;May, won\'t you may me &nbsp;&nbsp;&nbsp;&nbsp;May is a cosai &nbsp;&nbsp;&nbsp;&nbsp;Deaming of old teasues&nbsp;&nbsp;&nbsp;&nbsp;Wild tempest on the sea&nbsp;&nbsp;&nbsp;&nbsp;May eve on he way &nbsp;&nbsp;&nbsp;&nbsp;O can you hea the foghon&nbsp;&nbsp;&nbsp;&nbsp;O can you see the waves&nbsp;&nbsp;&nbsp;&nbsp;Ivoy foam and gloomy ain&nbsp;&nbsp;&nbsp;&nbsp;May, I don\'t want to wait &nbsp;&nbsp;&nbsp;&nbsp;Knocking on the doo, he came by&nbsp;&nbsp;&nbsp;&nbsp;Knocking on the doo, he tied out&nbsp;&nbsp;&nbsp;&nbsp;Knocking on the doo, he tuned back&nbsp;&nbsp;&nbsp;&nbsp;May, won\'t you may me &nbsp;&nbsp;&nbsp;&nbsp;Knocking on the doo, he came by&nbsp;&nbsp;&nbsp;&nbsp;Knocking on the doo, he tied out&nbsp;&nbsp;&nbsp;&nbsp;Knocking on the doo, he tuned back&nbsp;&nbsp;&nbsp;&nbsp;May, won\'t you may me &nbsp;&nbsp;&nbsp;&nbsp;May was a sailo &nbsp;&nbsp;&nbsp;&nbsp;But she is downed to die&nbsp;&nbsp;&nbsp;&nbsp;She slips unde the sea&nbsp;&nbsp;&nbsp;&nbsp;May eve on he way&nbsp;&nbsp;&nbsp;&nbsp;Waited fo a long time&nbsp;&nbsp;&nbsp;&nbsp;Longed to see he face&nbsp;&nbsp;&nbsp;&nbsp;My love\'s unde the sea&nbsp;&nbsp;&nbsp;&nbsp;She will neve may me&nbsp;&nbsp;&nbsp;&nbsp;Oh May &nbsp;&nbsp;&nbsp;&nbsp;Oh May &nbsp;&nbsp;&nbsp;&nbsp;Tell me just one&nbsp;&nbsp;&nbsp;&nbsp;May, won\'t you may me &nbsp;&nbsp;&nbsp;&nbsp;Knocking on the doo, he came by&nbsp;&nbsp;&nbsp;&nbsp;Knocking on the doo, he tied out&nbsp;&nbsp;&nbsp;&nbsp;Knocking on the doo, he tuned back&nbsp;&nbsp;&nbsp;&nbsp;May, won\'t you may me &nbsp;&nbsp;&nbsp;&nbsp;Knocking on the doo, he came by&nbsp;&nbsp;&nbsp;&nbsp;Knocking on the doo, he tied out&nbsp;&nbsp;&nbsp;&nbsp;Knocking on the doo, he tuned back&nbsp;&nbsp;&nbsp;&nbsp;May, won\'t you may me', '2020_02_14_10_50_42_042_795_475.mp3', '2020-02-14 10:50:43', '2324639'),
(141, 'Irree Seose', 18, '2020_02_14_10_50_43_043_493_916.jpg', 'Artesia', '暂无歌词', '2020_02_14_10_50_43_043_875_960.mp3', '2020-02-14 10:50:43', '16481843'),
(142, 'Micmacs A La Gare', 19, '2020_02_14_10_50_44_044_10_392.jpg', 'Raphaël Beau', '暂无歌词', '2020_02_14_10_50_44_044_502_830.mp3', '2020-02-14 10:50:45', '1926723'),
(143, 'A Story in Macau', 19, '2020_02_14_10_50_45_045_573_376.jpg', '金培达', '暂无歌词', '2020_02_14_10_50_45_045_648_113.mp3', '2020-02-14 10:50:45', '25982722'),
(144, 'Por Una Cabeza', 19, '2020_02_14_10_50_45_045_885_207.jpg', 'Thomas Newman', '暂无歌词', '2020_02_14_10_50_45_045_486_398.mp3', '2020-02-14 10:50:46', '2007819'),
(145, 'Spanish Romance by Anonymous', 19, '2020_02_14_10_50_46_046_545_670.jpg', 'John H. Clarke', '暂无歌词', '2020_02_14_10_50_46_046_215_12.mp3', '2020-02-14 10:50:46', '1607259'),
(146, 'Great Morning', 19, '2020_02_14_10_50_47_047_822_655.jpg', 'Daveed', '暂无歌词', '2020_02_14_10_50_48_048_209_404.mp3', '2020-02-14 10:50:48', '2428564'),
(147, 'Bliss', 19, '2020_02_14_10_50_48_048_476_892.jpg', 'Daveed', '暂无歌词', '2020_02_14_10_50_48_048_963_844.mp3', '2020-02-14 10:50:48', '2428498'),
(148, 'Beyond', 19, '2020_02_14_10_50_48_048_819_359.jpg', 'Daveed', '远くどこまでも流れる白い云&nbsp;&nbsp;&nbsp;&nbsp;光永亮太 - Beyond&nbsp;&nbsp;&nbsp;&nbsp;无法可修饰的一对手&nbsp;&nbsp;&nbsp;&nbsp;&nbsp;&nbsp;&nbsp;&nbsp;带出温暖永远在背后&nbsp;&nbsp;&nbsp;&nbsp;总是罗嗦始终关注&nbsp;&nbsp;&nbsp;&nbsp;不懂珍惜太内疚&nbsp;&nbsp;&nbsp;&nbsp;沉醉于音阶她不赞赏&nbsp;&nbsp;&nbsp;&nbsp;&nbsp;&nbsp;&nbsp;&nbsp;母亲的爱却永远未退让&nbsp;&nbsp;&nbsp;&nbsp;&nbsp;&nbsp;&nbsp;&nbsp;决心冲开心中挣扎&nbsp;&nbsp;&nbsp;&nbsp;亲恩终可报答&nbsp;&nbsp;&nbsp;&nbsp;春风化雨暖透我的心&nbsp;&nbsp;&nbsp;&nbsp;&nbsp;&nbsp;&nbsp;&nbsp;ボクがボクであるために&nbsp;&nbsp;&nbsp;&nbsp;&nbsp;&nbsp;&nbsp;&nbsp;そっといつのまにか消えた家具の迹&nbsp;&nbsp;&nbsp;&nbsp;&nbsp;&nbsp;&nbsp;&nbsp;飞び方をもっと 试してみよう&nbsp;&nbsp;&nbsp;&nbsp;&nbsp;&nbsp;&nbsp;&nbsp;飞び立てる羽をみつけるんだ&nbsp;&nbsp;&nbsp;&nbsp;ほんとうは昨日の梦よりいいもの&nbsp;&nbsp;&nbsp;&nbsp;&nbsp;&nbsp;&nbsp;&nbsp;&nbsp;&nbsp;&nbsp;&nbsp;&nbsp;&nbsp;&nbsp;&nbsp;握った君の手は とても优しかったよ&nbsp;&nbsp;&nbsp;&nbsp;あふれる人ごみの中ではじめて&nbsp;&nbsp;&nbsp;&nbsp;窓から见える空地にはもうすぐ&nbsp;&nbsp;&nbsp;&nbsp;いままでより远くへ&nbsp;&nbsp;&nbsp;&nbsp;飞び立てる羽を 见つけるんだ&nbsp;&nbsp;&nbsp;&nbsp;あるはずさ そうさきっと&nbsp;&nbsp;&nbsp;&nbsp;あるはずさ いつだって&nbsp;&nbsp;&nbsp;&nbsp;心のどこか深いところで&nbsp;&nbsp;&nbsp;&nbsp;心のどこか深いところで&nbsp;&nbsp;&nbsp;&nbsp;&nbsp;&nbsp;&nbsp;&nbsp;&nbsp;&nbsp;&nbsp;&nbsp;ずっと道の隅に咲いていた青い花&nbsp;&nbsp;&nbsp;&nbsp;なにかが変わりはじめる&nbsp;&nbsp;&nbsp;&nbsp;いままでとは违った&nbsp;&nbsp;&nbsp;&nbsp;おわり&nbsp;&nbsp;&nbsp;&nbsp;&nbsp;&nbsp;&nbsp;&nbsp;ボクがボクであるために&nbsp;&nbsp;&nbsp;&nbsp;ないはずさ いつだって&nbsp;&nbsp;&nbsp;&nbsp;心のどこか深いところで&nbsp;&nbsp;&nbsp;&nbsp;いますぐやれることを信じたい&nbsp;&nbsp;&nbsp;&nbsp;これからできることを信じたい', '2020_02_14_10_50_48_048_655_215.mp3', '2020-02-14 10:50:48', '2428504'),
(149, 'With the Sun', 19, '2020_02_14_10_50_48_048_698_675.jpg', 'Daveed', '暂无歌词', '2020_02_14_10_50_48_048_539_817.mp3', '2020-02-14 10:50:49', '2428557'),
(150, '寻常歌', 21, '2020_02_14_10_50_55_055_315_570.jpg', '不才', '书致故乡人，十二年春已过&nbsp;&nbsp;&nbsp;&nbsp;万事逐流去，也顺遂也蹉跎&nbsp;&nbsp;&nbsp;&nbsp;路比岁月长，心事更无从说&nbsp;&nbsp;&nbsp;&nbsp;钟声夕阳外，落笔竟无措，&nbsp;&nbsp;&nbsp;&nbsp;只敢问春风如何&nbsp;&nbsp;&nbsp;&nbsp;昨夜梦回中，推窗见小村落&nbsp;&nbsp;&nbsp;&nbsp;童言说无忌，拥身坐看天河&nbsp;&nbsp;&nbsp;&nbsp;枯荣青草地，故人音容在侧&nbsp;&nbsp;&nbsp;&nbsp;落木萧萧下，合眼见神佛，&nbsp;&nbsp;&nbsp;&nbsp;痛快痛恨都照彻&nbsp;&nbsp;&nbsp;&nbsp;&nbsp;&nbsp;&nbsp;&nbsp;桃花都吹落，春秋都吹落&nbsp;&nbsp;&nbsp;&nbsp;最懂竟是梦中那一刻&nbsp;&nbsp;&nbsp;&nbsp;长生长漂泊，复醒复作客&nbsp;&nbsp;&nbsp;&nbsp;年头年尾各自活&nbsp;&nbsp;&nbsp;&nbsp;遍地又如何，春光又如何&nbsp;&nbsp;&nbsp;&nbsp;纷纷求不得&nbsp;&nbsp;&nbsp;&nbsp;“所幸”不过是，寻常人间事&nbsp;&nbsp;&nbsp;&nbsp;作首寻常歌&nbsp;&nbsp;&nbsp;&nbsp;&nbsp;&nbsp;&nbsp;&nbsp;如今太平世，繁华里空消磨&nbsp;&nbsp;&nbsp;&nbsp;说到头还是，旧红尘看不破&nbsp;&nbsp;&nbsp;&nbsp;风雨伸手遮，永别如何捱过&nbsp;&nbsp;&nbsp;&nbsp;走马去兰台，灯火连天阔，&nbsp;&nbsp;&nbsp;&nbsp;看不见悲欢离合&nbsp;&nbsp;&nbsp;&nbsp;&nbsp;&nbsp;&nbsp;&nbsp;桃花都吹落，春秋都吹落&nbsp;&nbsp;&nbsp;&nbsp;最懂竟是梦中那一刻&nbsp;&nbsp;&nbsp;&nbsp;长生长漂泊，复醒复作客&nbsp;&nbsp;&nbsp;&nbsp;年头年尾各自活&nbsp;&nbsp;&nbsp;&nbsp;遍地又如何，春光又如何&nbsp;&nbsp;&nbsp;&nbsp;纷纷求不得&nbsp;&nbsp;&nbsp;&nbsp;“所幸”不过是，寻常人间事&nbsp;&nbsp;&nbsp;&nbsp;作首寻常歌&nbsp;&nbsp;&nbsp;&nbsp;&nbsp;&nbsp;&nbsp;&nbsp;也只能懂得，永不会懂得&nbsp;&nbsp;&nbsp;&nbsp;流离失所却不动声色&nbsp;&nbsp;&nbsp;&nbsp;所以多少人，满堂欢声里&nbsp;&nbsp;&nbsp;&nbsp;凝望着酒杯沉默&nbsp;&nbsp;&nbsp;&nbsp;遍地又如何，春光又如何&nbsp;&nbsp;&nbsp;&nbsp;纷纷求不得&nbsp;&nbsp;&nbsp;&nbsp;“所幸”不过是，寻常人间事&nbsp;&nbsp;&nbsp;&nbsp;作首寻常歌&nbsp;&nbsp;&nbsp;&nbsp;&nbsp;&nbsp;&nbsp;&nbsp;编曲&弦乐编写&监制：张峰棣&nbsp;&nbsp;&nbsp;&nbsp;制作人：不才&nbsp;&nbsp;&nbsp;&nbsp;和声&和声编写：阿南Saa&nbsp;&nbsp;&nbsp;&nbsp;弦乐：国际首席爱乐乐团&nbsp;&nbsp;&nbsp;&nbsp;大提琴独奏：张平&nbsp;&nbsp;&nbsp;&nbsp;人声监制：吴繁&nbsp;&nbsp;&nbsp;&nbsp;人声录音师：于舜&nbsp;&nbsp;&nbsp;&nbsp;人声录音棚：FUN STUDIO&nbsp;&nbsp;&nbsp;&nbsp;母带/缩混：龚骏&nbsp;&nbsp;&nbsp;&nbsp;', '2020_02_14_10_50_55_055_404_76.mp3', '2020-02-14 10:50:56', '1383011136'),
(151, '关山酒', 21, '2020_02_14_10_50_56_056_124_734.jpg', '小魂', '&nbsp;&nbsp;&nbsp;&nbsp;词曲改编：李遇&nbsp;&nbsp;&nbsp;&nbsp;编曲：吕宏斌/苏珂&nbsp;&nbsp;&nbsp;&nbsp;&nbsp;&nbsp;&nbsp;&nbsp;我自关山点酒 千秋皆入喉&nbsp;&nbsp;&nbsp;&nbsp;更有沸雪酌与风云某&nbsp;&nbsp;&nbsp;&nbsp;我是千里故人 青山应白首&nbsp;&nbsp;&nbsp;&nbsp;年少犹借银枪逞风流&nbsp;&nbsp;&nbsp;&nbsp;几载风雪卷刃 朔风同孤昼&nbsp;&nbsp;&nbsp;&nbsp;瞧得乱石处 一般嶙峋瘦&nbsp;&nbsp;&nbsp;&nbsp;塞外硝烟未断 黄云遍地愁&nbsp;&nbsp;&nbsp;&nbsp;侥幸红梅久 不曾下枝头&nbsp;&nbsp;&nbsp;&nbsp;大漠长烟入我怀 潦草小作运筹&nbsp;&nbsp;&nbsp;&nbsp;踏破飞沙执剑斩仇寇&nbsp;&nbsp;&nbsp;&nbsp;待到残阳暮花火 那春风上重楼&nbsp;&nbsp;&nbsp;&nbsp;烽火不尽长安囚&nbsp;&nbsp;&nbsp;&nbsp;我自关山点酒 千秋皆入喉&nbsp;&nbsp;&nbsp;&nbsp;更有沸雪酌与风云某&nbsp;&nbsp;&nbsp;&nbsp;我是千里故人 青山应白首&nbsp;&nbsp;&nbsp;&nbsp;年少犹借银枪逞风流&nbsp;&nbsp;&nbsp;&nbsp;&nbsp;&nbsp;&nbsp;&nbsp;我曾长安走马 十街任斗酒&nbsp;&nbsp;&nbsp;&nbsp;惊梦照烽火 今宵试新鍪&nbsp;&nbsp;&nbsp;&nbsp;天命轻狂不休 应似孤鸿一游&nbsp;&nbsp;&nbsp;&nbsp;怪人间尽是多情人鬼愁&nbsp;&nbsp;&nbsp;&nbsp;纵意而歌起舞袖 玉椀浆斟北斗&nbsp;&nbsp;&nbsp;&nbsp;醉眼迷眸只为一人侑&nbsp;&nbsp;&nbsp;&nbsp;金戈铁马破城楼 任烽火燃眉肉&nbsp;&nbsp;&nbsp;&nbsp;河山万里 誓与君同守&nbsp;&nbsp;&nbsp;&nbsp;我自关山点酒 千秋皆入喉&nbsp;&nbsp;&nbsp;&nbsp;更有沸雪酌与风云某&nbsp;&nbsp;&nbsp;&nbsp;我是千里故人青山应白首&nbsp;&nbsp;&nbsp;&nbsp;年少犹借银枪逞风流&nbsp;&nbsp;&nbsp;&nbsp;我自关山点酒 千秋皆入喉&nbsp;&nbsp;&nbsp;&nbsp;更有沸雪酌与风云某&nbsp;&nbsp;&nbsp;&nbsp;我是千里故人 青山应白首&nbsp;&nbsp;&nbsp;&nbsp;年少犹借银枪逞风流&nbsp;&nbsp;&nbsp;&nbsp;&nbsp;&nbsp;&nbsp;&nbsp;吉他：吕宏斌&nbsp;&nbsp;&nbsp;&nbsp;笛子：囚牛&nbsp;&nbsp;&nbsp;&nbsp;二胡：陆二胡&nbsp;&nbsp;&nbsp;&nbsp;和声/和声编写：常玮&nbsp;&nbsp;&nbsp;&nbsp;录音：殇小谨&nbsp;&nbsp;&nbsp;&nbsp;混音：李晨曦&nbsp;&nbsp;&nbsp;&nbsp;封面：小草清清&nbsp;&nbsp;&nbsp;&nbsp;监制：潇喆Sean/张博文Byan Z&nbsp;&nbsp;&nbsp;&nbsp;OP：鲸鱼向海（北京）文化有限公司', '2020_02_14_10_50_56_056_414_659.mp3', '2020-02-14 10:50:57', '1388334766'),
(152, '望江亭', 21, '2020_02_14_10_50_57_057_803_163.jpg', '万象凡音', '观其复昆曲《望江亭中秋切鲙》宣传曲&nbsp;&nbsp;&nbsp;&nbsp;（樊宁）&nbsp;&nbsp;&nbsp;&nbsp;中秋 明月 江波&nbsp;&nbsp;&nbsp;&nbsp;与你看潮起潮落&nbsp;&nbsp;&nbsp;&nbsp;望江 亭畔 高歌 &nbsp;&nbsp;&nbsp;&nbsp;和你醉语话说&nbsp;&nbsp;&nbsp;&nbsp;因缘总是费周折&nbsp;&nbsp;&nbsp;&nbsp;没你就会太寂寞&nbsp;&nbsp;&nbsp;&nbsp;（黄诗扶）&nbsp;&nbsp;&nbsp;&nbsp;扁舟 一叶 渔火 &nbsp;&nbsp;&nbsp;&nbsp;独赴这危险之约&nbsp;&nbsp;&nbsp;&nbsp;只为 心上 人儿 &nbsp;&nbsp;&nbsp;&nbsp;不再受痛苦折磨&nbsp;&nbsp;&nbsp;&nbsp;只因这里有个我&nbsp;&nbsp;&nbsp;&nbsp;不管前方是汤是火&nbsp;&nbsp;&nbsp;&nbsp;（樊宁）&nbsp;&nbsp;&nbsp;&nbsp;本是人生无意&nbsp;&nbsp;&nbsp;&nbsp;只因流年犯你&nbsp;&nbsp;&nbsp;&nbsp;名唤谭记&nbsp;&nbsp;&nbsp;&nbsp;（黄诗扶）&nbsp;&nbsp;&nbsp;&nbsp;本是毫不在意&nbsp;&nbsp;&nbsp;&nbsp;为何遇着是你&nbsp;&nbsp;&nbsp;&nbsp;（合）&nbsp;&nbsp;&nbsp;&nbsp;望江亭外 似水流年&nbsp;&nbsp;&nbsp;&nbsp;饮酒对诗 佳人难眠&nbsp;&nbsp;&nbsp;&nbsp;西江赏月 夜行游船&nbsp;&nbsp;&nbsp;&nbsp;人生难得此缘见&nbsp;&nbsp;&nbsp;&nbsp;一种心思在心间&nbsp;&nbsp;&nbsp;&nbsp;（Music）&nbsp;&nbsp;&nbsp;&nbsp;净：望江亭好景致啊 &nbsp;&nbsp;&nbsp;&nbsp;旦：好鲜鱼也&nbsp;&nbsp;&nbsp;&nbsp;旦：大人再饮一杯吧&nbsp;&nbsp;&nbsp;&nbsp;（樊宁）&nbsp;&nbsp;&nbsp;&nbsp;扁舟 一叶 渔火 &nbsp;&nbsp;&nbsp;&nbsp;独赴这危险之约&nbsp;&nbsp;&nbsp;&nbsp;只为 心上 人儿 &nbsp;&nbsp;&nbsp;&nbsp;不再受痛苦折磨&nbsp;&nbsp;&nbsp;&nbsp;（黄诗扶）&nbsp;&nbsp;&nbsp;&nbsp;只因这里有个我&nbsp;&nbsp;&nbsp;&nbsp;不管前方是汤是火&nbsp;&nbsp;&nbsp;&nbsp;（樊宁）&nbsp;&nbsp;&nbsp;&nbsp;本是人生无意&nbsp;&nbsp;&nbsp;&nbsp;只因流年犯你&nbsp;&nbsp;&nbsp;&nbsp;名唤谭记&nbsp;&nbsp;&nbsp;&nbsp;（黄诗扶）&nbsp;&nbsp;&nbsp;&nbsp;本是毫不在意&nbsp;&nbsp;&nbsp;&nbsp;为何遇着是你&nbsp;&nbsp;&nbsp;&nbsp;（合）&nbsp;&nbsp;&nbsp;&nbsp;望江亭外 似水流年&nbsp;&nbsp;&nbsp;&nbsp;饮酒对诗 佳人难眠&nbsp;&nbsp;&nbsp;&nbsp;西江赏月 夜行游船&nbsp;&nbsp;&nbsp;&nbsp;人生难得此缘见&nbsp;&nbsp;&nbsp;&nbsp;一种心思在心间&nbsp;&nbsp;&nbsp;&nbsp;-&nbsp;&nbsp;&nbsp;&nbsp;编曲：孟令达&nbsp;&nbsp;&nbsp;&nbsp;混音：赵靖&nbsp;&nbsp;&nbsp;&nbsp;念白（旦）：邵天帅&nbsp;&nbsp;&nbsp;&nbsp;念白（净）：史舒越&nbsp;&nbsp;&nbsp;&nbsp;笛：刘天录&nbsp;&nbsp;&nbsp;&nbsp;古筝：王燕&nbsp;&nbsp;&nbsp;&nbsp;板鼓：李永昇&nbsp;&nbsp;&nbsp;&nbsp;录音：汝文博 @SPEEDBUMPS MUSIC&nbsp;&nbsp;&nbsp;&nbsp;封面设计：顾如愿&nbsp;&nbsp;&nbsp;&nbsp;特别鸣谢：李尚谦&nbsp;&nbsp;&nbsp;&nbsp;出品：北方昆曲剧院&nbsp;&nbsp;&nbsp;&nbsp;', '2020_02_14_10_50_57_057_524_138.mp3', '2020-02-14 10:50:58', '1379884243'),
(153, '千里行走', 21, '2020_02_14_10_50_58_058_744_952.jpg', '暗杠', '暗杠：&nbsp;&nbsp;&nbsp;&nbsp;昙花香 月色荒&nbsp;&nbsp;&nbsp;&nbsp;莫回首 裹行囊&nbsp;&nbsp;&nbsp;&nbsp;漂泊在江湖路上&nbsp;&nbsp;&nbsp;&nbsp;悲欢早寄留远方&nbsp;&nbsp;&nbsp;&nbsp;路艰险 世道忙&nbsp;&nbsp;&nbsp;&nbsp;恩怨多 是非长&nbsp;&nbsp;&nbsp;&nbsp;太多的凡尘琐事&nbsp;&nbsp;&nbsp;&nbsp;都要将我的前路遮挡&nbsp;&nbsp;&nbsp;&nbsp;寅子：&nbsp;&nbsp;&nbsp;&nbsp;独行者 心惶惶&nbsp;&nbsp;&nbsp;&nbsp;叹流年 鬓微霜&nbsp;&nbsp;&nbsp;&nbsp;举盏小酌后&nbsp;&nbsp;&nbsp;&nbsp;醉叹岁月经过太匆忙&nbsp;&nbsp;&nbsp;&nbsp;老来后 多健忘&nbsp;&nbsp;&nbsp;&nbsp;临水处 搭一房&nbsp;&nbsp;&nbsp;&nbsp;忆孟浪时光荏苒&nbsp;&nbsp;&nbsp;&nbsp;是该击节唱年少轻狂&nbsp;&nbsp;&nbsp;&nbsp;合：&nbsp;&nbsp;&nbsp;&nbsp;夜雨高楼空饮晚风&nbsp;&nbsp;&nbsp;&nbsp;七八盏&nbsp;&nbsp;&nbsp;&nbsp;思虑平素莫逆之交&nbsp;&nbsp;&nbsp;&nbsp;二三人&nbsp;&nbsp;&nbsp;&nbsp;纵马追寻千里行走&nbsp;&nbsp;&nbsp;&nbsp;寻微茫&nbsp;&nbsp;&nbsp;&nbsp;红尘作伴快意潇洒&nbsp;&nbsp;&nbsp;&nbsp;上轻装&nbsp;&nbsp;&nbsp;&nbsp;&nbsp;&nbsp;&nbsp;&nbsp;寅子：&nbsp;&nbsp;&nbsp;&nbsp;昙花香 月色荒&nbsp;&nbsp;&nbsp;&nbsp;莫回首 裹行囊&nbsp;&nbsp;&nbsp;&nbsp;漂泊在江湖路上&nbsp;&nbsp;&nbsp;&nbsp;悲欢早寄留远方&nbsp;&nbsp;&nbsp;&nbsp;路艰险 世道忙&nbsp;&nbsp;&nbsp;&nbsp;恩怨多 是非长&nbsp;&nbsp;&nbsp;&nbsp;太多的凡尘琐事&nbsp;&nbsp;&nbsp;&nbsp;都要将我的前路遮挡&nbsp;&nbsp;&nbsp;&nbsp;暗杠：&nbsp;&nbsp;&nbsp;&nbsp;独行者 心惶惶&nbsp;&nbsp;&nbsp;&nbsp;叹流年 鬓微霜&nbsp;&nbsp;&nbsp;&nbsp;举盏小酌后&nbsp;&nbsp;&nbsp;&nbsp;醉叹岁月经过太匆忙&nbsp;&nbsp;&nbsp;&nbsp;老来后 多健忘&nbsp;&nbsp;&nbsp;&nbsp;临水处 搭一房&nbsp;&nbsp;&nbsp;&nbsp;忆孟浪时光荏苒&nbsp;&nbsp;&nbsp;&nbsp;是该击节唱年少轻狂&nbsp;&nbsp;&nbsp;&nbsp;合：&nbsp;&nbsp;&nbsp;&nbsp;夜雨高楼空饮晚风&nbsp;&nbsp;&nbsp;&nbsp;七八盏&nbsp;&nbsp;&nbsp;&nbsp;思虑平素莫逆之交&nbsp;&nbsp;&nbsp;&nbsp;二三人&nbsp;&nbsp;&nbsp;&nbsp;纵马追寻千里行走&nbsp;&nbsp;&nbsp;&nbsp;寻微茫&nbsp;&nbsp;&nbsp;&nbsp;红尘作伴快意潇洒&nbsp;&nbsp;&nbsp;&nbsp;上轻装&nbsp;&nbsp;&nbsp;&nbsp;夜雨高楼空饮晚风&nbsp;&nbsp;&nbsp;&nbsp;七八盏&nbsp;&nbsp;&nbsp;&nbsp;思虑平素莫逆之交&nbsp;&nbsp;&nbsp;&nbsp;二三人&nbsp;&nbsp;&nbsp;&nbsp;纵马追寻千里行走&nbsp;&nbsp;&nbsp;&nbsp;寻微茫&nbsp;&nbsp;&nbsp;&nbsp;红尘作伴快意潇洒&nbsp;&nbsp;&nbsp;&nbsp;上轻装&nbsp;&nbsp;&nbsp;&nbsp;制作人：暗杠&nbsp;&nbsp;&nbsp;&nbsp;编曲：Paat、暗杠&nbsp;&nbsp;&nbsp;&nbsp;吉他：Paat&nbsp;&nbsp;&nbsp;&nbsp;贝斯：米拉丁&nbsp;&nbsp;&nbsp;&nbsp;呼麦：那日苏&nbsp;&nbsp;&nbsp;&nbsp;鼓：也尔布洛&nbsp;&nbsp;&nbsp;&nbsp;马头琴：那日苏&nbsp;&nbsp;&nbsp;&nbsp;录音：夏坚&nbsp;&nbsp;&nbsp;&nbsp;混音及母带：白志森&nbsp;&nbsp;&nbsp;&nbsp;和声及编写：暗杠&nbsp;&nbsp;&nbsp;&nbsp;监制：陈默&nbsp;&nbsp;&nbsp;&nbsp;书法：龙渊&nbsp;&nbsp;&nbsp;&nbsp;封面设计：梦雅', '2020_02_14_10_50_58_058_605_566.mp3', '2020-02-14 10:50:59', '1385144622'),
(154, 'Gentle only to you (Bootleg)', 21, '2020_02_14_10_50_59_059_293_11.jpg', '苏冬涛', '暂无歌词', '2020_02_14_10_51_00_000_108_533.mp3', '2020-02-14 10:51:00', '1398507789'),
(155, 'Numb', 21, '2020_02_14_10_51_00_000_217_166.jpg', 'Linkin Park', 'i\'m tied of being what you want me to be&nbsp;&nbsp;&nbsp;&nbsp;feeling so faithless lost unde the suface&nbsp;&nbsp;&nbsp;&nbsp;don\'t know what you\'e expecting of me&nbsp;&nbsp;&nbsp;&nbsp;put unde the pessue of walking in you shoes&nbsp;&nbsp;&nbsp;&nbsp;caught in the undetow just caught in the undetow&nbsp;&nbsp;&nbsp;&nbsp;evey step i take is anothe mistake to you&nbsp;&nbsp;&nbsp;&nbsp;caught in the undetow just caught in the undetow&nbsp;&nbsp;&nbsp;&nbsp;i\'ve become so numb i can\'t feel you thee&nbsp;&nbsp;&nbsp;&nbsp;i\'ve become so tied so much moe awae&nbsp;&nbsp;&nbsp;&nbsp;i\'ve becoming this all i want to do&nbsp;&nbsp;&nbsp;&nbsp;is be moe like me and be less like you&nbsp;&nbsp;&nbsp;&nbsp;can\'t you see that you\'e smotheing me&nbsp;&nbsp;&nbsp;&nbsp;holding too tightly afaid to lose contol&nbsp;&nbsp;&nbsp;&nbsp;cause eveything that you thought i would be&nbsp;&nbsp;&nbsp;&nbsp;has fallen apat ight in font of you&nbsp;&nbsp;&nbsp;&nbsp;caught in the undetow just caught in the undetow&nbsp;&nbsp;&nbsp;&nbsp;evey step that i take is anothe mistake to you&nbsp;&nbsp;&nbsp;&nbsp;caught in the undetow just caught in the undetow&nbsp;&nbsp;&nbsp;&nbsp;and evey second i waste is moe than i can take&nbsp;&nbsp;&nbsp;&nbsp;i\'ve become so numb i can\'t feel you thee&nbsp;&nbsp;&nbsp;&nbsp;i\'ve become so tied so much moe awae&nbsp;&nbsp;&nbsp;&nbsp;i\'ve becoming this all i want to do&nbsp;&nbsp;&nbsp;&nbsp;is be moe like me and be less like you&nbsp;&nbsp;&nbsp;&nbsp;and i know&nbsp;&nbsp;&nbsp;&nbsp;i may end up failing too&nbsp;&nbsp;&nbsp;&nbsp;but i know&nbsp;&nbsp;&nbsp;&nbsp;you wee just like me with someone disappointed in you&nbsp;&nbsp;&nbsp;&nbsp;i\'ve become so numb i can\'t feel you thee&nbsp;&nbsp;&nbsp;&nbsp;i\'ve become so tied so much moe awae&nbsp;&nbsp;&nbsp;&nbsp;i\'ve becoming this all i want to do&nbsp;&nbsp;&nbsp;&nbsp;is be moe like me and be less like you&nbsp;&nbsp;&nbsp;&nbsp;i\'ve become so numb i can\'t feel you thee&nbsp;&nbsp;&nbsp;&nbsp;is eveything what you want me to be&nbsp;&nbsp;&nbsp;&nbsp;i\'ve become so numb i can\'t feel you thee&nbsp;&nbsp;&nbsp;&nbsp;I\'m tied of being what you want me to be', '2020_02_14_10_51_00_000_697_759.mp3', '2020-02-14 10:51:01', '4153366'),
(156, 'Escape', 21, '2020_02_14_10_51_01_001_244_575.jpg', 'A7i', '纯音乐，请欣赏&nbsp;&nbsp;&nbsp;&nbsp;&nbsp;&nbsp;&nbsp;&nbsp;新年快乐', '2020_02_14_10_51_01_001_351_281.mp3', '2020-02-14 10:51:02', '1418006406'),
(157, 'In The End', 21, '2020_02_14_10_51_02_002_527_756.jpg', 'Linkin Park', 'by私丶Dina酱&nbsp;&nbsp;&nbsp;&nbsp;It stats with one thing&nbsp;&nbsp;&nbsp;&nbsp;I don\'t know why&nbsp;&nbsp;&nbsp;&nbsp;It doesn\'t even matte&nbsp;&nbsp;&nbsp;&nbsp;How had you ty&nbsp;&nbsp;&nbsp;&nbsp;Keep that in mind&nbsp;&nbsp;&nbsp;&nbsp;I designed this hyme&nbsp;&nbsp;&nbsp;&nbsp;To explain in due time&nbsp;&nbsp;&nbsp;&nbsp;All I know&nbsp;&nbsp;&nbsp;&nbsp;Time is a valuable thing&nbsp;&nbsp;&nbsp;&nbsp;Watch it fly by&nbsp;&nbsp;&nbsp;&nbsp;As the pendulum swings&nbsp;&nbsp;&nbsp;&nbsp;Watch it count down&nbsp;&nbsp;&nbsp;&nbsp;To the end of the day&nbsp;&nbsp;&nbsp;&nbsp;The clock ticks life away&nbsp;&nbsp;&nbsp;&nbsp;It\'s so uneal&nbsp;&nbsp;&nbsp;&nbsp;Didn\'t look out below&nbsp;&nbsp;&nbsp;&nbsp;Watch the time go&nbsp;&nbsp;&nbsp;&nbsp;Right out the window&nbsp;&nbsp;&nbsp;&nbsp;Tying to hold on,&nbsp;&nbsp;&nbsp;&nbsp;But didn\'t even know&nbsp;&nbsp;&nbsp;&nbsp;Wasted it all just&nbsp;&nbsp;&nbsp;&nbsp;To watch you go&nbsp;&nbsp;&nbsp;&nbsp;I kept eveything inside and&nbsp;&nbsp;&nbsp;&nbsp;Even though I tied,&nbsp;&nbsp;&nbsp;&nbsp;It all fell apat&nbsp;&nbsp;&nbsp;&nbsp;What it meant to me will&nbsp;&nbsp;&nbsp;&nbsp;Eventually be a&nbsp;&nbsp;&nbsp;&nbsp;Memoy of a time when&nbsp;&nbsp;&nbsp;&nbsp;I tied so had&nbsp;&nbsp;&nbsp;&nbsp;And got so fa&nbsp;&nbsp;&nbsp;&nbsp;But in the end&nbsp;&nbsp;&nbsp;&nbsp;It doesn\'t even matte&nbsp;&nbsp;&nbsp;&nbsp;I had to fall&nbsp;&nbsp;&nbsp;&nbsp;To lose it all&nbsp;&nbsp;&nbsp;&nbsp;But in the end&nbsp;&nbsp;&nbsp;&nbsp;It doesn\'t even matte&nbsp;&nbsp;&nbsp;&nbsp;One thing,&nbsp;&nbsp;&nbsp;&nbsp;I don\'t know why&nbsp;&nbsp;&nbsp;&nbsp;It doesn’t even matte&nbsp;&nbsp;&nbsp;&nbsp;How had you ty,&nbsp;&nbsp;&nbsp;&nbsp;Keep that in mind&nbsp;&nbsp;&nbsp;&nbsp;I designed this hyme,&nbsp;&nbsp;&nbsp;&nbsp;To emind myself how&nbsp;&nbsp;&nbsp;&nbsp;I tied so had&nbsp;&nbsp;&nbsp;&nbsp;In spite of the way&nbsp;&nbsp;&nbsp;&nbsp;You wee mocking me&nbsp;&nbsp;&nbsp;&nbsp;Acting like I was&nbsp;&nbsp;&nbsp;&nbsp;Pat of you popety&nbsp;&nbsp;&nbsp;&nbsp;Remembeing all the&nbsp;&nbsp;&nbsp;&nbsp;Times you fought with me&nbsp;&nbsp;&nbsp;&nbsp;I\'m supised it got so fa&nbsp;&nbsp;&nbsp;&nbsp;Things aen\'t the way&nbsp;&nbsp;&nbsp;&nbsp;They wee befoe&nbsp;&nbsp;&nbsp;&nbsp;You wouldn\'t even&nbsp;&nbsp;&nbsp;&nbsp;Recognise me anymoe&nbsp;&nbsp;&nbsp;&nbsp;Not that you&nbsp;&nbsp;&nbsp;&nbsp;Knew me back then&nbsp;&nbsp;&nbsp;&nbsp;But it all comes&nbsp;&nbsp;&nbsp;&nbsp;Back to me in the end&nbsp;&nbsp;&nbsp;&nbsp;You kept eveything inside&nbsp;&nbsp;&nbsp;&nbsp;And even though I tied,&nbsp;&nbsp;&nbsp;&nbsp;It all fell apat&nbsp;&nbsp;&nbsp;&nbsp;What it meant to me will&nbsp;&nbsp;&nbsp;&nbsp;Eventually be a&nbsp;&nbsp;&nbsp;&nbsp;Memoy of a time when I&nbsp;&nbsp;&nbsp;&nbsp;I tied so had&nbsp;&nbsp;&nbsp;&nbsp;And got so fa&nbsp;&nbsp;&nbsp;&nbsp;But in the end&nbsp;&nbsp;&nbsp;&nbsp;It doesn\'t even matte&nbsp;&nbsp;&nbsp;&nbsp;I had to fall&nbsp;&nbsp;&nbsp;&nbsp;To lose it all&nbsp;&nbsp;&nbsp;&nbsp;But in the end&nbsp;&nbsp;&nbsp;&nbsp;It doesn\'t even matte&nbsp;&nbsp;&nbsp;&nbsp;I\'ve put my tust in you&nbsp;&nbsp;&nbsp;&nbsp;Pushed as fa as I can go&nbsp;&nbsp;&nbsp;&nbsp;Fo all this&nbsp;&nbsp;&nbsp;&nbsp;Thee\'s only one thing you should know&nbsp;&nbsp;&nbsp;&nbsp;I\'ve put my tust in you&nbsp;&nbsp;&nbsp;&nbsp;Pushed as fa as I can go&nbsp;&nbsp;&nbsp;&nbsp;Fo all this&nbsp;&nbsp;&nbsp;&nbsp;Thee\'s only one thing you should know&nbsp;&nbsp;&nbsp;&nbsp;I tied so had&nbsp;&nbsp;&nbsp;&nbsp;And got so fa&nbsp;&nbsp;&nbsp;&nbsp;But in the end&nbsp;&nbsp;&nbsp;&nbsp;It doesn\'t even matte&nbsp;&nbsp;&nbsp;&nbsp;I had to fall&nbsp;&nbsp;&nbsp;&nbsp;To lose it all&nbsp;&nbsp;&nbsp;&nbsp;But in the end&nbsp;&nbsp;&nbsp;&nbsp;It doesn\'t even matte&nbsp;&nbsp;&nbsp;&nbsp;', '2020_02_14_10_51_02_002_973_656.mp3', '2020-02-14 10:51:03', '28837234');
INSERT INTO `music` (`id`, `musicname`, `typeid`, `image`, `singer`, `lyric`, `url`, `createtime`, `wid`) VALUES
(158, 'Easy Come', 22, '2020_02_14_10_51_04_004_617_794.jpg', 'Antoine Chambe', 'by小陀螺Tony&nbsp;&nbsp;&nbsp;&nbsp;Don\'t ovethink things baby\r&nbsp;&nbsp;&nbsp;&nbsp;\'Cause I know that you do\r&nbsp;&nbsp;&nbsp;&nbsp;You\'ve been a stange lately\r&nbsp;&nbsp;&nbsp;&nbsp;And I know that\'s not you\r&nbsp;&nbsp;&nbsp;&nbsp;Easy come easy go\r&nbsp;&nbsp;&nbsp;&nbsp;No need to fight about it\r&nbsp;&nbsp;&nbsp;&nbsp;Easy come easy go\r&nbsp;&nbsp;&nbsp;&nbsp;No stess I\'m good without it\r&nbsp;&nbsp;&nbsp;&nbsp;Easy come easy go\r&nbsp;&nbsp;&nbsp;&nbsp;Let\'s keep it fun and simple\r&nbsp;&nbsp;&nbsp;&nbsp;Easy come easy go\r&nbsp;&nbsp;&nbsp;&nbsp;\r&nbsp;&nbsp;&nbsp;&nbsp;You know my lovin\' is no sweat\r&nbsp;&nbsp;&nbsp;&nbsp;It\'s no sweat mmm\r&nbsp;&nbsp;&nbsp;&nbsp;It\'s no sweat\r&nbsp;&nbsp;&nbsp;&nbsp;It\'s no sweat mmm\r&nbsp;&nbsp;&nbsp;&nbsp;It\'s no sweat\r&nbsp;&nbsp;&nbsp;&nbsp;It\'s no sweat mmm\r&nbsp;&nbsp;&nbsp;&nbsp;It\'s no sweat\r&nbsp;&nbsp;&nbsp;&nbsp;It\'s no sweat mmm\r&nbsp;&nbsp;&nbsp;&nbsp;\r&nbsp;&nbsp;&nbsp;&nbsp;Don\'t ovethink things baby\r&nbsp;&nbsp;&nbsp;&nbsp;\'Cause I know that you do\r&nbsp;&nbsp;&nbsp;&nbsp;You\'ve been a stange lately\r&nbsp;&nbsp;&nbsp;&nbsp;And I know that\'s not you\r&nbsp;&nbsp;&nbsp;&nbsp;Easy come easy go\r&nbsp;&nbsp;&nbsp;&nbsp;No need to fight about it\r&nbsp;&nbsp;&nbsp;&nbsp;Easy come easy go\r&nbsp;&nbsp;&nbsp;&nbsp;No stess I\'m good without it\r&nbsp;&nbsp;&nbsp;&nbsp;Easy come easy go\r&nbsp;&nbsp;&nbsp;&nbsp;Let\'s keep it fun and simple\r&nbsp;&nbsp;&nbsp;&nbsp;Easy come easy go\r&nbsp;&nbsp;&nbsp;&nbsp;\r&nbsp;&nbsp;&nbsp;&nbsp;You know my lovin\' is no sweat\r&nbsp;&nbsp;&nbsp;&nbsp;It\'s no sweat mmm\r&nbsp;&nbsp;&nbsp;&nbsp;It\'s no sweat\r&nbsp;&nbsp;&nbsp;&nbsp;It\'s no sweat mmm\r&nbsp;&nbsp;&nbsp;&nbsp;It\'s no sweat\r&nbsp;&nbsp;&nbsp;&nbsp;It\'s no sweat mmm\r&nbsp;&nbsp;&nbsp;&nbsp;It\'s no sweat\r&nbsp;&nbsp;&nbsp;&nbsp;It\'s no sweat mmm', '2020_02_14_10_51_04_004_728_448.mp3', '2020-02-14 10:51:04', '1369930486'),
(159, 'ProgHouse (DJ版)', 22, '2020_02_14_10_51_04_004_627_645.jpg', '泽亦龙', '暂无歌词', '2020_02_14_10_51_04_004_255_201.mp3', '2020-02-14 10:51:05', '1397288794'),
(160, 'Ялюблю', 22, '2020_02_14_10_51_05_005_722_265.jpg', 'aEZi', 'Ta fala ty veten&nbsp;&nbsp;&nbsp;&nbsp;Si asnjei tjetë&nbsp;&nbsp;&nbsp;&nbsp;Se t\'kam dasht&nbsp;&nbsp;&nbsp;&nbsp;E ndenjat mu tetën&nbsp;&nbsp;&nbsp;&nbsp;Me ta fal ty jetën&nbsp;&nbsp;&nbsp;&nbsp;T\'jemi bashkë&nbsp;&nbsp;&nbsp;&nbsp;&nbsp;&nbsp;&nbsp;&nbsp;Të doje si unë ti&nbsp;&nbsp;&nbsp;&nbsp;Nuk munde jo, jo ti&nbsp;&nbsp;&nbsp;&nbsp;Më duhet të ndjej&nbsp;&nbsp;&nbsp;&nbsp;mungesën tënde pëjetë&nbsp;&nbsp;&nbsp;&nbsp;çdo ditë që mungon ti&nbsp;&nbsp;&nbsp;&nbsp;Ikën nga një copë shpiti&nbsp;&nbsp;&nbsp;&nbsp;Dua të t\'shoh, po jo ti nuk je&nbsp;&nbsp;&nbsp;&nbsp;&nbsp;&nbsp;&nbsp;&nbsp;Këtu s\'do jem unë&nbsp;&nbsp;&nbsp;&nbsp;Do jem lagua, ah sa lag&nbsp;&nbsp;&nbsp;&nbsp;Të ndjeja unë tepë&nbsp;&nbsp;&nbsp;&nbsp;E ti jo me zemë, ah sa pak&nbsp;&nbsp;&nbsp;&nbsp;&nbsp;&nbsp;&nbsp;&nbsp;Të doje si unë ti&nbsp;&nbsp;&nbsp;&nbsp;Nuk munde jo, jo ti&nbsp;&nbsp;&nbsp;&nbsp;Më duhet të ndjej&nbsp;&nbsp;&nbsp;&nbsp;mungesën tënde pëjetë&nbsp;&nbsp;&nbsp;&nbsp;çdo ditë që mungon ti&nbsp;&nbsp;&nbsp;&nbsp;Ikën nga një copë shpiti&nbsp;&nbsp;&nbsp;&nbsp;Dua të t\'shoh, po jo ti nuk je&nbsp;&nbsp;&nbsp;&nbsp;&nbsp;&nbsp;&nbsp;&nbsp;Të doje si unë ti&nbsp;&nbsp;&nbsp;&nbsp;Nuk munde jo, jo ti&nbsp;&nbsp;&nbsp;&nbsp;Më duhet të ndjej&nbsp;&nbsp;&nbsp;&nbsp;mungesën tënde pëjetë&nbsp;&nbsp;&nbsp;&nbsp;çdo ditë që mungon ti&nbsp;&nbsp;&nbsp;&nbsp;&nbsp;&nbsp;&nbsp;&nbsp;Ikën nga një copë shpiti&nbsp;&nbsp;&nbsp;&nbsp;Dua të t\'shoh, po jo ti nuk je&nbsp;&nbsp;&nbsp;&nbsp;Të doje si unë ti&nbsp;&nbsp;&nbsp;&nbsp;Nuk munde jo, jo ti&nbsp;&nbsp;&nbsp;&nbsp;Më duhet të ndjej&nbsp;&nbsp;&nbsp;&nbsp;mungesën tënde pëjetë&nbsp;&nbsp;&nbsp;&nbsp;çdo ditë që mungon ti&nbsp;&nbsp;&nbsp;&nbsp;Ikën nga një copë shpiti&nbsp;&nbsp;&nbsp;&nbsp;Dua të t\'shoh, po jo ti nuk je', '2020_02_14_10_51_05_005_165_381.mp3', '2020-02-14 10:51:06', '1383992461'),
(161, 'ea7DаDаDа上山做虎 ( Remix)', 22, '2020_02_14_10_51_06_006_208_848.jpg', 'AJIMUSTANG', '暂无歌词', '2020_02_14_10_51_06_006_291_399.mp3', '2020-02-14 10:51:06', '1407432061'),
(162, 'True', 22, '2020_02_14_10_51_07_007_860_92.jpg', '山岡晃', '暂无歌词', '2020_02_14_10_51_07_007_532_733.mp3', '2020-02-14 10:51:08', '18861484'),
(163, 'Forest', 22, '2020_02_14_10_51_08_008_859_343.jpg', '山岡晃', '暂无歌词', '2020_02_14_10_51_08_008_806_129.mp3', '2020-02-14 10:51:08', '18861463'),
(164, 'Chapter VII', 22, '2020_02_14_10_51_09_009_68_466.jpg', 'Estatic Fear', '暂无歌词', '2020_02_14_10_51_09_009_788_448.mp3', '2020-02-14 10:51:10', '1300961'),
(165, 'Viima', 22, '2020_02_14_10_51_10_010_442_626.jpg', 'October Falls', '暂无歌词', '2020_02_14_10_51_10_010_548_739.mp3', '2020-02-14 10:51:11', '28763277'),
(166, '周杰伦 - 我不配', 10, '2020_04_17_22_01_29_029_758466.jpg', '周杰伦', '<p><span style=\"color: rgb(33, 37, 41); font-family: -apple-system, BlinkMacSystemFont, &quot;Segoe UI&quot;, Roboto, &quot;Helvetica Neue&quot;, Arial, sans-serif, &quot;Apple Color Emoji&quot;, &quot;Segoe UI Emoji&quot;, &quot;Segoe UI Symbol&quot;, &quot;Noto Color Emoji&quot;; background-color: rgb(255, 255, 255);\">周杰伦 - 我不配</span><span style=\"color: rgb(33, 37, 41); font-family: -apple-system, BlinkMacSystemFont, &quot;Segoe UI&quot;, Roboto, &quot;Helvetica Neue&quot;, Arial, sans-serif, &quot;Apple Color Emoji&quot;, &quot;Segoe UI Emoji&quot;, &quot;Segoe UI Symbol&quot;, &quot;Noto Color Emoji&quot;; background-color: rgb(255, 255, 255);\">周杰伦 - 我不配</span><span style=\"color: rgb(33, 37, 41); font-family: -apple-system, BlinkMacSystemFont, &quot;Segoe UI&quot;, Roboto, &quot;Helvetica Neue&quot;, Arial, sans-serif, &quot;Apple Color Emoji&quot;, &quot;Segoe UI Emoji&quot;, &quot;Segoe UI Symbol&quot;, &quot;Noto Color Emoji&quot;; background-color: rgb(255, 255, 255);\">周杰伦 - 我不配</span><span style=\"color: rgb(33, 37, 41); font-family: -apple-system, BlinkMacSystemFont, &quot;Segoe UI&quot;, Roboto, &quot;Helvetica Neue&quot;, Arial, sans-serif, &quot;Apple Color Emoji&quot;, &quot;Segoe UI Emoji&quot;, &quot;Segoe UI Symbol&quot;, &quot;Noto Color Emoji&quot;; background-color: rgb(255, 255, 255);\">周杰伦 - 我不配</span><span style=\"color: rgb(33, 37, 41); font-family: -apple-system, BlinkMacSystemFont, &quot;Segoe UI&quot;, Roboto, &quot;Helvetica Neue&quot;, Arial, sans-serif, &quot;Apple Color Emoji&quot;, &quot;Segoe UI Emoji&quot;, &quot;Segoe UI Symbol&quot;, &quot;Noto Color Emoji&quot;; background-color: rgb(255, 255, 255);\">周杰伦 - 我不配</span><span style=\"color: rgb(33, 37, 41); font-family: -apple-system, BlinkMacSystemFont, &quot;Segoe UI&quot;, Roboto, &quot;Helvetica Neue&quot;, Arial, sans-serif, &quot;Apple Color Emoji&quot;, &quot;Segoe UI Emoji&quot;, &quot;Segoe UI Symbol&quot;, &quot;Noto Color Emoji&quot;; background-color: rgb(255, 255, 255);\">周杰伦 - 我不配</span><span style=\"color: rgb(33, 37, 41); font-family: -apple-system, BlinkMacSystemFont, &quot;Segoe UI&quot;, Roboto, &quot;Helvetica Neue&quot;, Arial, sans-serif, &quot;Apple Color Emoji&quot;, &quot;Segoe UI Emoji&quot;, &quot;Segoe UI Symbol&quot;, &quot;Noto Color Emoji&quot;; background-color: rgb(255, 255, 255);\">周杰伦 - 我不配</span><span style=\"color: rgb(33, 37, 41); font-family: -apple-system, BlinkMacSystemFont, &quot;Segoe UI&quot;, Roboto, &quot;Helvetica Neue&quot;, Arial, sans-serif, &quot;Apple Color Emoji&quot;, &quot;Segoe UI Emoji&quot;, &quot;Segoe UI Symbol&quot;, &quot;Noto Color Emoji&quot;; background-color: rgb(255, 255, 255);\">周杰伦 - 我不配</span><span style=\"color: rgb(33, 37, 41); font-family: -apple-system, BlinkMacSystemFont, &quot;Segoe UI&quot;, Roboto, &quot;Helvetica Neue&quot;, Arial, sans-serif, &quot;Apple Color Emoji&quot;, &quot;Segoe UI Emoji&quot;, &quot;Segoe UI Symbol&quot;, &quot;Noto Color Emoji&quot;; background-color: rgb(255, 255, 255);\">周杰伦 - 我不配</span><span style=\"color: rgb(33, 37, 41); font-family: -apple-system, BlinkMacSystemFont, &quot;Segoe UI&quot;, Roboto, &quot;Helvetica Neue&quot;, Arial, sans-serif, &quot;Apple Color Emoji&quot;, &quot;Segoe UI Emoji&quot;, &quot;Segoe UI Symbol&quot;, &quot;Noto Color Emoji&quot;; background-color: rgb(255, 255, 255);\">周杰伦 - 我不配</span><span style=\"color: rgb(33, 37, 41); font-family: -apple-system, BlinkMacSystemFont, &quot;Segoe UI&quot;, Roboto, &quot;Helvetica Neue&quot;, Arial, sans-serif, &quot;Apple Color Emoji&quot;, &quot;Segoe UI Emoji&quot;, &quot;Segoe UI Symbol&quot;, &quot;Noto Color Emoji&quot;; background-color: rgb(255, 255, 255);\">周杰伦 - 我不配</span><span style=\"color: rgb(33, 37, 41); font-family: -apple-system, BlinkMacSystemFont, &quot;Segoe UI&quot;, Roboto, &quot;Helvetica Neue&quot;, Arial, sans-serif, &quot;Apple Color Emoji&quot;, &quot;Segoe UI Emoji&quot;, &quot;Segoe UI Symbol&quot;, &quot;Noto Color Emoji&quot;; background-color: rgb(255, 255, 255);\">周杰伦 - 我不配</span><span style=\"background-color: rgb(255, 255, 255); color: rgb(33, 37, 41); font-family: -apple-system, BlinkMacSystemFont, &quot;Segoe UI&quot;, Roboto, &quot;Helvetica Neue&quot;, Arial, sans-serif, &quot;Apple Color Emoji&quot;, &quot;Segoe UI Emoji&quot;, &quot;Segoe UI Symbol&quot;, &quot;Noto Color Emoji&quot;;\">周杰伦 - 我不配</span><span style=\"color: rgb(33, 37, 41); font-family: -apple-system, BlinkMacSystemFont, &quot;Segoe UI&quot;, Roboto, &quot;Helvetica Neue&quot;, Arial, sans-serif, &quot;Apple Color Emoji&quot;, &quot;Segoe UI Emoji&quot;, &quot;Segoe UI Symbol&quot;, &quot;Noto Color Emoji&quot;; background-color: rgb(255, 255, 255);\">周杰伦 - 我不配</span><span style=\"background-color: rgb(255, 255, 255); color: rgb(33, 37, 41); font-family: -apple-system, BlinkMacSystemFont, &quot;Segoe UI&quot;, Roboto, &quot;Helvetica Neue&quot;, Arial, sans-serif, &quot;Apple Color Emoji&quot;, &quot;Segoe UI Emoji&quot;, &quot;Segoe UI Symbol&quot;, &quot;Noto Color Emoji&quot;;\">周杰伦 - 我不配</span><span style=\"color: rgb(33, 37, 41); font-family: -apple-system, BlinkMacSystemFont, &quot;Segoe UI&quot;, Roboto, &quot;Helvetica Neue&quot;, Arial, sans-serif, &quot;Apple Color Emoji&quot;, &quot;Segoe UI Emoji&quot;, &quot;Segoe UI Symbol&quot;, &quot;Noto Color Emoji&quot;; background-color: rgb(255, 255, 255);\">周杰伦 - 我不配</span><span style=\"color: rgb(33, 37, 41); font-family: -apple-system, BlinkMacSystemFont, &quot;Segoe UI&quot;, Roboto, &quot;Helvetica Neue&quot;, Arial, sans-serif, &quot;Apple Color Emoji&quot;, &quot;Segoe UI Emoji&quot;, &quot;Segoe UI Symbol&quot;, &quot;Noto Color Emoji&quot;; background-color: rgb(255, 255, 255);\">周杰伦 - 我不配</span><span style=\"background-color: rgb(255, 255, 255); color: rgb(33, 37, 41); font-family: -apple-system, BlinkMacSystemFont, &quot;Segoe UI&quot;, Roboto, &quot;Helvetica Neue&quot;, Arial, sans-serif, &quot;Apple Color Emoji&quot;, &quot;Segoe UI Emoji&quot;, &quot;Segoe UI Symbol&quot;, &quot;Noto Color Emoji&quot;;\">周杰伦 - 我不配</span><span style=\"color: rgb(33, 37, 41); font-family: -apple-system, BlinkMacSystemFont, &quot;Segoe UI&quot;, Roboto, &quot;Helvetica Neue&quot;, Arial, sans-serif, &quot;Apple Color Emoji&quot;, &quot;Segoe UI Emoji&quot;, &quot;Segoe UI Symbol&quot;, &quot;Noto Color Emoji&quot;; background-color: rgb(255, 255, 255);\">周杰伦 - 我不配</span><span style=\"color: rgb(33, 37, 41); font-family: -apple-system, BlinkMacSystemFont, &quot;Segoe UI&quot;, Roboto, &quot;Helvetica Neue&quot;, Arial, sans-serif, &quot;Apple Color Emoji&quot;, &quot;Segoe UI Emoji&quot;, &quot;Segoe UI Symbol&quot;, &quot;Noto Color Emoji&quot;; background-color: rgb(255, 255, 255);\">周杰伦 - 我不配</span><span style=\"background-color: rgb(255, 255, 255); color: rgb(33, 37, 41); font-family: -apple-system, BlinkMacSystemFont, &quot;Segoe UI&quot;, Roboto, &quot;Helvetica Neue&quot;, Arial, sans-serif, &quot;Apple Color Emoji&quot;, &quot;Segoe UI Emoji&quot;, &quot;Segoe UI Symbol&quot;, &quot;Noto Color Emoji&quot;;\">周杰伦 - 我不配</span><span style=\"color: rgb(33, 37, 41); font-family: -apple-system, BlinkMacSystemFont, &quot;Segoe UI&quot;, Roboto, &quot;Helvetica Neue&quot;, Arial, sans-serif, &quot;Apple Color Emoji&quot;, &quot;Segoe UI Emoji&quot;, &quot;Segoe UI Symbol&quot;, &quot;Noto Color Emoji&quot;; background-color: rgb(255, 255, 255);\">周杰伦 - 我不配</span><span style=\"color: rgb(33, 37, 41); font-family: -apple-system, BlinkMacSystemFont, &quot;Segoe UI&quot;, Roboto, &quot;Helvetica Neue&quot;, Arial, sans-serif, &quot;Apple Color Emoji&quot;, &quot;Segoe UI Emoji&quot;, &quot;Segoe UI Symbol&quot;, &quot;Noto Color Emoji&quot;; background-color: rgb(255, 255, 255);\">周杰伦 - 我不配</span><span style=\"background-color: rgb(255, 255, 255); color: rgb(33, 37, 41); font-family: -apple-system, BlinkMacSystemFont, &quot;Segoe UI&quot;, Roboto, &quot;Helvetica Neue&quot;, Arial, sans-serif, &quot;Apple Color Emoji&quot;, &quot;Segoe UI Emoji&quot;, &quot;Segoe UI Symbol&quot;, &quot;Noto Color Emoji&quot;;\">周杰伦 - 我不配</span><span style=\"color: rgb(33, 37, 41); font-family: -apple-system, BlinkMacSystemFont, &quot;Segoe UI&quot;, Roboto, &quot;Helvetica Neue&quot;, Arial, sans-serif, &quot;Apple Color Emoji&quot;, &quot;Segoe UI Emoji&quot;, &quot;Segoe UI Symbol&quot;, &quot;Noto Color Emoji&quot;; background-color: rgb(255, 255, 255);\">周杰伦 - 我不配</span><span style=\"background-color: rgb(255, 255, 255); color: rgb(33, 37, 41); font-family: -apple-system, BlinkMacSystemFont, &quot;Segoe UI&quot;, Roboto, &quot;Helvetica Neue&quot;, Arial, sans-serif, &quot;Apple Color Emoji&quot;, &quot;Segoe UI Emoji&quot;, &quot;Segoe UI Symbol&quot;, &quot;Noto Color Emoji&quot;;\">周杰伦 - 我不配</span><span style=\"color: rgb(33, 37, 41); font-family: -apple-system, BlinkMacSystemFont, &quot;Segoe UI&quot;, Roboto, &quot;Helvetica Neue&quot;, Arial, sans-serif, &quot;Apple Color Emoji&quot;, &quot;Segoe UI Emoji&quot;, &quot;Segoe UI Symbol&quot;, &quot;Noto Color Emoji&quot;; background-color: rgb(255, 255, 255);\">周杰伦 - 我不配</span><span style=\"color: rgb(33, 37, 41); font-family: -apple-system, BlinkMacSystemFont, &quot;Segoe UI&quot;, Roboto, &quot;Helvetica Neue&quot;, Arial, sans-serif, &quot;Apple Color Emoji&quot;, &quot;Segoe UI Emoji&quot;, &quot;Segoe UI Symbol&quot;, &quot;Noto Color Emoji&quot;; background-color: rgb(255, 255, 255);\">周杰伦 - 我不配</span><span style=\"background-color: rgb(255, 255, 255); color: rgb(33, 37, 41); font-family: -apple-system, BlinkMacSystemFont, &quot;Segoe UI&quot;, Roboto, &quot;Helvetica Neue&quot;, Arial, sans-serif, &quot;Apple Color Emoji&quot;, &quot;Segoe UI Emoji&quot;, &quot;Segoe UI Symbol&quot;, &quot;Noto Color Emoji&quot;;\">周杰伦 - 我不配</span><span style=\"color: rgb(33, 37, 41); font-family: -apple-system, BlinkMacSystemFont, &quot;Segoe UI&quot;, Roboto, &quot;Helvetica Neue&quot;, Arial, sans-serif, &quot;Apple Color Emoji&quot;, &quot;Segoe UI Emoji&quot;, &quot;Segoe UI Symbol&quot;, &quot;Noto Color Emoji&quot;; background-color: rgb(255, 255, 255);\">周杰伦 - 我不配</span><span style=\"background-color: rgb(255, 255, 255); color: rgb(33, 37, 41); font-family: -apple-system, BlinkMacSystemFont, &quot;Segoe UI&quot;, Roboto, &quot;Helvetica Neue&quot;, Arial, sans-serif, &quot;Apple Color Emoji&quot;, &quot;Segoe UI Emoji&quot;, &quot;Segoe UI Symbol&quot;, &quot;Noto Color Emoji&quot;;\">周杰伦 - 我不配</span><span style=\"color: rgb(33, 37, 41); font-family: -apple-system, BlinkMacSystemFont, &quot;Segoe UI&quot;, Roboto, &quot;Helvetica Neue&quot;, Arial, sans-serif, &quot;Apple Color Emoji&quot;, &quot;Segoe UI Emoji&quot;, &quot;Segoe UI Symbol&quot;, &quot;Noto Color Emoji&quot;; background-color: rgb(255, 255, 255);\">周杰伦 - 我不配</span><span style=\"color: rgb(33, 37, 41); font-family: -apple-system, BlinkMacSystemFont, &quot;Segoe UI&quot;, Roboto, &quot;Helvetica Neue&quot;, Arial, sans-serif, &quot;Apple Color Emoji&quot;, &quot;Segoe UI Emoji&quot;, &quot;Segoe UI Symbol&quot;, &quot;Noto Color Emoji&quot;; background-color: rgb(255, 255, 255);\">周杰伦 - 我不配</span><span style=\"background-color: rgb(255, 255, 255); color: rgb(33, 37, 41); font-family: -apple-system, BlinkMacSystemFont, &quot;Segoe UI&quot;, Roboto, &quot;Helvetica Neue&quot;, Arial, sans-serif, &quot;Apple Color Emoji&quot;, &quot;Segoe UI Emoji&quot;, &quot;Segoe UI Symbol&quot;, &quot;Noto Color Emoji&quot;;\">周杰伦 - 我不配</span><span style=\"color: rgb(33, 37, 41); font-family: -apple-system, BlinkMacSystemFont, &quot;Segoe UI&quot;, Roboto, &quot;Helvetica Neue&quot;, Arial, sans-serif, &quot;Apple Color Emoji&quot;, &quot;Segoe UI Emoji&quot;, &quot;Segoe UI Symbol&quot;, &quot;Noto Color Emoji&quot;; background-color: rgb(255, 255, 255);\">周杰伦 - 我不配</span><span style=\"background-color: rgb(255, 255, 255); color: rgb(33, 37, 41); font-family: -apple-system, BlinkMacSystemFont, &quot;Segoe UI&quot;, Roboto, &quot;Helvetica Neue&quot;, Arial, sans-serif, &quot;Apple Color Emoji&quot;, &quot;Segoe UI Emoji&quot;, &quot;Segoe UI Symbol&quot;, &quot;Noto Color Emoji&quot;;\">周杰伦 - 我不配</span><span style=\"color: rgb(33, 37, 41); font-family: -apple-system, BlinkMacSystemFont, &quot;Segoe UI&quot;, Roboto, &quot;Helvetica Neue&quot;, Arial, sans-serif, &quot;Apple Color Emoji&quot;, &quot;Segoe UI Emoji&quot;, &quot;Segoe UI Symbol&quot;, &quot;Noto Color Emoji&quot;; background-color: rgb(255, 255, 255);\">周杰伦 - 我不配</span><span style=\"color: rgb(33, 37, 41); font-family: -apple-system, BlinkMacSystemFont, &quot;Segoe UI&quot;, Roboto, &quot;Helvetica Neue&quot;, Arial, sans-serif, &quot;Apple Color Emoji&quot;, &quot;Segoe UI Emoji&quot;, &quot;Segoe UI Symbol&quot;, &quot;Noto Color Emoji&quot;; background-color: rgb(255, 255, 255);\">周杰伦 - 我不配</span><span style=\"background-color: rgb(255, 255, 255); color: rgb(33, 37, 41); font-family: -apple-system, BlinkMacSystemFont, &quot;Segoe UI&quot;, Roboto, &quot;Helvetica Neue&quot;, Arial, sans-serif, &quot;Apple Color Emoji&quot;, &quot;Segoe UI Emoji&quot;, &quot;Segoe UI Symbol&quot;, &quot;Noto Color Emoji&quot;;\">周杰伦 - 我不配</span><span style=\"color: rgb(33, 37, 41); font-family: -apple-system, BlinkMacSystemFont, &quot;Segoe UI&quot;, Roboto, &quot;Helvetica Neue&quot;, Arial, sans-serif, &quot;Apple Color Emoji&quot;, &quot;Segoe UI Emoji&quot;, &quot;Segoe UI Symbol&quot;, &quot;Noto Color Emoji&quot;; background-color: rgb(255, 255, 255);\">周杰伦 - 我不配</span><span style=\"background-color: rgb(255, 255, 255); color: rgb(33, 37, 41); font-family: -apple-system, BlinkMacSystemFont, &quot;Segoe UI&quot;, Roboto, &quot;Helvetica Neue&quot;, Arial, sans-serif, &quot;Apple Color Emoji&quot;, &quot;Segoe UI Emoji&quot;, &quot;Segoe UI Symbol&quot;, &quot;Noto Color Emoji&quot;;\">周杰伦 - 我不配</span><span style=\"color: rgb(33, 37, 41); font-family: -apple-system, BlinkMacSystemFont, &quot;Segoe UI&quot;, Roboto, &quot;Helvetica Neue&quot;, Arial, sans-serif, &quot;Apple Color Emoji&quot;, &quot;Segoe UI Emoji&quot;, &quot;Segoe UI Symbol&quot;, &quot;Noto Color Emoji&quot;; background-color: rgb(255, 255, 255);\">周杰伦 - 我不配</span><span style=\"background-color: rgb(255, 255, 255); color: rgb(33, 37, 41); font-family: -apple-system, BlinkMacSystemFont, &quot;Segoe UI&quot;, Roboto, &quot;Helvetica Neue&quot;, Arial, sans-serif, &quot;Apple Color Emoji&quot;, &quot;Segoe UI Emoji&quot;, &quot;Segoe UI Symbol&quot;, &quot;Noto Color Emoji&quot;;\">周杰伦 - 我不配</span><span style=\"color: rgb(33, 37, 41); font-family: -apple-system, BlinkMacSystemFont, &quot;Segoe UI&quot;, Roboto, &quot;Helvetica Neue&quot;, Arial, sans-serif, &quot;Apple Color Emoji&quot;, &quot;Segoe UI Emoji&quot;, &quot;Segoe UI Symbol&quot;, &quot;Noto Color Emoji&quot;; background-color: rgb(255, 255, 255);\">周杰伦 - 我不配</span><span style=\"color: rgb(33, 37, 41); font-family: -apple-system, BlinkMacSystemFont, &quot;Segoe UI&quot;, Roboto, &quot;Helvetica Neue&quot;, Arial, sans-serif, &quot;Apple Color Emoji&quot;, &quot;Segoe UI Emoji&quot;, &quot;Segoe UI Symbol&quot;, &quot;Noto Color Emoji&quot;; background-color: rgb(255, 255, 255);\">周杰伦 - 我不配</span><span style=\"background-color: rgb(255, 255, 255); color: rgb(33, 37, 41); font-family: -apple-system, BlinkMacSystemFont, &quot;Segoe UI&quot;, Roboto, &quot;Helvetica Neue&quot;, Arial, sans-serif, &quot;Apple Color Emoji&quot;, &quot;Segoe UI Emoji&quot;, &quot;Segoe UI Symbol&quot;, &quot;Noto Color Emoji&quot;;\">周杰伦 - 我不配</span><span style=\"color: rgb(33, 37, 41); font-family: -apple-system, BlinkMacSystemFont, &quot;Segoe UI&quot;, Roboto, &quot;Helvetica Neue&quot;, Arial, sans-serif, &quot;Apple Color Emoji&quot;, &quot;Segoe UI Emoji&quot;, &quot;Segoe UI Symbol&quot;, &quot;Noto Color Emoji&quot;; background-color: rgb(255, 255, 255);\">周杰伦 - 我不配</span><span style=\"background-color: rgb(255, 255, 255); color: rgb(33, 37, 41); font-family: -apple-system, BlinkMacSystemFont, &quot;Segoe UI&quot;, Roboto, &quot;Helvetica Neue&quot;, Arial, sans-serif, &quot;Apple Color Emoji&quot;, &quot;Segoe UI Emoji&quot;, &quot;Segoe UI Symbol&quot;, &quot;Noto Color Emoji&quot;;\">周杰伦 - 我不配</span><span style=\"color: rgb(33, 37, 41); font-family: -apple-system, BlinkMacSystemFont, &quot;Segoe UI&quot;, Roboto, &quot;Helvetica Neue&quot;, Arial, sans-serif, &quot;Apple Color Emoji&quot;, &quot;Segoe UI Emoji&quot;, &quot;Segoe UI Symbol&quot;, &quot;Noto Color Emoji&quot;; background-color: rgb(255, 255, 255);\">周杰伦 - 我不配</span><span style=\"color: rgb(33, 37, 41); font-family: -apple-system, BlinkMacSystemFont, &quot;Segoe UI&quot;, Roboto, &quot;Helvetica Neue&quot;, Arial, sans-serif, &quot;Apple Color Emoji&quot;, &quot;Segoe UI Emoji&quot;, &quot;Segoe UI Symbol&quot;, &quot;Noto Color Emoji&quot;; background-color: rgb(255, 255, 255);\">周杰伦 - 我不配</span><span style=\"background-color: rgb(255, 255, 255); color: rgb(33, 37, 41); font-family: -apple-system, BlinkMacSystemFont, &quot;Segoe UI&quot;, Roboto, &quot;Helvetica Neue&quot;, Arial, sans-serif, &quot;Apple Color Emoji&quot;, &quot;Segoe UI Emoji&quot;, &quot;Segoe UI Symbol&quot;, &quot;Noto Color Emoji&quot;;\">周杰伦 - 我不配</span></p>', '2020_04_17_22_01_47_047_309598.mp3', '2020-04-17 22:02:04', NULL),
(167, '周杰伦 - 夜曲', 10, '2020_04_17_22_02_35_035_319075.jpg', '周杰伦', '<p><span style=\"color: rgb(33, 37, 41); font-family: -apple-system, BlinkMacSystemFont, &quot;Segoe UI&quot;, Roboto, &quot;Helvetica Neue&quot;, Arial, sans-serif, &quot;Apple Color Emoji&quot;, &quot;Segoe UI Emoji&quot;, &quot;Segoe UI Symbol&quot;, &quot;Noto Color Emoji&quot;; background-color: rgb(255, 255, 255);\">周杰伦 - 夜曲</span><span style=\"color: rgb(33, 37, 41); font-family: -apple-system, BlinkMacSystemFont, &quot;Segoe UI&quot;, Roboto, &quot;Helvetica Neue&quot;, Arial, sans-serif, &quot;Apple Color Emoji&quot;, &quot;Segoe UI Emoji&quot;, &quot;Segoe UI Symbol&quot;, &quot;Noto Color Emoji&quot;; background-color: rgb(255, 255, 255);\">周杰伦 - 夜曲</span><span style=\"color: rgb(33, 37, 41); font-family: -apple-system, BlinkMacSystemFont, &quot;Segoe UI&quot;, Roboto, &quot;Helvetica Neue&quot;, Arial, sans-serif, &quot;Apple Color Emoji&quot;, &quot;Segoe UI Emoji&quot;, &quot;Segoe UI Symbol&quot;, &quot;Noto Color Emoji&quot;; background-color: rgb(255, 255, 255);\">周杰伦 - 夜曲</span><span style=\"color: rgb(33, 37, 41); font-family: -apple-system, BlinkMacSystemFont, &quot;Segoe UI&quot;, Roboto, &quot;Helvetica Neue&quot;, Arial, sans-serif, &quot;Apple Color Emoji&quot;, &quot;Segoe UI Emoji&quot;, &quot;Segoe UI Symbol&quot;, &quot;Noto Color Emoji&quot;; background-color: rgb(255, 255, 255);\">周杰伦 - 夜曲</span><span style=\"color: rgb(33, 37, 41); font-family: -apple-system, BlinkMacSystemFont, &quot;Segoe UI&quot;, Roboto, &quot;Helvetica Neue&quot;, Arial, sans-serif, &quot;Apple Color Emoji&quot;, &quot;Segoe UI Emoji&quot;, &quot;Segoe UI Symbol&quot;, &quot;Noto Color Emoji&quot;; background-color: rgb(255, 255, 255);\">周杰伦 - 夜曲</span><span style=\"color: rgb(33, 37, 41); font-family: -apple-system, BlinkMacSystemFont, &quot;Segoe UI&quot;, Roboto, &quot;Helvetica Neue&quot;, Arial, sans-serif, &quot;Apple Color Emoji&quot;, &quot;Segoe UI Emoji&quot;, &quot;Segoe UI Symbol&quot;, &quot;Noto Color Emoji&quot;; background-color: rgb(255, 255, 255);\">周杰伦 - 夜曲</span></p>', '2020_04_17_22_02_27_027_356438.mp3', '2020-04-17 22:02:37', NULL),
(168, '周杰伦 - 青花瓷', 10, '2020_04_17_22_03_07_007_402449.jpg', '周杰伦', '<p><span style=\"color: rgb(33, 37, 41); font-family: -apple-system, BlinkMacSystemFont, &quot;Segoe UI&quot;, Roboto, &quot;Helvetica Neue&quot;, Arial, sans-serif, &quot;Apple Color Emoji&quot;, &quot;Segoe UI Emoji&quot;, &quot;Segoe UI Symbol&quot;, &quot;Noto Color Emoji&quot;; background-color: rgb(255, 255, 255);\">周杰伦 - 青花瓷</span><span style=\"color: rgb(33, 37, 41); font-family: -apple-system, BlinkMacSystemFont, &quot;Segoe UI&quot;, Roboto, &quot;Helvetica Neue&quot;, Arial, sans-serif, &quot;Apple Color Emoji&quot;, &quot;Segoe UI Emoji&quot;, &quot;Segoe UI Symbol&quot;, &quot;Noto Color Emoji&quot;; background-color: rgb(255, 255, 255);\">周杰伦 - 青花瓷</span></p>', '2020_04_17_22_02_53_053_141967.mp3', '2020-04-17 22:03:10', NULL);

-- --------------------------------------------------------

--
-- 表的结构 `playlist`
--

CREATE TABLE `playlist` (
  `id` int(11) NOT NULL,
  `playlistname` varchar(255) DEFAULT NULL COMMENT '歌单名称',
  `userid` int(11) DEFAULT NULL COMMENT '用户主键',
  `createtime` varchar(255) DEFAULT NULL COMMENT '添加时间'
) ENGINE=InnoDB DEFAULT CHARSET=utf8 COMMENT='歌单表';

--
-- 转存表中的数据 `playlist`
--

INSERT INTO `playlist` (`id`, `playlistname`, `userid`, `createtime`) VALUES
(1, 'sometimes', 1, '2020-02-14 15:21:11'),
(2, '测试歌单', 4, '2020-04-16 22:37:29'),
(3, 'jay', 4, '2020-04-17 22:03:36'),
(4, 'sometimes', 4, '2020-10-16 13:35:04'),
(7, 'sometimes2', 11, '2020-10-18 22:29:22'),
(8, 'sometimes', 11, '2020-10-18 22:33:30'),
(11, '最爱', 16, '2021-01-04 10:24:47'),
(12, 'nn ', 19, '2021-01-08 20:33:29'),
(13, '你不宝贝', 18, '2021-01-08 20:39:42'),
(14, '试试', 21, '2021-01-10 18:14:32'),
(15, 'ceshi', 26, '2022-05-18 14:25:44'),
(16, '好歌', 26, '2022-05-18 15:34:30'),
(17, '喜欢', 27, '2022-05-18 15:37:31');

-- --------------------------------------------------------

--
-- 表的结构 `playlistrecord`
--

CREATE TABLE `playlistrecord` (
  `id` int(11) NOT NULL COMMENT '主键',
  `playlistid` int(11) DEFAULT NULL COMMENT '歌单主键',
  `musicid` int(11) DEFAULT NULL COMMENT '音乐主键',
  `createtime` varchar(255) DEFAULT NULL COMMENT '添加时间'
) ENGINE=InnoDB DEFAULT CHARSET=utf8 COMMENT='歌单记录表';

--
-- 转存表中的数据 `playlistrecord`
--

INSERT INTO `playlistrecord` (`id`, `playlistid`, `musicid`, `createtime`) VALUES
(1, 1, 147, '2020-02-14 15:21:16'),
(2, 1, 1, '2020-02-14 15:33:00'),
(3, 2, 1, '2020-04-16 22:39:38'),
(4, 2, 147, '2020-04-16 22:39:48'),
(5, 2, 148, '2020-04-16 22:39:54'),
(6, 2, 165, '2020-04-17 09:57:23'),
(7, 2, 159, '2020-04-17 09:57:31'),
(8, 2, 5, '2020-04-17 09:57:43'),
(9, 2, 2, '2020-04-17 09:57:53'),
(10, 2, 152, '2020-04-17 09:58:04'),
(11, 2, 150, '2020-04-17 09:58:10'),
(12, 2, 153, '2020-04-17 09:58:16'),
(13, 2, 154, '2020-04-17 09:58:21'),
(14, 3, 168, '2020-04-17 22:03:41'),
(15, 3, 167, '2020-04-17 22:03:47'),
(16, 3, 166, '2020-04-17 22:03:53'),
(17, 4, 167, '2020-10-16 13:54:34'),
(18, 8, 167, '2020-10-18 22:53:22'),
(22, 11, 6, '2021-01-04 10:24:56'),
(23, 12, 168, '2021-01-08 20:33:45'),
(24, 13, 55, '2021-01-08 20:39:51'),
(25, 14, 168, '2021-01-10 18:14:37'),
(26, 14, 167, '2021-01-10 18:17:03'),
(27, 17, 3, '2022-05-18 15:43:52');

-- --------------------------------------------------------

--
-- 表的结构 `playrecord`
--

CREATE TABLE `playrecord` (
  `id` int(11) NOT NULL COMMENT '主键',
  `userid` int(11) DEFAULT NULL COMMENT '用户主键',
  `musicid` int(11) DEFAULT NULL COMMENT '音乐主键',
  `createtime` varchar(255) DEFAULT NULL COMMENT '添加时间'
) ENGINE=InnoDB DEFAULT CHARSET=utf8 COMMENT='播放记录表';

--
-- 转存表中的数据 `playrecord`
--

INSERT INTO `playrecord` (`id`, `userid`, `musicid`, `createtime`) VALUES
(71, 11, 167, '2020-10-18 23:15:50'),
(72, 11, 167, '2020-10-18 23:15:55'),
(78, 4, 166, '2020-10-20 20:50:41'),
(79, 4, 166, '2020-10-20 20:55:31'),
(80, 4, 166, '2020-10-20 21:00:20'),
(81, 4, 166, '2020-10-20 21:05:09'),
(82, 4, 166, '2020-10-20 21:09:58'),
(83, 4, 166, '2020-10-20 21:14:46'),
(84, 4, 166, '2020-10-20 21:19:35'),
(85, 4, 166, '2020-10-20 21:24:24'),
(86, 4, 166, '2020-10-20 21:29:13'),
(87, 4, 166, '2020-10-20 21:34:02'),
(88, 4, 166, '2020-10-20 21:38:51'),
(89, 4, 166, '2020-10-20 21:43:39'),
(90, 4, 166, '2020-10-20 21:48:28'),
(91, 4, 166, '2020-10-20 21:53:17'),
(92, 1, 147, '2020-10-20 22:02:35'),
(93, 1, 167, '2020-10-20 22:02:54'),
(94, 15, 166, '2020-11-14 10:32:46'),
(95, 15, 168, '2020-11-14 10:33:19'),
(96, 16, 7, '2021-01-04 09:27:11'),
(97, 16, 7, '2021-01-04 09:28:33'),
(98, 16, 7, '2021-01-04 09:28:36'),
(99, 16, 166, '2021-01-04 09:33:32'),
(100, 16, 166, '2021-01-04 09:33:57'),
(101, 16, 168, '2021-01-04 09:48:43'),
(102, 16, 168, '2021-01-04 09:49:07'),
(103, 16, 168, '2021-01-04 09:51:47'),
(104, 16, 168, '2021-01-04 09:52:11'),
(105, 16, 166, '2021-01-04 09:52:22'),
(106, 16, 167, '2021-01-04 10:04:57'),
(107, 16, 167, '2021-01-04 10:09:01'),
(108, 16, 167, '2021-01-04 10:12:48'),
(109, 16, 167, '2021-01-04 10:16:35'),
(110, 16, 161, '2021-01-04 11:28:47'),
(111, 21, 168, '2021-01-10 18:14:16'),
(112, 21, 168, '2021-01-10 18:16:46'),
(113, 26, 16, '2022-05-18 14:24:00'),
(114, 26, 131, '2022-05-18 14:25:15'),
(115, 26, 131, '2022-05-18 14:25:23'),
(116, 26, 162, '2022-05-18 14:25:46'),
(117, 26, 55, '2022-05-18 14:26:56'),
(118, 26, 1, '2022-05-18 14:34:37'),
(119, 26, 163, '2022-05-18 15:32:32'),
(120, 26, 35, '2022-05-18 15:32:53'),
(121, 26, 83, '2022-05-18 15:33:22'),
(122, 26, 103, '2022-05-18 15:34:49'),
(123, 27, 47, '2022-05-18 15:36:46'),
(124, 27, 8, '2022-05-18 15:42:08'),
(125, 27, 3, '2022-05-18 15:43:54'),
(126, 28, 168, '2022-05-18 15:49:12'),
(127, 28, 168, '2022-05-18 15:49:17'),
(128, 28, 24, '2022-05-18 15:49:26');

-- --------------------------------------------------------

--
-- 表的结构 `scorerecord`
--

CREATE TABLE `scorerecord` (
  `id` int(11) NOT NULL COMMENT '主键',
  `score` int(11) DEFAULT NULL COMMENT '评分',
  `userid` int(11) DEFAULT NULL COMMENT '用户主键',
  `musicid` int(11) DEFAULT NULL COMMENT '音乐主键',
  `createtime` varchar(255) DEFAULT NULL COMMENT '添加时间'
) ENGINE=InnoDB DEFAULT CHARSET=utf8 COMMENT='评分记录表';

--
-- 转存表中的数据 `scorerecord`
--

INSERT INTO `scorerecord` (`id`, `score`, `userid`, `musicid`, `createtime`) VALUES
(1, 2, 1, 148, '2020-02-14 11:12:57'),
(2, 5, 4, 163, '2020-04-16 21:35:46'),
(3, 2, 4, 167, '2020-10-16 14:35:21'),
(4, 2, 4, 167, '2020-10-16 14:35:29'),
(8, 5, 11, 167, '2020-10-18 23:41:09'),
(9, 2, 11, 166, '2020-10-18 23:41:14'),
(10, 4, 11, 168, '2020-10-18 23:41:18'),
(13, 3, 4, 161, '2020-10-20 21:55:50'),
(14, 4, 4, 162, '2020-10-20 21:55:54'),
(15, 3, 4, 168, '2020-10-20 21:55:58'),
(16, 3, 4, 164, '2020-10-20 21:56:02'),
(17, 3, 4, 133, '2020-10-20 21:56:12'),
(18, 3, 4, 8, '2020-10-20 21:56:23'),
(19, 4, 4, 7, '2020-10-20 21:56:32'),
(20, 3, 4, 6, '2020-10-20 21:56:36'),
(21, 5, 4, 5, '2020-10-20 21:56:39'),
(22, 4, 4, 4, '2020-10-20 21:56:43'),
(23, 5, 1, 167, '2020-10-20 21:57:17'),
(24, 2, 1, 168, '2020-10-20 21:57:21'),
(25, 5, 1, 163, '2020-10-20 21:57:28'),
(26, 3, 1, 161, '2020-10-20 21:57:32'),
(27, 2, 1, 8, '2020-10-20 21:57:43'),
(28, 4, 1, 7, '2020-10-20 21:57:46'),
(29, 4, 1, 2, '2020-10-20 21:57:51'),
(30, 1, 1, 1, '2020-10-20 21:57:55'),
(31, 4, 2, 168, '2020-10-20 21:58:16'),
(32, 5, 2, 167, '2020-10-20 21:58:19'),
(33, 2, 15, 166, '2020-11-14 10:32:53'),
(34, 3, 16, 6, '2021-01-04 10:25:00'),
(35, 5, 19, 168, '2021-01-08 20:34:36'),
(36, 5, 18, 56, '2021-01-08 20:40:37'),
(37, 5, 19, 98, '2021-01-08 20:41:43'),
(38, 5, 20, 54, '2021-01-08 20:45:14'),
(39, 5, 20, 166, '2021-01-08 21:11:39'),
(40, 5, 20, 167, '2021-01-08 21:14:52'),
(41, 1, 20, 161, '2021-01-08 21:15:05'),
(42, 1, 20, 164, '2021-01-08 21:16:48'),
(43, 4, 22, 167, '2021-02-03 16:49:02'),
(44, 5, 26, 167, '2022-05-18 14:33:08'),
(45, 4, 26, 162, '2022-05-18 14:34:24'),
(46, 5, 26, 35, '2022-05-18 15:32:51'),
(47, 3, 26, 83, '2022-05-18 15:33:20'),
(48, 5, 26, 168, '2022-05-18 15:33:55'),
(49, 4, 26, 103, '2022-05-18 15:34:46'),
(50, 2, 26, 165, '2022-05-18 15:35:11'),
(51, 4, 27, 24, '2022-05-18 15:36:23'),
(52, 5, 27, 4, '2022-05-18 15:37:17'),
(53, 4, 27, 167, '2022-05-18 15:38:13'),
(54, 5, 27, 8, '2022-05-18 15:42:15'),
(55, 5, 27, 165, '2022-05-18 15:42:28'),
(56, 5, 27, 164, '2022-05-18 15:42:33'),
(57, 5, 27, 168, '2022-05-18 15:42:40'),
(58, 4, 27, 98, '2022-05-18 15:42:54'),
(59, 5, 27, 7, '2022-05-18 15:43:01'),
(60, 5, 27, 162, '2022-05-18 15:43:28'),
(61, 4, 27, 3, '2022-05-18 15:43:46'),
(62, 5, 27, 133, '2022-05-18 15:44:23'),
(63, 3, 27, 71, '2022-05-18 15:44:34'),
(64, 5, 27, 161, '2022-05-18 15:44:43'),
(65, 5, 27, 99, '2022-05-18 15:45:29'),
(66, 4, 27, 5, '2022-05-18 15:46:00'),
(67, 5, 26, 163, '2022-05-18 15:47:46'),
(68, 5, 26, 1, '2022-05-18 15:47:54'),
(69, 5, 28, 22, '2022-05-18 15:50:13'),
(70, 5, 28, 66, '2022-05-18 15:50:26'),
(71, 4, 28, 148, '2022-05-18 15:50:41'),
(72, 4, 28, 47, '2022-05-18 15:50:53'),
(73, 5, 28, 161, '2022-05-18 15:51:07');

-- --------------------------------------------------------

--
-- 表的结构 `type`
--

CREATE TABLE `type` (
  `id` int(11) NOT NULL COMMENT '主键',
  `typename` varchar(255) DEFAULT NULL COMMENT '音乐类型名称',
  `createtime` varchar(255) DEFAULT NULL COMMENT '添加时间'
) ENGINE=InnoDB DEFAULT CHARSET=utf8 COMMENT='音乐类型表';

--
-- 转存表中的数据 `type`
--

INSERT INTO `type` (`id`, `typename`, `createtime`) VALUES
(1, '流行', '2020-02-07 20:38:47'),
(2, '摇滚', '2020-02-07 20:38:51'),
(3, '民谣', '2020-02-07 20:38:54'),
(4, '电子', '2020-02-07 20:38:58'),
(5, '舞曲', '2020-02-07 20:39:00'),
(6, '说唱', '2020-02-07 20:39:04'),
(7, '轻音乐', '2020-02-07 20:39:10'),
(8, '爵士', '2020-02-07 20:39:12'),
(9, '乡村', '2020-02-07 20:39:19'),
(10, 'R&B/Soul', '2020-02-07 20:39:23'),
(11, '古典', '2020-02-07 20:39:30'),
(12, '民族', '2020-02-07 20:39:33'),
(13, '英伦', '2020-02-07 20:39:36'),
(14, '金属', '2020-02-07 20:39:38'),
(15, '朋克', '2020-02-07 20:39:42'),
(16, '蓝调', '2020-02-07 20:39:44'),
(17, '雷鬼', '2020-02-07 20:39:46'),
(18, '世界音乐', '2020-02-07 20:39:51'),
(19, '拉丁', '2020-02-07 20:40:04'),
(20, 'New Age', '2020-02-07 20:40:06'),
(21, '古风', '2020-02-07 20:40:13'),
(22, '后摇', '2020-02-07 20:40:16'),
(23, 'Bossa Nova', '2020-02-07 20:40:21');

-- --------------------------------------------------------

--
-- 表的结构 `user`
--

CREATE TABLE `user` (
  `id` int(11) NOT NULL COMMENT '主键',
  `username` varchar(255) DEFAULT NULL COMMENT '用户名',
  `password` varchar(255) DEFAULT NULL COMMENT '密码',
  `email` varchar(255) DEFAULT NULL COMMENT '邮箱',
  `header` varchar(255) DEFAULT NULL COMMENT '头像',
  `createtime` varchar(255) DEFAULT NULL COMMENT '添加时间'
) ENGINE=InnoDB DEFAULT CHARSET=utf8 COMMENT='用户表';

--
-- 转存表中的数据 `user`
--

INSERT INTO `user` (`id`, `username`, `password`, `email`, `header`, `createtime`) VALUES
(1, 'line', '1', 'a511873822@qq.com', '2020_02_14_16_10_03_003_658616.jpg', '2020-02-07 21:30:00'),
(2, 'linge', '1', '726877@qq.com', 'default.jpg', '2020-02-07 21:30:39'),
(3, 'line1', '1', '1', 'default.jpg', '2020-02-14 10:41:00'),
(4, '1', '2', '123456', 'default.jpg', '2020-02-14 11:31:12'),
(5, '11', '1', '1', 'default.jpg', '2020-02-14 11:44:43'),
(6, '111', '1', '1', 'default.jpg', '2020-02-14 11:45:48'),
(7, '222', '1', '1', 'default.jpg', '2020-02-14 11:46:55'),
(8, '3', '3', '3', 'default.jpg', '2020-02-14 12:03:04'),
(9, '2', '1', '2', 'default.jpg', '2020-04-18 09:43:35'),
(10, '1111', '1', '1', 'default.jpg', '2020-10-15 22:46:10'),
(11, '22', '123456', '2', 'default.jpg', '2020-10-16 17:38:10'),
(14, '00', '123456', '2@qq.com', '2020_10_19_22_47_53_117569_312200.jpg', '2020-10-19 22:47:19'),
(15, 'user726875', '1', '726875@qq.com', 'default.jpg', '2020-11-14 10:27:16'),
(16, 'a', '123456', '1457604789@qq.com', 'default.jpg', '2021-01-04 09:26:32'),
(17, 'hh', '123', '123@163.com', 'default.jpg', '2021-01-04 10:00:19'),
(18, 'tt', '123', '1252555545@qq.com', 'default.jpg', '2021-01-08 20:23:36'),
(19, 'yyy', '123', '4141@qq.com', 'default.jpg', '2021-01-08 20:30:46'),
(20, 'qq', '123', '4242@qq.com', 'default.jpg', '2021-01-08 20:44:21'),
(21, '1710411101', 'aaasss', '915181875@qq.com', 'default.jpg', '2021-01-10 18:13:57'),
(22, 'user1', '1', '1@qq.com', 'default.jpg', '2021-02-03 16:48:45'),
(23, '哈哈哈', '111111', '11@qq.com', 'default.jpg', '2021-02-28 21:58:11'),
(24, 'test', 'aaaaaa', '11@qq.com', 'default.jpg', '2021-02-28 21:58:44'),
(25, 'ttt', 'zzzzzaaaaa', '11@qq.com', 'default.jpg', '2021-02-28 22:06:19'),
(26, 'ceshi', 'sxggz0306', '2539909370@qq.com', 'default.jpg', '2022-05-18 14:21:48'),
(27, '张三', 'adminzxc123', 'admin@qq.com', 'default.jpg', '2022-05-18 15:35:48'),
(28, 'sisi', 'adminzxc123', 'sasda@qq.com', 'default.jpg', '2022-05-18 15:48:35');

--
-- 转储表的索引
--

--
-- 表的索引 `auth_group`
--
ALTER TABLE `auth_group`
  ADD PRIMARY KEY (`id`),
  ADD UNIQUE KEY `name` (`name`);

--
-- 表的索引 `auth_group_permissions`
--
ALTER TABLE `auth_group_permissions`
  ADD PRIMARY KEY (`id`),
  ADD UNIQUE KEY `auth_group_permissions_group_id_permission_id_0cd325b0_uniq` (`group_id`,`permission_id`),
  ADD KEY `auth_group_permissio_permission_id_84c5c92e_fk_auth_perm` (`permission_id`);

--
-- 表的索引 `auth_permission`
--
ALTER TABLE `auth_permission`
  ADD PRIMARY KEY (`id`),
  ADD UNIQUE KEY `auth_permission_content_type_id_codename_01ab375a_uniq` (`content_type_id`,`codename`);

--
-- 表的索引 `auth_user`
--
ALTER TABLE `auth_user`
  ADD PRIMARY KEY (`id`),
  ADD UNIQUE KEY `username` (`username`);

--
-- 表的索引 `auth_user_groups`
--
ALTER TABLE `auth_user_groups`
  ADD PRIMARY KEY (`id`),
  ADD UNIQUE KEY `auth_user_groups_user_id_group_id_94350c0c_uniq` (`user_id`,`group_id`),
  ADD KEY `auth_user_groups_group_id_97559544_fk_auth_group_id` (`group_id`);

--
-- 表的索引 `auth_user_user_permissions`
--
ALTER TABLE `auth_user_user_permissions`
  ADD PRIMARY KEY (`id`),
  ADD UNIQUE KEY `auth_user_user_permissions_user_id_permission_id_14a6b632_uniq` (`user_id`,`permission_id`),
  ADD KEY `auth_user_user_permi_permission_id_1fbb5f2c_fk_auth_perm` (`permission_id`);

--
-- 表的索引 `collection`
--
ALTER TABLE `collection`
  ADD PRIMARY KEY (`id`),
  ADD KEY `1` (`userid`),
  ADD KEY `2` (`musicid`);

--
-- 表的索引 `comment`
--
ALTER TABLE `comment`
  ADD PRIMARY KEY (`id`),
  ADD KEY `musicid` (`musicid`),
  ADD KEY `parentid` (`parentid`),
  ADD KEY `userid` (`userid`);

--
-- 表的索引 `django_admin_log`
--
ALTER TABLE `django_admin_log`
  ADD PRIMARY KEY (`id`),
  ADD KEY `django_admin_log_content_type_id_c4bce8eb_fk_django_co` (`content_type_id`),
  ADD KEY `django_admin_log_user_id_c564eba6_fk_auth_user_id` (`user_id`);

--
-- 表的索引 `django_content_type`
--
ALTER TABLE `django_content_type`
  ADD PRIMARY KEY (`id`),
  ADD UNIQUE KEY `django_content_type_app_label_model_76bd3d3b_uniq` (`app_label`,`model`);

--
-- 表的索引 `django_migrations`
--
ALTER TABLE `django_migrations`
  ADD PRIMARY KEY (`id`);

--
-- 表的索引 `django_session`
--
ALTER TABLE `django_session`
  ADD PRIMARY KEY (`session_key`),
  ADD KEY `django_session_expire_date_a5c62663` (`expire_date`);

--
-- 表的索引 `labelrecord`
--
ALTER TABLE `labelrecord`
  ADD PRIMARY KEY (`id`),
  ADD KEY `userid` (`userid`),
  ADD KEY `typeid` (`typeid`);

--
-- 表的索引 `music`
--
ALTER TABLE `music`
  ADD PRIMARY KEY (`id`),
  ADD KEY `5` (`typeid`);

--
-- 表的索引 `playlist`
--
ALTER TABLE `playlist`
  ADD PRIMARY KEY (`id`),
  ADD KEY `userid` (`userid`);

--
-- 表的索引 `playlistrecord`
--
ALTER TABLE `playlistrecord`
  ADD PRIMARY KEY (`id`),
  ADD KEY `musicid` (`musicid`),
  ADD KEY `playlistid` (`playlistid`);

--
-- 表的索引 `playrecord`
--
ALTER TABLE `playrecord`
  ADD PRIMARY KEY (`id`),
  ADD KEY `userid` (`userid`),
  ADD KEY `musicid` (`musicid`);

--
-- 表的索引 `scorerecord`
--
ALTER TABLE `scorerecord`
  ADD PRIMARY KEY (`id`),
  ADD KEY `6` (`userid`),
  ADD KEY `7` (`musicid`);

--
-- 表的索引 `type`
--
ALTER TABLE `type`
  ADD PRIMARY KEY (`id`);

--
-- 表的索引 `user`
--
ALTER TABLE `user`
  ADD PRIMARY KEY (`id`);

--
-- 在导出的表使用AUTO_INCREMENT
--

--
-- 使用表AUTO_INCREMENT `auth_group`
--
ALTER TABLE `auth_group`
  MODIFY `id` int(11) NOT NULL AUTO_INCREMENT, AUTO_INCREMENT=2;

--
-- 使用表AUTO_INCREMENT `auth_group_permissions`
--
ALTER TABLE `auth_group_permissions`
  MODIFY `id` int(11) NOT NULL AUTO_INCREMENT, AUTO_INCREMENT=31;

--
-- 使用表AUTO_INCREMENT `auth_permission`
--
ALTER TABLE `auth_permission`
  MODIFY `id` int(11) NOT NULL AUTO_INCREMENT, AUTO_INCREMENT=65;

--
-- 使用表AUTO_INCREMENT `auth_user`
--
ALTER TABLE `auth_user`
  MODIFY `id` int(11) NOT NULL AUTO_INCREMENT, AUTO_INCREMENT=3;

--
-- 使用表AUTO_INCREMENT `auth_user_groups`
--
ALTER TABLE `auth_user_groups`
  MODIFY `id` int(11) NOT NULL AUTO_INCREMENT, AUTO_INCREMENT=2;

--
-- 使用表AUTO_INCREMENT `auth_user_user_permissions`
--
ALTER TABLE `auth_user_user_permissions`
  MODIFY `id` int(11) NOT NULL AUTO_INCREMENT;

--
-- 使用表AUTO_INCREMENT `collection`
--
ALTER TABLE `collection`
  MODIFY `id` int(11) NOT NULL AUTO_INCREMENT COMMENT '主键', AUTO_INCREMENT=45;

--
-- 使用表AUTO_INCREMENT `comment`
--
ALTER TABLE `comment`
  MODIFY `id` int(11) NOT NULL AUTO_INCREMENT COMMENT '主键', AUTO_INCREMENT=39;

--
-- 使用表AUTO_INCREMENT `django_admin_log`
--
ALTER TABLE `django_admin_log`
  MODIFY `id` int(11) NOT NULL AUTO_INCREMENT, AUTO_INCREMENT=15;

--
-- 使用表AUTO_INCREMENT `django_content_type`
--
ALTER TABLE `django_content_type`
  MODIFY `id` int(11) NOT NULL AUTO_INCREMENT, AUTO_INCREMENT=17;

--
-- 使用表AUTO_INCREMENT `django_migrations`
--
ALTER TABLE `django_migrations`
  MODIFY `id` int(11) NOT NULL AUTO_INCREMENT, AUTO_INCREMENT=19;

--
-- 使用表AUTO_INCREMENT `labelrecord`
--
ALTER TABLE `labelrecord`
  MODIFY `id` int(11) NOT NULL AUTO_INCREMENT COMMENT '主键', AUTO_INCREMENT=106;

--
-- 使用表AUTO_INCREMENT `music`
--
ALTER TABLE `music`
  MODIFY `id` int(11) NOT NULL AUTO_INCREMENT COMMENT '主键', AUTO_INCREMENT=170;

--
-- 使用表AUTO_INCREMENT `playlist`
--
ALTER TABLE `playlist`
  MODIFY `id` int(11) NOT NULL AUTO_INCREMENT, AUTO_INCREMENT=18;

--
-- 使用表AUTO_INCREMENT `playlistrecord`
--
ALTER TABLE `playlistrecord`
  MODIFY `id` int(11) NOT NULL AUTO_INCREMENT COMMENT '主键', AUTO_INCREMENT=28;

--
-- 使用表AUTO_INCREMENT `playrecord`
--
ALTER TABLE `playrecord`
  MODIFY `id` int(11) NOT NULL AUTO_INCREMENT COMMENT '主键', AUTO_INCREMENT=129;

--
-- 使用表AUTO_INCREMENT `scorerecord`
--
ALTER TABLE `scorerecord`
  MODIFY `id` int(11) NOT NULL AUTO_INCREMENT COMMENT '主键', AUTO_INCREMENT=74;

--
-- 使用表AUTO_INCREMENT `type`
--
ALTER TABLE `type`
  MODIFY `id` int(11) NOT NULL AUTO_INCREMENT COMMENT '主键', AUTO_INCREMENT=24;

--
-- 使用表AUTO_INCREMENT `user`
--
ALTER TABLE `user`
  MODIFY `id` int(11) NOT NULL AUTO_INCREMENT COMMENT '主键', AUTO_INCREMENT=29;

--
-- 限制导出的表
--

--
-- 限制表 `auth_group_permissions`
--
ALTER TABLE `auth_group_permissions`
  ADD CONSTRAINT `auth_group_permissio_permission_id_84c5c92e_fk_auth_perm` FOREIGN KEY (`permission_id`) REFERENCES `auth_permission` (`id`),
  ADD CONSTRAINT `auth_group_permissions_group_id_b120cbf9_fk_auth_group_id` FOREIGN KEY (`group_id`) REFERENCES `auth_group` (`id`);

--
-- 限制表 `auth_permission`
--
ALTER TABLE `auth_permission`
  ADD CONSTRAINT `auth_permission_content_type_id_2f476e4b_fk_django_co` FOREIGN KEY (`content_type_id`) REFERENCES `django_content_type` (`id`);

--
-- 限制表 `auth_user_groups`
--
ALTER TABLE `auth_user_groups`
  ADD CONSTRAINT `auth_user_groups_group_id_97559544_fk_auth_group_id` FOREIGN KEY (`group_id`) REFERENCES `auth_group` (`id`),
  ADD CONSTRAINT `auth_user_groups_user_id_6a12ed8b_fk_auth_user_id` FOREIGN KEY (`user_id`) REFERENCES `auth_user` (`id`);

--
-- 限制表 `auth_user_user_permissions`
--
ALTER TABLE `auth_user_user_permissions`
  ADD CONSTRAINT `auth_user_user_permi_permission_id_1fbb5f2c_fk_auth_perm` FOREIGN KEY (`permission_id`) REFERENCES `auth_permission` (`id`),
  ADD CONSTRAINT `auth_user_user_permissions_user_id_a95ead1b_fk_auth_user_id` FOREIGN KEY (`user_id`) REFERENCES `auth_user` (`id`);

--
-- 限制表 `collection`
--
ALTER TABLE `collection`
  ADD CONSTRAINT `1` FOREIGN KEY (`userid`) REFERENCES `user` (`id`),
  ADD CONSTRAINT `2` FOREIGN KEY (`musicid`) REFERENCES `music` (`id`);

--
-- 限制表 `comment`
--
ALTER TABLE `comment`
  ADD CONSTRAINT `comment_ibfk_1` FOREIGN KEY (`musicid`) REFERENCES `music` (`id`),
  ADD CONSTRAINT `comment_ibfk_2` FOREIGN KEY (`parentid`) REFERENCES `comment` (`id`),
  ADD CONSTRAINT `comment_ibfk_3` FOREIGN KEY (`userid`) REFERENCES `user` (`id`);

--
-- 限制表 `django_admin_log`
--
ALTER TABLE `django_admin_log`
  ADD CONSTRAINT `django_admin_log_content_type_id_c4bce8eb_fk_django_co` FOREIGN KEY (`content_type_id`) REFERENCES `django_content_type` (`id`),
  ADD CONSTRAINT `django_admin_log_user_id_c564eba6_fk_auth_user_id` FOREIGN KEY (`user_id`) REFERENCES `auth_user` (`id`);

--
-- 限制表 `labelrecord`
--
ALTER TABLE `labelrecord`
  ADD CONSTRAINT `labelrecord_ibfk_1` FOREIGN KEY (`userid`) REFERENCES `user` (`id`),
  ADD CONSTRAINT `labelrecord_ibfk_2` FOREIGN KEY (`typeid`) REFERENCES `type` (`id`);

--
-- 限制表 `music`
--
ALTER TABLE `music`
  ADD CONSTRAINT `5` FOREIGN KEY (`typeid`) REFERENCES `type` (`id`);

--
-- 限制表 `playlist`
--
ALTER TABLE `playlist`
  ADD CONSTRAINT `playlist_ibfk_1` FOREIGN KEY (`userid`) REFERENCES `user` (`id`);

--
-- 限制表 `playlistrecord`
--
ALTER TABLE `playlistrecord`
  ADD CONSTRAINT `playlistrecord_ibfk_2` FOREIGN KEY (`musicid`) REFERENCES `music` (`id`),
  ADD CONSTRAINT `playlistrecord_ibfk_3` FOREIGN KEY (`playlistid`) REFERENCES `playlist` (`id`);

--
-- 限制表 `playrecord`
--
ALTER TABLE `playrecord`
  ADD CONSTRAINT `playrecord_ibfk_1` FOREIGN KEY (`userid`) REFERENCES `user` (`id`),
  ADD CONSTRAINT `playrecord_ibfk_2` FOREIGN KEY (`musicid`) REFERENCES `music` (`id`);

--
-- 限制表 `scorerecord`
--
ALTER TABLE `scorerecord`
  ADD CONSTRAINT `6` FOREIGN KEY (`userid`) REFERENCES `user` (`id`),
  ADD CONSTRAINT `7` FOREIGN KEY (`musicid`) REFERENCES `music` (`id`);
COMMIT;

/*!40101 SET CHARACTER_SET_CLIENT=@OLD_CHARACTER_SET_CLIENT */;
/*!40101 SET CHARACTER_SET_RESULTS=@OLD_CHARACTER_SET_RESULTS */;
/*!40101 SET COLLATION_CONNECTION=@OLD_COLLATION_CONNECTION */;
